target_region,budget_retrains,budget_fraction,policy,mean_mae
CNA,0,0.0,action_value,2.294296961478447
CNA,0,0.0,mmd,2.294296961478447
CNA,0,0.0,wasserstein,2.294296961478447
CNA,0,0.0,distance,2.294296961478447
CNA,0,0.0,mean_shift,2.294296961478447
CNA,0,0.0,kl_source_target,2.294296961478447
CNA,0,0.0,oracle,2.294296961478447
CNA,0,0.0,random_expected,2.294296961478447
CNA,1,0.03333333333333333,action_value,2.2902199719866667
CNA,1,0.03333333333333333,mmd,2.2931762197835988
CNA,1,0.03333333333333333,wasserstein,2.2933812446563397
CNA,1,0.03333333333333333,distance,2.293527310002522
CNA,1,0.03333333333333333,mean_shift,2.2933812446563397
CNA,1,0.03333333333333333,kl_source_target,2.2931762197835988
CNA,1,0.03333333333333333,oracle,2.288678945553358
CNA,1,0.03333333333333333,random_expected,2.2923692070113293
CNA,2,0.06666666666666667,action_value,2.29025944615608
CNA,2,0.06666666666666667,mmd,2.2929276684148854
CNA,2,0.06666666666666667,wasserstein,2.2931005941995934
CNA,2,0.06666666666666667,distance,2.2933581122842193
CNA,2,0.06666666666666667,mean_shift,2.2931005941995934
CNA,2,0.06666666666666667,kl_source_target,2.2929276684148854
CNA,2,0.06666666666666667,oracle,2.283079097123996
CNA,2,0.06666666666666667,random_expected,2.2904414525442114
CNA,3,0.1,action_value,2.289667702841614
CNA,3,0.1,mmd,2.287309652489796
CNA,3,0.1,wasserstein,2.28752297432909
CNA,3,0.1,distance,2.287986931114074
CNA,3,0.1,mean_shift,2.28752297432909
CNA,3,0.1,kl_source_target,2.287309652489796
CNA,3,0.1,oracle,2.2775014772534923
CNA,3,0.1,random_expected,2.2885136980770935
CNA,4,0.13333333333333333,action_value,2.284185148405884
CNA,4,0.13333333333333333,mmd,2.281709804060434
CNA,4,0.13333333333333333,wasserstein,2.281904958404
CNA,4,0.13333333333333333,distance,2.2824738988366486
CNA,4,0.13333333333333333,mean_shift,2.283445984837309
CNA,4,0.13333333333333333,kl_source_target,2.2817966202123707
CNA,4,0.13333333333333333,oracle,2.271988444976067
CNA,4,0.13333333333333333,random_expected,2.2865859436099756
CNA,5,0.16666666666666666,action_value,2.2788139672357386
CNA,5,0.16666666666666666,mmd,2.281606091978525
CNA,5,0.16666666666666666,wasserstein,2.2816564070352867
CNA,5,0.16666666666666666,distance,2.282373111355976
CNA,5,0.16666666666666666,mean_shift,2.283485459006722
CNA,5,0.16666666666666666,kl_source_target,2.2816958327316987
CNA,5,0.16666666666666666,oracle,2.266505890540337
CNA,5,0.16666666666666666,random_expected,2.2846581891428577
CNA,6,0.2,action_value,2.2732363473652346
CNA,6,0.2,mmd,2.2808177556757516
CNA,6,0.2,wasserstein,2.2805356653404383
CNA,6,0.2,distance,2.281278124288337
CNA,6,0.2,mean_shift,2.282893715692256
CNA,6,0.2,kl_source_target,2.2806008456640594
CNA,6,0.2,oracle,2.2611347093701912
CNA,6,0.2,random_expected,2.2827304346757398
CNA,7,0.23333333333333334,action_value,2.2684037776071375
CNA,7,0.23333333333333334,mmd,2.2761131849054883
CNA,7,0.23333333333333334,wasserstein,2.280431953258529
CNA,7,0.23333333333333334,distance,2.2809974738315906
CNA,7,0.23333333333333334,mean_shift,2.282325966277442
CNA,7,0.23333333333333334,kl_source_target,2.2750009972346974
CNA,7,0.23333333333333334,oracle,2.256302139612094
CNA,7,0.23333333333333334,random_expected,2.280802680208622
CNA,8,0.26666666666666666,action_value,2.2683085293847864
CNA,8,0.26666666666666666,mmd,2.2748065791037533
CNA,8,0.26666666666666666,wasserstein,2.2796436169557563
CNA,8,0.26666666666666666,distance,2.2800817570094836
CNA,8,0.26666666666666666,mean_shift,2.282336726902646
CNA,8,0.26666666666666666,kl_source_target,2.274212660931924
CNA,8,0.26666666666666666,oracle,2.2515975688418304
CNA,8,0.26666666666666666,random_expected,2.278874925741504
CNA,9,0.3,action_value,2.2636039586145227
CNA,9,0.3,mmd,2.274326125930434
CNA,9,0.3,wasserstein,2.2740437685263943
CNA,9,0.3,distance,2.27450413713898
CNA,9,0.3,mean_shift,2.2821521988697073
CNA,9,0.3,kl_source_target,2.274108948850015
CNA,9,0.3,oracle,2.24752057935005
CNA,9,0.3,random_expected,2.276947171274386
CNA,10,0.3333333333333333,action_value,2.2580909263370974
CNA,10,0.3333333333333333,mmd,2.274045475473687
CNA,10,0.3333333333333333,wasserstein,2.2699667790346134
CNA,10,0.3333333333333333,distance,2.26888612121389
CNA,10,0.3333333333333333,mean_shift,2.2774476280994436
CNA,10,0.3333333333333333,kl_source_target,2.269276379091918
CNA,10,0.3333333333333333,oracle,2.246213973548315
CNA,10,0.3333333333333333,random_expected,2.275019416807268
CNA,11,0.36666666666666664,action_value,2.257921728618795
CNA,11,0.36666666666666664,mmd,2.2684678556031836
CNA,11,0.36666666666666664,wasserstein,2.2693750357201474
CNA,11,0.36666666666666664,distance,2.267765379519042
CNA,11,0.36666666666666664,mean_shift,2.2761410222977085
CNA,11,0.36666666666666664,kl_source_target,2.268736814005553
CNA,11,0.36666666666666664,oracle,2.2450932318534664
CNA,11,0.36666666666666664,random_expected,2.2730916623401503
CNA,12,0.4,action_value,2.257014676724395
CNA,12,0.4,mmd,2.267552138781076
CNA,12,0.4,wasserstein,2.2694145098895606
CNA,12,0.4,distance,2.2675168281503284
CNA,12,0.4,mean_shift,2.275660569124389
CNA,12,0.4,kl_source_target,2.2678956047358216
CNA,12,0.4,oracle,2.243998244785827
CNA,12,0.4,random_expected,2.2711639078730324
CNA,13,0.43333333333333335,action_value,2.2567340262676487
CNA,13,0.43333333333333335,mmd,2.266710929511345
CNA,13,0.43333333333333335,wasserstein,2.2694252705147644
CNA,13,0.43333333333333335,distance,2.267413116068419
CNA,13,0.43333333333333335,mean_shift,2.2755597816437168
CNA,13,0.43333333333333335,kl_source_target,2.2674151515625023
CNA,13,0.43333333333333335,oracle,2.2430825279637197
CNA,13,0.43333333333333335,random_expected,2.2692361534059144
CNA,14,0.4666666666666667,action_value,2.2559643747917235
CNA,14,0.4666666666666667,mmd,2.26617136442498
CNA,14,0.4666666666666667,wasserstein,2.2688575210999504
CNA,14,0.4666666666666667,distance,2.2666247797656465
CNA,14,0.4666666666666667,mean_shift,2.2744647945760774
CNA,14,0.4666666666666667,kl_source_target,2.2661085457607673
CNA,14,0.4666666666666667,oracle,2.24217547606932
CNA,14,0.4666666666666667,random_expected,2.2673083989387965
CNA,15,0.5,action_value,2.255048657969616
CNA,15,0.5,mmd,2.261338794666883
CNA,15,0.5,wasserstein,2.2686729930670118
CNA,15,0.5,distance,2.2610249313362845
CNA,15,0.5,mean_shift,2.2689517622986526
CNA,15,0.5,kl_source_target,2.2614039749905035
CNA,15,0.5,oracle,2.241334266799589
CNA,15,0.5,random_expected,2.2653806444716786
CNA,16,0.5333333333333333,action_value,2.2548641299366774
CNA,16,0.5333333333333333,mmd,2.260771045252069
CNA,16,0.5333333333333333,wasserstein,2.263840423308914
CNA,16,0.5333333333333333,distance,2.2555423769005545
CNA,16,0.5333333333333333,mean_shift,2.2688565140763015
CNA,16,0.5333333333333333,kl_source_target,2.260488258168396
CNA,16,0.5333333333333333,oracle,2.240545930496815
CNA,16,0.5333333333333333,random_expected,2.2634528900045603
CNA,17,0.5666666666666667,action_value,2.2543245648503127
CNA,17,0.5666666666666667,mmd,2.26058651721913
CNA,17,0.5666666666666667,wasserstein,2.2633008582225496
CNA,17,0.5666666666666667,distance,2.2546353250061544
CNA,17,0.5666666666666667,mean_shift,2.2679494621819014
CNA,17,0.5666666666666667,kl_source_target,2.2549106382978925
CNA,17,0.5666666666666667,oracle,2.23977627902089
CNA,17,0.5666666666666667,random_expected,2.2615251355374424
CNA,18,0.6,action_value,2.253844111676993
CNA,18,0.6,mmd,2.2605972778443335
CNA,18,0.6,wasserstein,2.2624596489528184
CNA,18,0.6,distance,2.2545400767838033
CNA,18,0.6,mean_shift,2.2624669077461714
CNA,18,0.6,kl_source_target,2.254629987841146
CNA,18,0.6,oracle,2.239184535706424
CNA,18,0.6,random_expected,2.2595973810703245
CNA,19,0.6333333333333333,action_value,2.248244263247631
CNA,19,0.6333333333333333,mmd,2.2600055345298675
CNA,19,0.6333333333333333,wasserstein,2.261364661885179
CNA,19,0.6333333333333333,distance,2.2540596236104835
CNA,19,0.6333333333333333,mean_shift,2.2570957265760256
CNA,19,0.6333333333333333,kl_source_target,2.2492588066710004
CNA,19,0.6333333333333333,oracle,2.23861678629161
CNA,19,0.6333333333333333,random_expected,2.2576696266032066
CNA,20,0.6666666666666666,action_value,2.248143475766959
CNA,20,0.6666666666666666,mmd,2.255928545038087
CNA,20,0.6666666666666666,wasserstein,2.2612638744045066
CNA,20,0.6666666666666666,distance,2.252753017808749
CNA,20,0.6666666666666666,mean_shift,2.2563260751001004
CNA,20,0.6666666666666666,kl_source_target,2.249089608952698
CNA,20,0.6666666666666666,oracle,2.2380772212052453
CNA,20,0.6666666666666666,random_expected,2.2557418721360887
CNA,21,0.7,action_value,2.2473022664972278
CNA,21,0.7,mmd,2.2559680192075002
CNA,21,0.7,wasserstein,2.2557508421270813
CNA,21,0.7,distance,2.248048447038485
CNA,21,0.7,mean_shift,2.256156877381798
CNA,21,0.7,kl_source_target,2.248319957476773
CNA,21,0.7,oracle,2.237596768031926
CNA,21,0.7,random_expected,2.2538141176689708
CNA,22,0.7333333333333333,action_value,2.241684250572138
CNA,22,0.7333333333333333,mmd,2.254873032139861
CNA,22,0.7333333333333333,wasserstein,2.2544442363253467
CNA,22,0.7333333333333333,distance,2.2475088819521205
CNA,22,0.7333333333333333,mean_shift,2.2550361356869497
CNA,22,0.7333333333333333,kl_source_target,2.247412905582373
CNA,22,0.7333333333333333,oracle,2.2373161175751792
CNA,22,0.7333333333333333,random_expected,2.251886363201853
CNA,23,0.7666666666666667,action_value,2.2403776447704034
CNA,23,0.7666666666666667,mmd,2.2547722446591885
CNA,23,0.7666666666666667,wasserstein,2.253963783152027
CNA,23,0.7666666666666667,distance,2.2466676726823893
CNA,23,0.7666666666666667,mean_shift,2.2547875843182363
CNA,23,0.7666666666666667,kl_source_target,2.2473176573600218
CNA,23,0.7666666666666667,oracle,2.237067566206466
CNA,23,0.7666666666666667,random_expected,2.249958608734735
CNA,24,0.8,action_value,2.239282657702764
CNA,24,0.8,mmd,2.2492592123817636
CNA,24,0.8,wasserstein,2.2492592123817636
CNA,24,0.8,distance,2.241835102924292
CNA,24,0.8,mean_shift,2.249169568393147
CNA,24,0.8,kl_source_target,2.241835102924292
CNA,24,0.8,oracle,2.2368830381735276
CNA,24,0.8,random_expected,2.248030854267617
CNA,25,0.8333333333333334,action_value,2.2392934183279674
CNA,25,0.8333333333333334,mmd,2.243888031211618
CNA,25,0.8333333333333334,wasserstein,2.2437766579460336
CNA,25,0.8333333333333334,distance,2.241650574891353
CNA,25,0.8333333333333334,mean_shift,2.2483283591234153
CNA,25,0.8333333333333334,kl_source_target,2.241650574891353
CNA,25,0.8333333333333334,oracle,2.236713840455225
CNA,25,0.8333333333333334,random_expected,2.246103099800499
CNA,26,0.8666666666666667,action_value,2.2387256689131534
CNA,26,0.8666666666666667,mmd,2.243118379735692
CNA,26,0.8666666666666667,wasserstein,2.2428696060516335
CNA,26,0.8666666666666667,distance,2.241082825476539
CNA,26,0.8666666666666667,mean_shift,2.2477887940370507
CNA,26,0.8666666666666667,kl_source_target,2.241082825476539
CNA,26,0.8666666666666667,oracle,2.2366101283733157
CNA,26,0.8666666666666667,random_expected,2.2441753453333813
CNA,27,0.9,action_value,2.238621956831244
CNA,27,0.9,mmd,2.24294918201739
CNA,27,0.9,wasserstein,2.2427743578292825
CNA,27,0.9,distance,2.2410935861017425
CNA,27,0.9,mean_shift,2.2429562242789536
CNA,27,0.9,kl_source_target,2.2410935861017425
CNA,27,0.9,oracle,2.2365093408926437
CNA,27,0.9,random_expected,2.2422475908662634
CNA,28,0.9333333333333333,action_value,2.238373405462531
CNA,28,0.9333333333333333,mmd,2.2420421301229903
CNA,28,0.9333333333333333,wasserstein,2.2420047063533572
CNA,28,0.9333333333333333,distance,2.2405018427872765
CNA,28,0.9333333333333333,mean_shift,2.2421678879761804
CNA,28,0.9333333333333333,kl_source_target,2.2405018427872765
CNA,28,0.9333333333333333,oracle,2.2364140926702927
CNA,28,0.9333333333333333,random_expected,2.2403198363991454
CNA,29,0.9666666666666667,action_value,2.237585069159757
CNA,29,0.9666666666666667,mmd,2.241946881900639
CNA,29,0.9666666666666667,wasserstein,2.241835508635055
CNA,29,0.9666666666666667,distance,2.2405413169566897
CNA,29,0.9666666666666667,mean_shift,2.242064175894271
CNA,29,0.9666666666666667,kl_source_target,2.2405413169566897
CNA,29,0.9666666666666667,oracle,2.236424853295496
CNA,29,0.9666666666666667,random_expected,2.2383920819320275
CNA,30,1.0,action_value,2.236464327464909
CNA,30,1.0,mmd,2.236464327464909
CNA,30,1.0,wasserstein,2.236464327464909
CNA,30,1.0,distance,2.236464327464909
CNA,30,1.0,mean_shift,2.236464327464909
CNA,30,1.0,kl_source_target,2.236464327464909
CNA,30,1.0,oracle,2.236464327464909
CNA,30,1.0,random_expected,2.2364643274649096
EAS,0,0.0,action_value,6.476515575900223
EAS,0,0.0,mmd,6.476515575900223
EAS,0,0.0,wasserstein,6.476515575900223
EAS,0,0.0,distance,6.476515575900223
EAS,0,0.0,mean_shift,6.476515575900223
EAS,0,0.0,kl_source_target,6.476515575900223
EAS,0,0.0,oracle,6.476515575900223
EAS,0,0.0,random_expected,6.476515575900223
EAS,1,0.03333333333333333,action_value,6.469848279808507
EAS,1,0.03333333333333333,mmd,6.47602344086676
EAS,1,0.03333333333333333,wasserstein,6.47602344086676
EAS,1,0.03333333333333333,distance,6.475810191848061
EAS,1,0.03333333333333333,mean_shift,6.47602344086676
EAS,1,0.03333333333333333,kl_source_target,6.475983032024269
EAS,1,0.03333333333333333,oracle,6.469848279808507
EAS,1,0.03333333333333333,random_expected,6.47525318937109
EAS,2,0.06666666666666667,action_value,6.4694366421844025
EAS,2,0.06666666666666667,mmd,6.471991305856994
EAS,2,0.06666666666666667,wasserstein,6.471991305856994
EAS,2,0.06666666666666667,distance,6.476219874439818
EAS,2,0.06666666666666667,mean_shift,6.471991305856994
EAS,2,0.06666666666666667,kl_source_target,6.47544175827142
EAS,2,0.06666666666666667,oracle,6.46475133563533
EAS,2,0.06666666666666667,random_expected,6.473990802841958
EAS,3,0.1,action_value,6.4685285217111765
EAS,3,0.1,mmd,6.466894361683817
EAS,3,0.1,wasserstein,6.466894361683817
EAS,3,0.1,distance,6.475948411045652
EAS,3,0.1,mean_shift,6.466894361683817
EAS,3,0.1,kl_source_target,6.474533637798194
EAS,3,0.1,oracle,6.459968849673416
EAS,3,0.1,random_expected,6.472728416312825
EAS,4,0.13333333333333333,action_value,6.463746035749263
EAS,4,0.13333333333333333,mmd,6.465986241210591
EAS,4,0.13333333333333333,wasserstein,6.467016575047465
EAS,4,0.13333333333333333,distance,6.4760011492353495
EAS,4,0.13333333333333333,mean_shift,6.467016575047465
EAS,4,0.13333333333333333,kl_source_target,6.474655851161842
EAS,4,0.13333333333333333,oracle,6.45593671466365
EAS,4,0.13333333333333333,random_expected,6.471466029783692
EAS,5,0.16666666666666666,action_value,6.46256826545253
EAS,5,0.16666666666666666,mmd,6.465444967457743
EAS,5,0.16666666666666666,wasserstein,6.467122575947733
EAS,5,0.16666666666666666,distance,6.475822510141315
EAS,5,0.16666666666666666,mean_shift,6.467122575947733
EAS,5,0.16666666666666666,kl_source_target,6.474761852062111
EAS,5,0.16666666666666666,oracle,6.452193288658605
EAS,5,0.16666666666666666,random_expected,6.4702036432545595
EAS,6,0.2,action_value,6.459925538554336
EAS,6,0.2,mmd,6.464912423581789
EAS,6,0.2,wasserstein,6.466630816459657
EAS,6,0.2,distance,6.4754566509073435
EAS,6,0.2,mean_shift,6.466630816459657
EAS,6,0.2,kl_source_target,6.4742700925740335
EAS,6,0.2,oracle,6.449550561760412
EAS,6,0.2,random_expected,6.468941256725428
EAS,7,0.23333333333333334,action_value,6.460047751917984
EAS,7,0.23333333333333334,mmd,6.464568863204033
EAS,7,0.23333333333333334,wasserstein,6.465520342191061
EAS,7,0.23333333333333334,distance,6.471424515897578
EAS,7,0.23333333333333334,mean_shift,6.465520342191061
EAS,7,0.23333333333333334,kl_source_target,6.473858454949929
EAS,7,0.23333333333333334,oracle,6.447291227831985
EAS,7,0.23333333333333334,random_expected,6.467678870196295
EAS,8,0.26666666666666666,action_value,6.459509399587459
EAS,8,0.26666666666666666,mmd,6.463458388935437
EAS,8,0.26666666666666666,wasserstein,6.465176781813304
EAS,8,0.26666666666666666,distance,6.466327571724401
EAS,8,0.26666666666666666,mean_shift,6.465176781813304
EAS,8,0.26666666666666666,kl_source_target,6.473320102619403
EAS,8,0.26666666666666666,oracle,6.446113457535253
EAS,8,0.26666666666666666,random_expected,6.466416483667162
EAS,9,0.3,action_value,6.4600415498560135
EAS,9,0.3,mmd,6.463990539203992
EAS,9,0.3,wasserstein,6.465708932081859
EAS,9,0.3,distance,6.465835436690938
EAS,9,0.3,mean_shift,6.465708932081859
EAS,9,0.3,kl_source_target,6.472793706185891
EAS,9,0.3,oracle,6.445002983266658
EAS,9,0.3,random_expected,6.465154097138029
EAS,10,0.3333333333333333,action_value,6.459509005980059
EAS,10,0.3333333333333333,mmd,6.459208053242078
EAS,10,0.3333333333333333,wasserstein,6.464800811608634
EAS,10,0.3333333333333333,distance,6.462092010685892
EAS,10,0.3333333333333333,mean_shift,6.460926446119945
EAS,10,0.3333333333333333,kl_source_target,6.472522242791726
EAS,10,0.3333333333333333,oracle,6.443983072006342
EAS,10,0.3333333333333333,random_expected,6.463891710608897
EAS,11,0.36666666666666664,action_value,6.458982609546547
EAS,11,0.36666666666666664,mmd,6.455464627237032
EAS,11,0.36666666666666664,wasserstein,6.464268267732679
EAS,11,0.36666666666666664,distance,6.4573095247239785
EAS,11,0.36666666666666664,mean_shift,6.45990653485963
EAS,11,0.36666666666666664,kl_source_target,6.472931925383482
EAS,11,0.36666666666666664,oracle,6.443074951533116
EAS,11,0.36666666666666664,random_expected,6.4626293240797645
EAS,12,0.4,action_value,6.458441335793698
EAS,12,0.4,mmd,6.454444715976717
EAS,12,0.4,wasserstein,6.463726993979831
EAS,12,0.4,distance,6.456289613463663
EAS,12,0.4,mean_shift,6.456163108854584
EAS,12,0.4,kl_source_target,6.472226541331321
EAS,12,0.4,oracle,6.442369567480954
EAS,12,0.4,random_expected,6.461366937550632
EAS,13,0.43333333333333335,action_value,6.457421424533382
EAS,13,0.43333333333333335,mmd,6.453906363646191
EAS,13,0.43333333333333335,wasserstein,6.463200597546319
EAS,13,0.43333333333333335,distance,6.45511184316693
EAS,13,0.43333333333333335,mean_shift,6.455636712421072
EAS,13,0.43333333333333335,kl_source_target,6.472758691599876
EAS,13,0.43333333333333335,oracle,6.441828293728106
EAS,13,0.43333333333333335,random_expected,6.460104551021499
EAS,14,0.4666666666666667,action_value,6.453677998528336
EAS,14,0.4666666666666667,mmd,6.453379967212679
EAS,14,0.4666666666666667,wasserstein,6.462662245215793
EAS,14,0.4666666666666667,distance,6.448444547075214
EAS,14,0.4666666666666667,mean_shift,6.455098360090546
EAS,14,0.4666666666666667,kl_source_target,6.472415131222119
EAS,14,0.4666666666666667,oracle,6.441289941397581
EAS,14,0.4666666666666667,random_expected,6.458842164492367
EAS,15,0.5,action_value,6.448581054355159
EAS,15,0.5,mmd,6.452968329588574
EAS,15,0.5,wasserstein,6.462250607591688
EAS,15,0.5,distance,6.445801820177021
EAS,15,0.5,mean_shift,6.454686722466442
EAS,15,0.5,kl_source_target,6.4713046569535235
EAS,15,0.5,oracle,6.440757397521626
EAS,15,0.5,random_expected,6.457579777963234
EAS,16,0.5333333333333333,action_value,6.448309590960994
EAS,16,0.5333333333333333,mmd,6.450708995660148
EAS,16,0.5333333333333333,wasserstein,6.457468121629774
EAS,16,0.5333333333333333,distance,6.444893699703795
EAS,16,0.5333333333333333,mean_shift,6.4545080833724064
EAS,16,0.5333333333333333,kl_source_target,6.471357395143221
EAS,16,0.5333333333333333,oracle,6.440231001088113
EAS,16,0.5333333333333333,random_expected,6.456317391434101
EAS,17,0.5666666666666667,action_value,6.448130951866959
EAS,17,0.5666666666666667,mmd,6.45096733013789
EAS,17,0.5666666666666667,wasserstein,6.456448210369459
EAS,17,0.5666666666666667,distance,6.44436115582784
EAS,17,0.5666666666666667,mean_shift,6.4545608215621035
EAS,17,0.5666666666666667,kl_source_target,6.470991535909249
EAS,17,0.5666666666666667,oracle,6.439717914480152
EAS,17,0.5666666666666667,random_expected,6.455055004904969
EAS,18,0.6,action_value,6.447639192378883
EAS,18,0.6,mmd,6.450454243529928
EAS,18,0.6,wasserstein,6.452704784364413
EAS,18,0.6,distance,6.443819882074992
EAS,18,0.6,mean_shift,6.454194962328132
EAS,18,0.6,kl_source_target,6.4708128968152145
EAS,18,0.6,oracle,6.439225779446689
EAS,18,0.6,random_expected,6.453792618375837
EAS,19,0.6333333333333333,action_value,6.447745193279151
EAS,19,0.6333333333333333,mmd,6.450560244430196
EAS,19,0.6333333333333333,wasserstein,6.452338925130442
EAS,19,0.6333333333333333,distance,6.4427094078063964
EAS,19,0.6333333333333333,mean_shift,6.453662418452178
EAS,19,0.6333333333333333,kl_source_target,6.465715952642038
EAS,19,0.6333333333333333,oracle,6.438734019958613
EAS,19,0.6333333333333333,random_expected,6.452530231846704
EAS,20,0.6666666666666666,action_value,6.445485859350725
EAS,20,0.6666666666666666,mmd,6.45006848494212
EAS,20,0.6666666666666666,wasserstein,6.452391663320139
EAS,20,0.6666666666666666,distance,6.442365847428641
EAS,20,0.6666666666666666,mean_shift,6.452754297978952
EAS,20,0.6666666666666666,kl_source_target,6.461683817632272
EAS,20,0.6666666666666666,oracle,6.4383223823345075
EAS,20,0.6666666666666666,random_expected,6.451267845317571
EAS,21,0.7,action_value,6.445142298972969
EAS,21,0.7,mmd,6.450190698305767
EAS,21,0.7,wasserstein,6.452213024226103
EAS,21,0.7,distance,6.442897997697195
EAS,21,0.7,mean_shift,6.452213024226103
EAS,21,0.7,kl_source_target,6.461191682598809
EAS,21,0.7,oracle,6.437956523100536
EAS,21,0.7,random_expected,6.450005458788438
EAS,22,0.7333333333333333,action_value,6.444031824704373
EAS,22,0.7333333333333333,mmd,6.449824839071796
EAS,22,0.7333333333333333,wasserstein,6.451699937618142
EAS,22,0.7333333333333333,distance,6.442359645366669
EAS,22,0.7333333333333333,mean_shift,6.451699937618142
EAS,22,0.7333333333333333,kl_source_target,6.460678595990847
EAS,22,0.7333333333333333,oracle,6.437612962722779
EAS,22,0.7333333333333333,random_expected,6.448743072259306
EAS,23,0.7666666666666667,action_value,6.443539689670911
EAS,23,0.7666666666666667,mmd,6.449646199977761
EAS,23,0.7666666666666667,wasserstein,6.449440603689715
EAS,23,0.7666666666666667,distance,6.441948007742565
EAS,23,0.7666666666666667,mean_shift,6.449440603689715
EAS,23,0.7666666666666667,kl_source_target,6.4609369304685895
EAS,23,0.7666666666666667,oracle,6.437341499328614
EAS,23,0.7666666666666667,random_expected,6.447480685730174
EAS,24,0.8,action_value,6.439507554661145
EAS,24,0.8,mmd,6.449698938167458
EAS,24,0.8,wasserstein,6.449698938167458
EAS,24,0.8,distance,6.441421611309052
EAS,24,0.8,mean_shift,6.449698938167458
EAS,24,0.8,kl_source_target,6.458677596540164
EAS,24,0.8,oracle,6.437162860234579
EAS,24,0.8,random_expected,6.446218299201041
EAS,25,0.8333333333333334,action_value,6.438802170608984
EAS,25,0.8333333333333334,mmd,6.4489935541152965
EAS,25,0.8333333333333334,wasserstein,6.4489935541152965
EAS,25,0.8333333333333334,distance,6.440929851820976
EAS,25,0.8333333333333334,mean_shift,6.4489935541152965
EAS,25,0.8333333333333334,kl_source_target,6.452010300448448
EAS,25,0.8333333333333334,oracle,6.4372155984242765
EAS,25,0.8333333333333334,random_expected,6.444955912671908
EAS,26,0.8666666666666667,action_value,6.438436311375012
EAS,26,0.8666666666666667,mmd,6.449403236707053
EAS,26,0.8666666666666667,wasserstein,6.449403236707053
EAS,26,0.8666666666666667,distance,6.441035852721244
EAS,26,0.8666666666666667,mean_shift,6.449403236707053
EAS,26,0.8666666666666667,kl_source_target,6.4508325301517155
EAS,26,0.8666666666666667,oracle,6.437321599324545
EAS,26,0.8666666666666667,random_expected,6.443693526142776
EAS,27,0.9,action_value,6.438845993966768
EAS,27,0.9,mmd,6.449131773312888
EAS,27,0.9,wasserstein,6.449131773312888
EAS,27,0.9,distance,6.441158066084892
EAS,27,0.9,mean_shift,6.449131773312888
EAS,27,0.9,kl_source_target,6.4481898032535225
EAS,27,0.9,oracle,6.437443812688192
EAS,27,0.9,random_expected,6.442431139613643
EAS,28,0.9333333333333333,action_value,6.438898732156465
EAS,28,0.9333333333333333,mmd,6.447954003016155
EAS,28,0.9333333333333333,wasserstein,6.447954003016155
EAS,28,0.9333333333333333,distance,6.44064497947693
EAS,28,0.9333333333333333,mean_shift,6.447954003016155
EAS,28,0.9333333333333333,kl_source_target,6.447169891993206
EAS,28,0.9333333333333333,oracle,6.437702147165935
EAS,28,0.9333333333333333,random_expected,6.4411687530845105
EAS,29,0.9666666666666667,action_value,6.438385645548504
EAS,29,0.9666666666666667,mmd,6.445311276117962
EAS,29,0.9666666666666667,wasserstein,6.445311276117962
EAS,29,0.9666666666666667,distance,6.4409033139546725
EAS,29,0.9666666666666667,mean_shift,6.445311276117962
EAS,29,0.9666666666666667,kl_source_target,6.44342646598816
EAS,29,0.9666666666666667,oracle,6.438111829757691
EAS,29,0.9666666666666667,random_expected,6.439906366555378
EAS,30,1.0,action_value,6.438643980026246
EAS,30,1.0,mmd,6.438643980026246
EAS,30,1.0,wasserstein,6.438643980026246
EAS,30,1.0,distance,6.438643980026246
EAS,30,1.0,mean_shift,6.438643980026246
EAS,30,1.0,kl_source_target,6.438643980026246
EAS,30,1.0,oracle,6.438643980026246
EAS,30,1.0,random_expected,6.438643980026246
EAU,0,0.0,action_value,2.489842413883157
EAU,0,0.0,mmd,2.489842413883157
EAU,0,0.0,wasserstein,2.489842413883157
EAU,0,0.0,distance,2.489842413883157
EAU,0,0.0,mean_shift,2.489842413883157
EAU,0,0.0,kl_source_target,2.489842413883157
EAU,0,0.0,oracle,2.489842413883157
EAU,0,0.0,random_expected,2.489842413883157
EAU,1,0.03333333333333333,action_value,2.4896953175671372
EAU,1,0.03333333333333333,mmd,2.4902494965252537
EAU,1,0.03333333333333333,wasserstein,2.490253789065455
EAU,1,0.03333333333333333,distance,2.4902316206388617
EAU,1,0.03333333333333333,mean_shift,2.490253789065455
EAU,1,0.03333333333333333,kl_source_target,2.490334540481884
EAU,1,0.03333333333333333,oracle,2.488989741624144
EAU,1,0.03333333333333333,random_expected,2.489769118597784
EAU,2,0.06666666666666667,action_value,2.488892776788023
EAU,2,0.06666666666666667,mmd,2.4899719772991795
EAU,2,0.06666666666666667,wasserstein,2.490138267316594
EAU,2,0.06666666666666667,distance,2.4902141763461576
EAU,2,0.06666666666666667,mean_shift,2.490138267316594
EAU,2,0.06666666666666667,kl_source_target,2.4902939298505773
EAU,2,0.06666666666666667,oracle,2.4881872008450303
EAU,2,0.06666666666666667,random_expected,2.489695823312411
EAU,3,0.1,action_value,2.4887793610699447
EAU,3,0.1,mmd,2.4896616039929054
EAU,3,0.1,wasserstein,2.490001836258346
EAU,3,0.1,distance,2.490084262062405
EAU,3,0.1,mean_shift,2.490001836258346
EAU,3,0.1,kl_source_target,2.490274228528657
EAU,3,0.1,oracle,2.4873978605079126
EAU,3,0.1,random_expected,2.489622528027038
EAU,4,0.13333333333333333,action_value,2.488399790744729
EAU,4,0.13333333333333333,mmd,2.489233571117844
EAU,4,0.13333333333333333,wasserstein,2.4898547399423263
EAU,4,0.13333333333333333,distance,2.4900436514310984
EAU,4,0.13333333333333333,mean_shift,2.4898547399423263
EAU,4,0.13333333333333333,kl_source_target,2.4906813111707544
EAU,4,0.13333333333333333,oracle,2.486752691885578
EAU,4,0.13333333333333333,random_expected,2.4895492327416644
EAU,5,0.16666666666666666,action_value,2.487547118485716
EAU,5,0.16666666666666666,mmd,2.4886883952475847
EAU,5,0.16666666666666666,wasserstein,2.489002067683314
EAU,5,0.16666666666666666,distance,2.4900239501091783
EAU,5,0.16666666666666666,mean_shift,2.489002067683314
EAU,5,0.16666666666666666,kl_source_target,2.49040379194468
EAU,5,0.16666666666666666,oracle,2.4862075160153183
EAU,5,0.16666666666666666,random_expected,2.4894759374562914
EAU,6,0.2,action_value,2.4880747548772093
EAU,6,0.2,mmd,2.489233344405848
EAU,6,0.2,wasserstein,2.4895297040748066
EAU,6,0.2,distance,2.4905160767079058
EAU,6,0.2,mean_shift,2.4895297040748066
EAU,6,0.2,kl_source_target,2.490093418638406
EAU,6,0.2,oracle,2.4857657979138166
EAU,6,0.2,random_expected,2.4894026421709183
EAU,7,0.23333333333333334,action_value,2.488041884902437
EAU,7,0.23333333333333334,mmd,2.488380672146835
EAU,7,0.23333333333333334,wasserstein,2.489936786716904
EAU,7,0.23333333333333334,distance,2.489663404448893
EAU,7,0.23333333333333334,mean_shift,2.489766853528399
EAU,7,0.23333333333333334,kl_source_target,2.489665385763345
EAU,7,0.23333333333333334,oracle,2.485337765038756
EAU,7,0.23333333333333334,random_expected,2.4893293468855453
EAU,8,0.26666666666666666,action_value,2.4872525445653197
EAU,8,0.26666666666666666,mmd,2.4889083085383286
EAU,8,0.26666666666666666,wasserstein,2.48965926749083
EAU,8,0.26666666666666666,distance,2.489516308132873
EAU,8,0.26666666666666666,mean_shift,2.4891216849060642
EAU,8,0.26666666666666666,kl_source_target,2.490210334921608
EAU,8,0.26666666666666666,oracle,2.48495819471354
EAU,8,0.26666666666666666,random_expected,2.4892560516001723
EAU,9,0.3,action_value,2.486810826463818
EAU,9,0.3,mmd,2.488761212222309
EAU,9,0.3,wasserstein,2.489348894184556
EAU,9,0.3,distance,2.4900439445243663
EAU,9,0.3,mean_shift,2.4887421145808486
EAU,9,0.3,kl_source_target,2.4896651590513486
EAU,9,0.3,oracle,2.4846478214072656
EAU,9,0.3,random_expected,2.4891827563147992
EAU,10,0.3333333333333333,action_value,2.4870890160978747
EAU,10,0.3333333333333333,mmd,2.4886312979385563
EAU,10,0.3333333333333333,wasserstein,2.4889208613094946
EAU,10,0.3333333333333333,distance,2.489254604187249
EAU,10,0.3333333333333333,mean_shift,2.4887092446060763
EAU,10,0.3333333333333333,kl_source_target,2.489528727993101
EAU,10,0.3333333333333333,oracle,2.4843703021811914
EAU,10,0.3333333333333333,random_expected,2.489109461029426
EAU,11,0.36666666666666664,action_value,2.487530935602069
EAU,11,0.36666666666666664,mmd,2.488613853645852
EAU,11,0.36666666666666664,wasserstein,2.488375685439235
EAU,11,0.36666666666666664,distance,2.488452063408135
EAU,11,0.36666666666666664,mean_shift,2.4891062419938845
EAU,11,0.36666666666666664,kl_source_target,2.48941320624424
EAU,11,0.36666666666666664,oracle,2.4842232058651716
EAU,11,0.36666666666666664,random_expected,2.489036165744053
EAU,12,0.4,action_value,2.4873945045438215
EAU,12,0.4,mmd,2.4890030604015574
EAU,12,0.4,wasserstein,2.4889206345974983
EAU,12,0.4,distance,2.4887302530421915
EAU,12,0.4,mean_shift,2.4890058677720828
EAU,12,0.4,kl_source_target,2.489824581426538
EAU,12,0.4,oracle,2.484086774806924
EAU,12,0.4,random_expected,2.4889628704586797
EAU,13,0.43333333333333335,action_value,2.487264590260069
EAU,13,0.43333333333333335,mmd,2.4894144355838552
EAU,13,0.43333333333333335,wasserstein,2.4882754659751636
EAU,13,0.43333333333333335,distance,2.4889674024957835
EAU,13,0.43333333333333335,mean_shift,2.488564149670581
EAU,13,0.43333333333333335,kl_source_target,2.4903522178180313
EAU,13,0.43333333333333335,oracle,2.4839568605231714
EAU,13,0.43333333333333335,random_expected,2.4888895751733067
EAU,14,0.4666666666666667,action_value,2.486619421637734
EAU,14,0.4666666666666667,mmd,2.4892780045256075
EAU,14,0.4666666666666667,wasserstein,2.488512615428755
EAU,14,0.4666666666666667,distance,2.488587832170568
EAU,14,0.4666666666666667,mean_shift,2.489006069174776
EAU,14,0.4666666666666667,kl_source_target,2.4894995455590188
EAU,14,0.4666666666666667,oracle,2.483841338774311
EAU,14,0.4666666666666667,random_expected,2.4888162798879336
EAU,15,0.5,action_value,2.4865997203158146
EAU,15,0.5,mmd,2.489162482776747
EAU,15,0.5,wasserstein,2.4881330451035395
EAU,15,0.5,distance,2.487942663548233
EAU,15,0.5,mean_shift,2.488892653456697
EAU,15,0.5,kl_source_target,2.489352449242999
EAU,15,0.5,oracle,2.483727923056232
EAU,15,0.5,random_expected,2.4887429846025606
EAU,16,0.5333333333333333,action_value,2.4868368697694065
EAU,16,0.5333333333333333,mmd,2.489142781454827
EAU,16,0.5333333333333333,wasserstein,2.4881001751287672
EAU,16,0.5333333333333333,distance,2.487632290241959
EAU,16,0.5333333333333333,mean_shift,2.4880901126775834
EAU,16,0.5333333333333333,kl_source_target,2.4892225349592465
EAU,16,0.5333333333333333,oracle,2.48362754883443
EAU,16,0.5333333333333333,random_expected,2.4886696893171876
EAU,17,0.5666666666666667,action_value,2.4864088368943458
EAU,17,0.5666666666666667,mmd,2.4896349080535543
EAU,17,0.5666666666666667,wasserstein,2.4879998009069655
EAU,17,0.5666666666666667,distance,2.4880393728840557
EAU,17,0.5666666666666667,mean_shift,2.487300772340466
EAU,17,0.5666666666666667,kl_source_target,2.4896117417149517
EAU,17,0.5666666666666667,oracle,2.4835869382031235
EAU,17,0.5666666666666667,random_expected,2.4885963940318145
EAU,18,0.6,action_value,2.486098463588071
EAU,18,0.6,mmd,2.4895942974222476
EAU,18,0.6,wasserstein,2.4883967982947737
EAU,18,0.6,distance,2.4877618536579815
EAU,18,0.6,mean_shift,2.4875789619745223
EAU,18,0.6,kl_source_target,2.4895942974222476
EAU,18,0.6,oracle,2.4835540682283512
EAU,18,0.6,random_expected,2.4885230987464415
EAU,19,0.6333333333333333,action_value,2.4859980893662694
EAU,19,0.6333333333333333,mmd,2.489831446875839
EAU,19,0.6333333333333333,wasserstein,2.488888924893501
EAU,19,0.6333333333333333,distance,2.488306802816245
EAU,19,0.6333333333333333,mean_shift,2.487561517681818
EAU,19,0.6333333333333333,kl_source_target,2.489831446875839
EAU,19,0.6333333333333333,oracle,2.4835343669064316
EAU,19,0.6333333333333333,random_expected,2.488449803461068
EAU,20,0.6666666666666666,action_value,2.4863950867540776
EAU,20,0.6666666666666666,mmd,2.4894518765506235
EAU,20,0.6666666666666666,wasserstein,2.488848314262194
EAU,20,0.6666666666666666,distance,2.4877616269459852
EAU,20,0.6666666666666666,mean_shift,2.4879507244375234
EAU,20,0.6666666666666666,kl_source_target,2.4894518765506235
EAU,20,0.6666666666666666,oracle,2.483516922613727
EAU,20,0.6666666666666666,random_expected,2.488376508175695
EAU,21,0.7,action_value,2.486279565005217
EAU,21,0.7,mmd,2.4888067079282887
EAU,21,0.7,wasserstein,2.4888286129402744
EAU,21,0.7,distance,2.4873335940709245
EAU,21,0.7,mean_shift,2.487820810153771
EAU,21,0.7,kl_source_target,2.4888067079282887
EAU,21,0.7,oracle,2.483754072067319
EAU,21,0.7,random_expected,2.488303212890322
EAU,22,0.7333333333333333,action_value,2.4862621207125124
EAU,22,0.7333333333333333,mmd,2.4892037053160965
EAU,22,0.7333333333333333,wasserstein,2.4892705324444693
EAU,22,0.7333333333333333,distance,2.487775513575119
EAU,22,0.7333333333333333,mean_shift,2.488365759312034
EAU,22,0.7333333333333333,kl_source_target,2.4890848975623454
EAU,22,0.7333333333333333,oracle,2.4840322617013753
EAU,22,0.7333333333333333,random_expected,2.488229917604949
EAU,23,0.7666666666666667,action_value,2.4866734958948107
EAU,23,0.7666666666666667,mmd,2.4891033310942947
EAU,23,0.7666666666666667,wasserstein,2.4891571167263904
EAU,23,0.7666666666666667,distance,2.4876620978570405
EAU,23,0.7666666666666667,mean_shift,2.4879377264369733
EAU,23,0.7666666666666667,kl_source_target,2.4882823567832317
EAU,23,0.7666666666666667,oracle,2.4844214684570805
EAU,23,0.7666666666666667,random_expected,2.488156622319576
EAU,24,0.8,action_value,2.487062702650516
EAU,24,0.8,mmd,2.489070461119523
EAU,24,0.8,wasserstein,2.488715398624889
EAU,24,0.8,distance,2.4872203797555392
EAU,24,0.8,mean_shift,2.4873925505667134
EAU,24,0.8,kl_source_target,2.4874930164461144
EAU,24,0.8,oracle,2.4848184658448886
EAU,24,0.8,random_expected,2.488083327034203
EAU,25,0.8333333333333334,action_value,2.4870220920192088
EAU,25,0.8333333333333334,mmd,2.488957045401444
EAU,25,0.8333333333333334,wasserstein,2.4891046053805943
EAU,25,0.8333333333333334,distance,2.4876317549378375
EAU,25,0.8333333333333334,mean_shift,2.487884677165441
EAU,25,0.8333333333333334,kl_source_target,2.487890013833922
EAU,25,0.8333333333333334,oracle,2.4852255484869863
EAU,25,0.8333333333333334,random_expected,2.48801003174883
EAU,26,0.8666666666666667,action_value,2.4864769161489493
EAU,26,0.8666666666666667,mmd,2.489398964905639
EAU,26,0.8666666666666667,wasserstein,2.4890871610878897
EAU,26,0.8666666666666667,distance,2.487516233188977
EAU,26,0.8666666666666667,mean_shift,2.487844066534134
EAU,26,0.8666666666666667,kl_source_target,2.4877896396121204
EAU,26,0.8666666666666667,oracle,2.485636923669284
EAU,26,0.8666666666666667,random_expected,2.487936736463457
EAU,27,0.9,action_value,2.4869690427476763
EAU,27,0.9,mmd,2.4889572468041377
EAU,27,0.9,wasserstein,2.4889572468041377
EAU,27,0.9,distance,2.487379802130729
EAU,27,0.9,mean_shift,2.487824365212214
EAU,27,0.9,kl_source_target,2.4877567696373486
EAU,27,0.9,oracle,2.486078843173479
EAU,27,0.9,random_expected,2.4878634411780833
EAU,28,0.9333333333333333,action_value,2.48751399190594
EAU,28,0.9333333333333333,mmd,2.4892354364381943
EAU,28,0.9333333333333333,wasserstein,2.4892354364381943
EAU,28,0.9333333333333333,distance,2.487776799518537
EAU,28,0.9333333333333333,mean_shift,2.4882314478543117
EAU,28,0.9333333333333333,kl_source_target,2.488198689141543
EAU,28,0.9333333333333333,oracle,2.4865709697722065
EAU,28,0.9333333333333333,random_expected,2.4877901458927103
EAU,29,0.9666666666666667,action_value,2.4872364726798657
EAU,29,0.9666666666666667,mmd,2.488446096101077
EAU,29,0.9666666666666667,wasserstein,2.488446096101077
EAU,29,0.9666666666666667,distance,2.487676425296735
EAU,29,0.9666666666666667,mean_shift,2.4879539286282375
EAU,29,0.9666666666666667,kl_source_target,2.487756971040042
EAU,29,0.9666666666666667,oracle,2.4870986061636997
EAU,29,0.9666666666666667,random_expected,2.4877168506073373
EAU,30,1.0,action_value,2.4876435553219634
EAU,30,1.0,mmd,2.4876435553219634
EAU,30,1.0,wasserstein,2.4876435553219634
EAU,30,1.0,distance,2.4876435553219634
EAU,30,1.0,mean_shift,2.4876435553219634
EAU,30,1.0,kl_source_target,2.4876435553219634
EAU,30,1.0,oracle,2.4876435553219634
EAU,30,1.0,random_expected,2.4876435553219642
ENA,0,0.0,action_value,3.132411382298817
ENA,0,0.0,mmd,3.132411382298817
ENA,0,0.0,wasserstein,3.132411382298817
ENA,0,0.0,distance,3.132411382298817
ENA,0,0.0,mean_shift,3.132411382298817
ENA,0,0.0,kl_source_target,3.132411382298817
ENA,0,0.0,oracle,3.132411382298817
ENA,0,0.0,random_expected,3.132411382298817
ENA,1,0.03333333333333333,action_value,3.124896349212676
ENA,1,0.03333333333333333,mmd,3.1317628235348027
ENA,1,0.03333333333333333,wasserstein,3.1315147415736018
ENA,1,0.03333333333333333,distance,3.131667684290753
ENA,1,0.03333333333333333,mean_shift,3.1315147415736018
ENA,1,0.03333333333333333,kl_source_target,3.132018131268892
ENA,1,0.03333333333333333,oracle,3.124896349212676
ENA,1,0.03333333333333333,random_expected,3.130088161860897
ENA,2,0.06666666666666667,action_value,3.1239997084874607
ENA,2,0.06666666666666667,mmd,3.1317185968883794
ENA,2,0.06666666666666667,wasserstein,3.1314221397974786
ENA,2,0.06666666666666667,distance,3.131547004753298
ENA,2,0.06666666666666667,mean_shift,3.1314221397974786
ENA,2,0.06666666666666667,kl_source_target,3.1318530105082925
ENA,2,0.06666666666666667,oracle,3.117442867856373
ENA,2,0.06666666666666667,random_expected,3.127764941422977
ENA,3,0.1,action_value,3.1239071067113375
ENA,3,0.1,mmd,3.1262012889711026
ENA,3,0.1,wasserstein,3.1239071067113375
ENA,3,0.1,distance,3.124093523396995
ENA,3,0.1,mean_shift,3.1239071067113375
ENA,3,0.1,kl_source_target,3.1261167310206823
ENA,3,0.1,oracle,3.110011321009347
ENA,3,0.1,random_expected,3.1254417209850573
ENA,4,0.13333333333333333,action_value,3.1191129302917617
ENA,4,0.13333333333333333,mmd,3.1188648314007086
ENA,4,0.13333333333333333,wasserstein,3.1183897987940608
ENA,4,0.13333333333333333,distance,3.1167134749630554
ENA,4,0.13333333333333333,mean_shift,3.1183897987940608
ENA,4,0.13333333333333333,kl_source_target,3.1260528586833414
ENA,4,0.13333333333333333,oracle,3.1025839067510264
ENA,4,0.13333333333333333,random_expected,3.1231185005471374
ENA,5,0.16666666666666666,action_value,3.1116855160334405
ENA,5,0.16666666666666666,mmd,3.118830832911329
ENA,5,0.16666666666666666,wasserstein,3.1183455721476374
ENA,5,0.16666666666666666,distance,3.116649602625714
ENA,5,0.16666666666666666,mean_shift,3.1183455721476374
ENA,5,0.16666666666666666,kl_source_target,3.1186728102494015
ENA,5,0.16666666666666666,oracle,3.0952038583170864
ENA,5,0.16666666666666666,random_expected,3.1207952801092174
ENA,6,0.2,action_value,3.104253969186415
ENA,6,0.2,mmd,3.118115146467664
ENA,6,0.2,wasserstein,3.1176970133836237
ENA,6,0.2,distance,3.115864849608215
ENA,6,0.2,mean_shift,3.1176970133836237
ENA,6,0.2,kl_source_target,3.1178880572319025
ENA,6,0.2,oracle,3.087867400746693
ENA,6,0.2,random_expected,3.1184720596712974
ENA,7,0.23333333333333334,action_value,3.098517689698805
ENA,7,0.23333333333333334,mmd,3.117180083111633
ENA,7,0.23333333333333334,wasserstein,3.1176331410462823
ENA,7,0.23333333333333334,distance,3.115772247832092
ENA,7,0.23333333333333334,mean_shift,3.1176331410462823
ENA,7,0.23333333333333334,kl_source_target,3.117843830585479
ENA,7,0.23333333333333334,oracle,3.0821311212590827
ENA,7,0.23333333333333334,random_expected,3.1161488392333774
ENA,8,0.26666666666666666,action_value,3.0976057407271353
ENA,8,0.26666666666666666,mmd,3.116924021557678
ENA,8,0.26666666666666666,wasserstein,3.1168483880287834
ENA,8,0.26666666666666666,distance,3.114875607106877
ENA,8,0.26666666666666666,mean_shift,3.1168483880287834
ENA,8,0.26666666666666666,kl_source_target,3.1123265226682024
ENA,8,0.26666666666666666,oracle,3.076613813341806
ENA,8,0.26666666666666666,random_expected,3.113825618795458
ENA,9,0.3,action_value,3.0966706773711037
ENA,9,0.3,mmd,3.1094966072993566
ENA,9,0.3,wasserstein,3.1094683395948435
ENA,9,0.3,distance,3.107360574020736
ENA,9,0.3,mean_shift,3.1094683395948435
ENA,9,0.3,kl_source_target,3.1116779639041883
ENA,9,0.3,oracle,3.0718196369222297
ENA,9,0.3,random_expected,3.111502398357538
ENA,10,0.3333333333333333,action_value,3.0964587709379985
ENA,10,0.3333333333333333,mmd,3.1088315784093825
ENA,10,0.3333333333333333,wasserstein,3.10213188202445
ENA,10,0.3333333333333333,distance,3.099933159762415
ENA,10,0.3333333333333333,mean_shift,3.10213188202445
ENA,10,0.3333333333333333,kl_source_target,3.111421902350233
ENA,10,0.3333333333333333,oracle,3.0708845735661976
ENA,10,0.3333333333333333,random_expected,3.109179177919618
ENA,11,0.36666666666666664,action_value,3.0962027093840434
ENA,11,0.36666666666666664,mmd,3.108686564282287
ENA,11,0.36666666666666664,wasserstein,3.101416195580785
ENA,11,0.36666666666666664,distance,3.098998096406383
ENA,11,0.36666666666666664,mean_shift,3.101416195580785
ENA,11,0.36666666666666664,kl_source_target,3.1039944880919124
ENA,11,0.36666666666666664,oracle,3.0699726245945285
ENA,11,0.36666666666666664,random_expected,3.106855957481698
ENA,12,0.4,action_value,3.08874922802774
ENA,12,0.4,mmd,3.1083096493630267
ENA,12,0.4,wasserstein,3.101382197091405
ENA,12,0.4,distance,3.0987420348524277
ENA,12,0.4,mean_shift,3.101382197091405
ENA,12,0.4,kl_source_target,3.103059424735881
ENA,12,0.4,oracle,3.0690759838693134
ENA,12,0.4,random_expected,3.104532737043778
ENA,13,0.43333333333333335,action_value,3.0880053992244014
ENA,13,0.43333333333333335,mmd,3.1075658205596874
ENA,13,0.43333333333333335,wasserstein,3.10112613553745
ENA,13,0.43333333333333335,distance,3.0985860216815495
ENA,13,0.43333333333333335,mean_shift,3.1012371829643097
ENA,13,0.43333333333333335,kl_source_target,3.102903411565003
ENA,13,0.43333333333333335,oracle,3.0682912308518144
ENA,13,0.43333333333333335,random_expected,3.102209516605858
ENA,14,0.4666666666666667,action_value,3.0876121481944767
ENA,14,0.4666666666666667,mmd,3.1074098073888097
ENA,14,0.4666666666666667,wasserstein,3.1001910721814188
ENA,14,0.4666666666666667,distance,3.0978421928782107
ENA,14,0.4666666666666667,mean_shift,3.1008602680450497
ENA,14,0.4666666666666667,kl_source_target,3.102159582761664
ENA,14,0.4666666666666667,oracle,3.0675474020484756
ENA,14,0.4666666666666667,random_expected,3.0998862961679383
ENA,15,0.5,action_value,3.0802320997605372
ENA,15,0.5,mmd,3.099978260541784
ENA,15,0.5,wasserstein,3.092763657923098
ENA,15,0.5,distance,3.0904106460311853
ENA,15,0.5,mean_shift,3.100195239155076
ENA,15,0.5,kl_source_target,3.0947280359146387
ENA,15,0.5,oracle,3.066803704040412
ENA,15,0.5,random_expected,3.0975630757300183
ENA,16,0.5333333333333333,action_value,3.080076086589659
ENA,16,0.5333333333333333,mmd,3.092524779185481
ENA,16,0.5333333333333333,wasserstein,3.085332111076072
ENA,16,0.5333333333333333,distance,3.0830741884607913
ENA,16,0.5333333333333333,mean_shift,3.09276369230805
ENA,16,0.5333333333333333,kl_source_target,3.0938313951894236
ENA,16,0.5333333333333333,oracle,3.0660880175967473
ENA,16,0.5333333333333333,random_expected,3.0952398552920983
ENA,17,0.5666666666666667,action_value,3.0799109658290593
ENA,17,0.5666666666666667,mmd,3.092404099648026
ENA,17,0.5666666666666667,wasserstein,3.0851760979051943
ENA,17,0.5666666666666667,distance,3.0823585020171267
ENA,17,0.5666666666666667,mean_shift,3.0920198635047114
ENA,17,0.5666666666666667,kl_source_target,3.0863163621032825
ENA,17,0.5666666666666667,oracle,3.065422988706773
ENA,17,0.5666666666666667,random_expected,3.0929166348541783
ENA,18,0.6,action_value,3.079167267820996
ENA,18,0.6,mmd,3.0916604016399623
ENA,18,0.6,wasserstein,3.084432269101855
ENA,18,0.6,distance,3.0823245035277465
ENA,18,0.6,mean_shift,3.091863850333833
ENA,18,0.6,kl_source_target,3.0862237603271594
ENA,18,0.6,oracle,3.06477442994276
ENA,18,0.6,random_expected,3.0905934144162583
ENA,19,0.6333333333333333,action_value,3.0790465882835405
ENA,19,0.6333333333333333,mmd,3.091596529302621
ENA,19,0.6333333333333333,wasserstein,3.0842872549747598
ENA,19,0.6333333333333333,distance,3.0821125970946412
ENA,19,0.6333333333333333,mean_shift,3.0916987295732334
ENA,19,0.6333333333333333,kl_source_target,3.085508073883495
ENA,19,0.6333333333333333,oracle,3.0643811789128352
ENA,19,0.6333333333333333,random_expected,3.088270193978339
ENA,20,0.6666666666666666,action_value,3.071710130713147
ENA,20,0.6666666666666666,mmd,3.090811776285122
ENA,20,0.6666666666666666,wasserstein,3.083910340055499
ENA,20,0.6666666666666666,distance,3.081200648122972
ENA,20,0.6666666666666666,mean_shift,3.091305478543309
ENA,20,0.6666666666666666,kl_source_target,3.0781716163131008
ENA,20,0.6666666666666666,oracle,3.064004263993575
ENA,20,0.6666666666666666,random_expected,3.085946973540419
ENA,21,0.7,action_value,3.0709253776956476
ENA,21,0.7,mmd,3.0834317278511825
ENA,21,0.7,wasserstein,3.083245311165525
ENA,21,0.7,distance,3.076406471703396
ENA,21,0.7,mean_shift,3.085569199055699
ENA,21,0.7,kl_source_target,3.078137617823721
ENA,21,0.7,oracle,3.06374820243962
ENA,21,0.7,random_expected,3.083623753102499
ENA,22,0.7333333333333333,action_value,3.0654080697783708
ENA,22,0.7333333333333333,mmd,3.0825197788795133
ENA,22,0.7333333333333333,wasserstein,3.0828520601356004
ENA,22,0.7333333333333333,distance,3.076241350942796
ENA,22,0.7333333333333333,mean_shift,3.084634135699667
ENA,22,0.7333333333333333,kl_source_target,3.0773939198156572
ENA,22,0.7333333333333333,oracle,3.063536296006515
ENA,22,0.7333333333333333,random_expected,3.081300532664579
ENA,23,0.7666666666666667,action_value,3.0653441974410294
ENA,23,0.7666666666666667,mmd,3.077725602459937
ENA,23,0.7666666666666667,wasserstein,3.0771157806479907
ENA,23,0.7666666666666667,distance,3.075848099912872
ENA,23,0.7666666666666667,mean_shift,3.0772067214413457
ENA,23,0.7666666666666667,kl_source_target,3.0699404384593545
ENA,23,0.7666666666666667,oracle,3.0633711752459147
ENA,23,0.7666666666666667,random_expected,3.078977312226659
ENA,24,0.8,action_value,3.0646285109973648
ENA,24,0.8,mmd,3.077513696026832
ENA,24,0.8,wasserstein,3.0769506598873906
ENA,24,0.8,distance,3.0701118204252618
ENA,24,0.8,mean_shift,3.0769506598873906
ENA,24,0.8,kl_source_target,3.0698197589218994
ENA,24,0.8,oracle,3.063215162075037
ENA,24,0.8,random_expected,3.0766540917887393
ENA,25,0.8333333333333334,action_value,3.0639799522333515
ENA,25,0.8333333333333334,mmd,3.077120444996907
ENA,25,0.8333333333333334,wasserstein,3.0762069618793273
ENA,25,0.8333333333333334,distance,3.064594512507985
ENA,25,0.8333333333333334,mean_shift,3.0762069618793273
ENA,25,0.8333333333333334,kl_source_target,3.06890780995023
ENA,25,0.8333333333333334,oracle,3.063070147947941
ENA,25,0.8333333333333334,random_expected,3.0743308713508193
ENA,26,0.8666666666666667,action_value,3.0639459537439717
ENA,26,0.8666666666666667,mmd,3.0769553242363075
ENA,26,0.8666666666666667,wasserstein,3.0760862823418718
ENA,26,0.8666666666666667,distance,3.0639459537439717
ENA,26,0.8666666666666667,mean_shift,3.0760862823418718
ENA,26,0.8666666666666667,kl_source_target,3.068695903517124
ENA,26,0.8666666666666667,oracle,3.062949468410486
ENA,26,0.8666666666666667,random_expected,3.0720076509128993
ENA,27,0.9,action_value,3.0639017270975484
ENA,27,0.9,mmd,3.0712190447486973
ENA,27,0.9,wasserstein,3.068632800985569
ENA,27,0.9,distance,3.0639017270975484
ENA,27,0.9,mean_shift,3.068632800985569
ENA,27,0.9,kl_source_target,3.0639017270975484
ENA,27,0.9,oracle,3.062856866634363
ENA,27,0.9,random_expected,3.0696844304749793
ENA,28,0.9333333333333333,action_value,3.0632366982075743
ENA,28,0.9333333333333333,mmd,3.0703224040234827
ENA,28,0.9333333333333333,wasserstein,3.0677208520139
ENA,28,0.9333333333333333,distance,3.063524812178288
ENA,28,0.9333333333333333,mean_shift,3.0677208520139
ENA,28,0.9333333333333333,kl_source_target,3.063524812178288
ENA,28,0.9333333333333333,oracle,3.0627929942970216
ENA,28,0.9333333333333333,random_expected,3.0673612100370593
ENA,29,0.9666666666666667,action_value,3.062859783288314
ENA,29,0.9666666666666667,mmd,3.0702298022473595
ENA,29,0.9666666666666667,wasserstein,3.0675089455807947
ENA,29,0.9666666666666667,distance,3.0633797980511925
ENA,29,0.9666666666666667,mean_shift,3.0675089455807947
ENA,29,0.9666666666666667,kl_source_target,3.0633797980511925
ENA,29,0.9666666666666667,oracle,3.0627487676505982
ENA,29,0.9666666666666667,random_expected,3.0650379895991398
ENA,30,1.0,action_value,3.0627147691612184
ENA,30,1.0,mmd,3.0627147691612184
ENA,30,1.0,wasserstein,3.0627147691612184
ENA,30,1.0,distance,3.0627147691612184
ENA,30,1.0,mean_shift,3.0627147691612184
ENA,30,1.0,kl_source_target,3.0627147691612184
ENA,30,1.0,oracle,3.0627147691612184
ENA,30,1.0,random_expected,3.0627147691612198
MED,0,0.0,action_value,1.8064701911062
MED,0,0.0,mmd,1.8064701911062
MED,0,0.0,wasserstein,1.8064701911062
MED,0,0.0,distance,1.8064701911062
MED,0,0.0,mean_shift,1.8064701911062
MED,0,0.0,kl_source_target,1.8064701911062
MED,0,0.0,oracle,1.8064701911062
MED,0,0.0,random_expected,1.8064701911062
MED,1,0.03333333333333333,action_value,1.8064006324857471
MED,1,0.03333333333333333,mmd,1.8061430659993147
MED,1,0.03333333333333333,wasserstein,1.8061167794575048
MED,1,0.03333333333333333,distance,1.8053271819632954
MED,1,0.03333333333333333,mean_shift,1.8061167794575048
MED,1,0.03333333333333333,kl_source_target,1.8062878981081205
MED,1,0.03333333333333333,oracle,1.8047468261172372
MED,1,0.03333333333333333,random_expected,1.8063615676919174
MED,2,0.06666666666666667,action_value,1.8064738110949594
MED,2,0.06666666666666667,mmd,1.8062416560554162
MED,2,0.06666666666666667,wasserstein,1.8064234453548742
MED,2,0.06666666666666667,distance,1.805713169721932
MED,2,0.06666666666666667,mean_shift,1.8064234453548742
MED,2,0.06666666666666667,kl_source_target,1.8065118248112557
MED,2,0.06666666666666667,oracle,1.8036038169743327
MED,2,0.06666666666666667,random_expected,1.8062529442776345
MED,3,0.1,action_value,1.806497497980793
MED,3,0.1,mmd,1.8063366300964012
MED,3,0.1,wasserstein,1.806429592580572
MED,3,0.1,distance,1.8054595082483398
MED,3,0.1,mean_shift,1.806429592580572
MED,3,0.1,kl_source_target,1.8065355116970894
MED,3,0.1,oracle,1.8029145294179516
MED,3,0.1,random_expected,1.8061443208633519
MED,4,0.13333333333333333,action_value,1.8066427664210396
MED,4,0.13333333333333333,mmd,1.8062819885317143
MED,4,0.13333333333333333,wasserstein,1.8063600339601191
MED,4,0.13333333333333333,distance,1.8056047766885863
MED,4,0.13333333333333333,mean_shift,1.8063600339601191
MED,4,0.13333333333333333,kl_source_target,1.8061821000483944
MED,4,0.13333333333333333,oracle,1.8022632133579106
MED,4,0.13333333333333333,random_expected,1.8060356974490692
MED,5,0.16666666666666666,action_value,1.8049194014320769
MED,5,0.16666666666666666,mmd,1.8063164280954653
MED,5,0.16666666666666666,wasserstein,1.806324016860103
MED,5,0.16666666666666666,distance,1.805990975050301
MED,5,0.16666666666666666,mean_shift,1.806324016860103
MED,5,0.16666666666666666,kl_source_target,1.8064887659457638
MED,5,0.16666666666666666,oracle,1.801872492990479
MED,5,0.16666666666666666,random_expected,1.8059270740347864
MED,6,0.2,action_value,1.8050143754730619
MED,6,0.2,mmd,1.8060889402237845
MED,6,0.2,wasserstein,1.8056347293037223
MED,6,0.2,distance,1.8057125255768376
MED,6,0.2,mean_shift,1.8056347293037223
MED,6,0.2,kl_source_target,1.8064949131714616
MED,6,0.2,oracle,1.8014935764537108
MED,6,0.2,random_expected,1.8058184506205037
MED,7,0.23333333333333334,action_value,1.804959733908375
MED,7,0.23333333333333334,mmd,1.8061621188329968
MED,7,0.23333333333333334,wasserstein,1.805307604196837
MED,7,0.23333333333333334,distance,1.80578570418605
MED,7,0.23333333333333334,mean_shift,1.805255812766954
MED,7,0.23333333333333334,kl_source_target,1.806593503227563
MED,7,0.23333333333333334,oracle,1.8011328014598142
MED,7,0.23333333333333334,random_expected,1.805709827206221
MED,8,0.26666666666666666,action_value,1.8047060724347828
MED,8,0.26666666666666666,mmd,1.8057832022962286
MED,8,0.26666666666666666,wasserstein,1.8054061942529385
MED,8,0.26666666666666666,distance,1.806170201828567
MED,8,0.26666666666666666,mean_shift,1.8056403104094711
MED,8,0.26666666666666666,kl_source_target,1.8062663781206778
MED,8,0.26666666666666666,oracle,1.800779389811119
MED,8,0.26666666666666666,random_expected,1.8056012037919382
MED,9,0.3,action_value,1.8047122196604806
MED,9,0.3,mmd,1.8061676999387457
MED,9,0.3,wasserstein,1.8055011682939235
MED,9,0.3,distance,1.8057912852917988
MED,9,0.3,mean_shift,1.8057134890186832
MED,9,0.3,kl_source_target,1.8063613521616628
MED,9,0.3,oracle,1.800449033054273
MED,9,0.3,random_expected,1.8054925803776556
MED,10,0.3333333333333333,action_value,1.8046762025604643
MED,10,0.3333333333333333,mmd,1.806474365836115
MED,10,0.3333333333333333,wasserstein,1.8054465267292366
MED,10,0.3333333333333333,distance,1.8058149721776324
MED,10,0.3333333333333333,mean_shift,1.8053227686512516
MED,10,0.3333333333333333,kl_source_target,1.8063067105969757
MED,10,0.3333333333333333,oracle,1.8001219079473878
MED,10,0.3333333333333333,random_expected,1.805383956963373
MED,11,0.36666666666666664,action_value,1.8050607002029815
MED,11,0.36666666666666664,mmd,1.806480513061813
MED,11,0.36666666666666664,wasserstein,1.8052190388575555
MED,11,0.36666666666666664,distance,1.8060388988807676
MED,11,0.36666666666666664,mean_shift,1.8073508972983532
MED,11,0.36666666666666664,kl_source_target,1.8060792227252949
MED,11,0.36666666666666664,oracle,1.7998434584739242
MED,11,0.36666666666666664,random_expected,1.80527533354909
MED,12,0.4,action_value,1.8052846269061165
MED,12,0.4,mmd,1.8061271014131177
MED,12,0.4,wasserstein,1.8052534784213068
MED,12,0.4,distance,1.8058566058826881
MED,12,0.4,mean_shift,1.8069901223044567
MED,12,0.4,kl_source_target,1.8061136622890461
MED,12,0.4,oracle,1.7995897970003323
MED,12,0.4,random_expected,1.8051667101348075
MED,13,0.43333333333333335,action_value,1.8056708252678313
MED,13,0.43333333333333335,mmd,1.8059448084150382
MED,13,0.43333333333333335,wasserstein,1.805637976063824
MED,13,0.43333333333333335,distance,1.8054658855152566
MED,13,0.43333333333333335,mean_shift,1.8073761100630932
MED,13,0.43333333333333335,kl_source_target,1.8081417909361477
MED,13,0.43333333333333335,oracle,1.7993623091286512
MED,13,0.43333333333333335,random_expected,1.8050580867205246
MED,14,0.4666666666666667,action_value,1.8049815377114506
MED,14,0.4666666666666667,mmd,1.8061687351181734
MED,14,0.4666666666666667,wasserstein,1.8052590595270557
MED,14,0.4666666666666667,distance,1.807494014162358
MED,14,0.4666666666666667,mean_shift,1.8062331009201884
MED,14,0.4666666666666667,kl_source_target,1.8077810159422512
MED,14,0.4666666666666667,oracle,1.7991800161305718
MED,14,0.4666666666666667,random_expected,1.804949463306242
MED,15,0.5,action_value,1.8045908173440188
MED,15,0.5,mmd,1.806192422004007
MED,15,0.5,wasserstein,1.8053322381362678
MED,15,0.5,distance,1.8071332391684616
MED,15,0.5,mean_shift,1.8059794394465962
MED,15,0.5,kl_source_target,1.8073902955748196
MED,15,0.5,oracle,1.7991104575101189
MED,15,0.5,random_expected,1.8048408398919593
MED,16,0.5333333333333333,action_value,1.8042119008072506
MED,16,0.5333333333333333,mmd,1.8082205506511086
MED,16,0.5333333333333333,wasserstein,1.8049415177688362
MED,16,0.5333333333333333,distance,1.8067798275197664
MED,16,0.5333333333333333,mean_shift,1.8060744134875815
MED,16,0.5333333333333333,kl_source_target,1.8073542784748033
MED,16,0.5333333333333333,oracle,1.799055815945432
MED,16,0.5333333333333333,random_expected,1.8047322164776765
MED,17,0.5666666666666667,action_value,1.8038815440504046
MED,17,0.5666666666666667,mmd,1.807829830283677
MED,17,0.5666666666666667,wasserstein,1.8069696464159377
MED,17,0.5666666666666667,distance,1.8067859747454642
MED,17,0.5666666666666667,mean_shift,1.806173003543683
MED,17,0.5666666666666667,kl_source_target,1.8066649909184227
MED,17,0.5666666666666667,oracle,1.7990197988454155
MED,17,0.5666666666666667,random_expected,1.8046235930633938
MED,18,0.6,action_value,1.803699251052325
MED,18,0.6,mmd,1.8074690552897805
MED,18,0.6,wasserstein,1.8066088714220414
MED,18,0.6,distance,1.8070926406428336
MED,18,0.6,mean_shift,1.8058458784367977
MED,18,0.6,kl_source_target,1.8065954322979698
MED,18,0.6,oracle,1.7990259460711135
MED,18,0.6,random_expected,1.8045149696491112
MED,19,0.6333333333333333,action_value,1.8034208015788618
MED,19,0.6333333333333333,mmd,1.8067797677333999
MED,19,0.6333333333333333,wasserstein,1.8069948591806777
MED,19,0.6333333333333333,distance,1.8064413245827926
MED,19,0.6333333333333333,mean_shift,1.8060698051399329
MED,19,0.6333333333333333,kl_source_target,1.8062165157612013
MED,19,0.6333333333333333,oracle,1.7990496329569472
MED,19,0.6333333333333333,random_expected,1.8044063462348283
MED,20,0.6666666666666666,action_value,1.8035193916349632
MED,20,0.6666666666666666,mmd,1.806710209112947
MED,20,0.6666666666666666,wasserstein,1.805851850037773
MED,20,0.6666666666666666,distance,1.8047179595938299
MED,20,0.6666666666666666,mean_shift,1.8058875121418534
MED,20,0.6666666666666666,kl_source_target,1.8066010134037185
MED,20,0.6666666666666666,oracle,1.7990840725206985
MED,20,0.6666666666666666,random_expected,1.8042977228205457
MED,21,0.7,action_value,1.802868075574922
MED,21,0.7,mmd,1.8066741920129308
MED,21,0.7,wasserstein,1.8055981885641808
MED,21,0.7,distance,1.8043876028369836
MED,21,0.7,mean_shift,1.805911199027687
MED,21,0.7,kl_source_target,1.8066741920129308
MED,21,0.7,oracle,1.7991572511299105
MED,21,0.7,random_expected,1.804189099406263
MED,22,0.7333333333333333,action_value,1.8029025151386733
MED,22,0.7333333333333333,mmd,1.8063957425394674
MED,22,0.7333333333333333,wasserstein,1.8054158955661015
MED,22,0.7333333333333333,distance,1.8036983152806028
MED,22,0.7333333333333333,mean_shift,1.8056837111560062
MED,22,0.7333333333333333,kl_source_target,1.8060228759528898
MED,22,0.7333333333333333,oracle,1.7992522251708958
MED,22,0.7333333333333333,random_expected,1.8040804759919802
MED,23,0.7666666666666667,action_value,1.802575390031788
MED,23,0.7666666666666667,mmd,1.806781940901182
MED,23,0.7666666666666667,wasserstein,1.8054395824519351
MED,23,0.7666666666666667,distance,1.8036287566601499
MED,23,0.7666666666666667,mean_shift,1.805629069591319
MED,23,0.7666666666666667,kl_source_target,1.8042995109639268
MED,23,0.7666666666666667,oracle,1.7993508152269972
MED,23,0.7666666666666667,random_expected,1.8039718525776975
MED,24,0.8,action_value,1.8029613777904245
MED,24,0.8,mmd,1.8069272093414286
MED,24,0.8,wasserstein,1.8056635091550703
MED,24,0.8,distance,1.8035927395601337
MED,24,0.8,mean_shift,1.8056635091550703
MED,24,0.8,kl_source_target,1.8039691542070808
MED,24,0.8,oracle,1.7994960836672438
MED,24,0.8,random_expected,1.803863229163415
MED,25,0.8333333333333334,action_value,1.8027338899187437
MED,25,0.8333333333333334,mmd,1.8066735478678366
MED,25,0.8333333333333334,wasserstein,1.8050121930950291
MED,25,0.8333333333333334,distance,1.8032656144532484
MED,25,0.8333333333333334,mean_shift,1.8050121930950291
MED,25,0.8333333333333334,kl_source_target,1.8036907047336175
MED,25,0.8333333333333334,oracle,1.799720010370379
MED,25,0.8333333333333334,random_expected,1.803754605749132
MED,26,0.8666666666666667,action_value,1.803040555816113
MED,26,0.8666666666666667,mmd,1.8055305387249316
MED,26,0.8666666666666667,wasserstein,1.8046818363381831
MED,26,0.8666666666666667,distance,1.8033642045093499
MED,26,0.8666666666666667,mean_shift,1.8046818363381831
MED,26,0.8666666666666667,kl_source_target,1.804076903095332
MED,26,0.8666666666666667,oracle,1.8000266762677484
MED,26,0.8666666666666667,random_expected,1.8036459823348494
MED,27,0.9,action_value,1.8018975466732081
MED,27,0.9,mmd,1.8059165264835682
MED,27,0.9,wasserstein,1.8029584713492204
MED,27,0.9,distance,1.8034591785503349
MED,27,0.9,mean_shift,1.8029584713492204
MED,27,0.9,kl_source_target,1.8042221715355786
MED,27,0.9,oracle,1.8004111739102655
MED,27,0.9,random_expected,1.8035373589205668
MED,28,0.9333333333333333,action_value,1.8015441350245132
MED,28,0.9333333333333333,mmd,1.8052652104235272
MED,28,0.9333333333333333,wasserstein,1.802680021875757
MED,28,0.9333333333333333,distance,1.803231690678654
MED,28,0.9333333333333333,mean_shift,1.802680021875757
MED,28,0.9333333333333333,kl_source_target,1.8030791623926739
MED,28,0.9333333333333333,oracle,1.800797161668902
MED,28,0.9333333333333333,random_expected,1.803428735506284
MED,29,0.9666666666666667,action_value,1.8011833600306166
MED,29,0.9666666666666667,mmd,1.804934853666681
MED,29,0.9666666666666667,wasserstein,1.8030662202374717
MED,29,0.9666666666666667,distance,1.8032661302424053
MED,29,0.9666666666666667,mean_shift,1.8030662202374717
MED,29,0.9666666666666667,kl_source_target,1.8034651501513104
MED,29,0.9666666666666667,oracle,1.8011833600306166
MED,29,0.9666666666666667,random_expected,1.8033201120920013
MED,30,1.0,action_value,1.8032114886777182
MED,30,1.0,mmd,1.8032114886777182
MED,30,1.0,wasserstein,1.8032114886777182
MED,30,1.0,distance,1.8032114886777182
MED,30,1.0,mean_shift,1.8032114886777182
MED,30,1.0,kl_source_target,1.8032114886777182
MED,30,1.0,oracle,1.8032114886777182
MED,30,1.0,random_expected,1.8032114886777186
NCA,0,0.0,action_value,1.0213110869819364
NCA,0,0.0,mmd,1.0213110869819364
NCA,0,0.0,wasserstein,1.0213110869819364
NCA,0,0.0,distance,1.0213110869819364
NCA,0,0.0,mean_shift,1.0213110869819364
NCA,0,0.0,kl_source_target,1.0213110869819364
NCA,0,0.0,oracle,1.0213110869819364
NCA,0,0.0,random_expected,1.0213110869819364
NCA,1,0.03333333333333333,action_value,1.0218541925842008
NCA,1,0.03333333333333333,mmd,1.021035005379882
NCA,1,0.03333333333333333,wasserstein,1.0211051471669363
NCA,1,0.03333333333333333,distance,1.021106556754697
NCA,1,0.03333333333333333,mean_shift,1.0211051471669363
NCA,1,0.03333333333333333,kl_source_target,1.021035005379882
NCA,1,0.03333333333333333,oracle,1.0207877740953806
NCA,1,0.03333333333333333,random_expected,1.021112424238688
NCA,2,0.06666666666666667,action_value,1.02205276545827
NCA,2,0.06666666666666667,mmd,1.020511692493326
NCA,2,0.06666666666666667,wasserstein,1.0209286121168621
NCA,2,0.06666666666666667,distance,1.0210927245034662
NCA,2,0.06666666666666667,mean_shift,1.0209286121168621
NCA,2,0.06666666666666667,kl_source_target,1.020511692493326
NCA,2,0.06666666666666667,oracle,1.02035834448481
NCA,2,0.06666666666666667,random_expected,1.0209137614954398
NCA,3,0.1,action_value,1.0217405881180806
NCA,3,0.1,mmd,1.0200822628827557
NCA,3,0.1,wasserstein,1.0205700444816437
NCA,3,0.1,distance,1.0207393563800937
NCA,3,0.1,mean_shift,1.0205700444816437
NCA,3,0.1,kl_source_target,1.0200822628827557
NCA,3,0.1,oracle,1.0199469850157143
NCA,3,0.1,random_expected,1.0207150987521914
NCA,4,0.13333333333333333,action_value,1.0216588542555214
NCA,4,0.13333333333333333,mmd,1.0196709034136597
NCA,4,0.13333333333333333,wasserstein,1.0211131500839081
NCA,4,0.13333333333333333,distance,1.020386538606275
NCA,4,0.13333333333333333,mean_shift,1.0211131500839081
NCA,4,0.13333333333333333,kl_source_target,1.0196709034136597
NCA,4,0.13333333333333333,oracle,1.019588417380496
NCA,4,0.13333333333333333,random_expected,1.0205164360089432
NCA,5,0.16666666666666666,action_value,1.021305486132149
NCA,5,0.16666666666666666,mmd,1.0195032693238721
NCA,5,0.16666666666666666,wasserstein,1.0211087453006593
NCA,5,0.16666666666666666,distance,1.0203099625323104
NCA,5,0.16666666666666666,mean_shift,1.0211087453006593
NCA,5,0.16666666666666666,kl_source_target,1.0195032693238721
NCA,5,0.16666666666666666,oracle,1.0192350492571236
NCA,5,0.16666666666666666,random_expected,1.0203177732656947
NCA,6,0.2,action_value,1.0209469184969309
NCA,6,0.2,mmd,1.0192743362789904
NCA,6,0.2,wasserstein,1.0207929879219995
NCA,6,0.2,distance,1.0200178013493617
NCA,6,0.2,mean_shift,1.0207929879219995
NCA,6,0.2,kl_source_target,1.0192743362789904
NCA,6,0.2,oracle,1.0188822314833046
NCA,6,0.2,random_expected,1.0201191105224465
NCA,7,0.23333333333333334,action_value,1.0207797175342284
NCA,7,0.23333333333333334,mmd,1.019107135316288
NCA,7,0.23333333333333334,wasserstein,1.0204494158564894
NCA,7,0.23333333333333334,distance,1.0198412662992873
NCA,7,0.23333333333333334,mean_shift,1.0204494158564894
NCA,7,0.23333333333333334,kl_source_target,1.0189215185051714
NCA,7,0.23333333333333334,oracle,1.0185386594177948
NCA,7,0.23333333333333334,random_expected,1.019920447779198
NCA,8,0.26666666666666666,action_value,1.0204268997604093
NCA,8,0.26666666666666666,mmd,1.0187635632507779
NCA,8,0.26666666666666666,wasserstein,1.0202880303202955
NCA,8,0.26666666666666666,distance,1.019635326484287
NCA,8,0.26666666666666666,mean_shift,1.0202880303202955
NCA,8,0.26666666666666666,kl_source_target,1.0186293573222227
NCA,8,0.26666666666666666,oracle,1.0182067330512734
NCA,8,0.26666666666666666,random_expected,1.01972178503595
NCA,9,0.3,action_value,1.0200155402913136
NCA,9,0.3,mmd,1.0186021777145842
NCA,9,0.3,wasserstein,1.0201208293575932
NCA,9,0.3,distance,1.0192767588490688
NCA,9,0.3,mean_shift,1.0201208293575932
NCA,9,0.3,kl_source_target,1.0185527812482582
NCA,9,0.3,oracle,1.0178909756726136
NCA,9,0.3,random_expected,1.0195231222927015
NCA,10,0.3333333333333333,action_value,1.0200111355080645
NCA,10,0.3333333333333333,mmd,1.0184256426645097
NCA,10,0.3333333333333333,wasserstein,1.0196913997470227
NCA,10,0.3333333333333333,distance,1.0188473292384985
NCA,10,0.3333333333333333,mean_shift,1.0197674612342207
NCA,10,0.3333333333333333,kl_source_target,1.0183855802855557
NCA,10,0.3333333333333333,oracle,1.017578798332424
NCA,10,0.3333333333333333,random_expected,1.0193244595494533
NCA,11,0.36666666666666664,action_value,1.0199348991805754
NCA,11,0.36666666666666664,mmd,1.0180670750292915
NCA,11,0.36666666666666664,wasserstein,1.0194153181449683
NCA,11,0.36666666666666664,distance,1.018571247636444
NCA,11,0.36666666666666664,mean_shift,1.0195629310069811
NCA,11,0.36666666666666664,kl_source_target,1.018224194749362
NCA,11,0.36666666666666664,oracle,1.0172866371494753
NCA,11,0.36666666666666664,random_expected,1.0191257968062049
NCA,12,0.4,action_value,1.0195054695700052
NCA,12,0.4,mmd,1.0178611352142914
NCA,12,0.4,wasserstein,1.0188920052584123
NCA,12,0.4,distance,1.018047934749888
NCA,12,0.4,mean_shift,1.0195490987557503
NCA,12,0.4,kl_source_target,1.017880622683852
NCA,12,0.4,oracle,1.0170048290035791
NCA,12,0.4,random_expected,1.0189271340629567
NCA,13,0.43333333333333335,action_value,1.0191897121913454
NCA,13,0.43333333333333335,mmd,1.017673680910634
NCA,13,0.43333333333333335,wasserstein,1.0187243711686245
NCA,13,0.43333333333333335,distance,1.0178803006601003
NCA,13,0.43333333333333335,mean_shift,1.0190257858691942
NCA,13,0.43333333333333335,kl_source_target,1.0175220550486335
NCA,13,0.43333333333333335,oracle,1.0167287474015247
NCA,13,0.43333333333333335,random_expected,1.0187284713197082
NCA,14,0.4666666666666667,action_value,1.0190510340379892
NCA,14,0.4666666666666667,mmd,1.0174455341986486
NCA,14,0.4666666666666667,wasserstein,1.0184954381237428
NCA,14,0.4666666666666667,distance,1.0176513676152186
NCA,14,0.4666666666666667,mean_shift,1.0187497042671398
NCA,14,0.4666666666666667,kl_source_target,1.0173161152336334
NCA,14,0.4666666666666667,oracle,1.016499814356643
NCA,14,0.4666666666666667,random_expected,1.0185298085764598
NCA,15,0.5,action_value,1.0187692258920933
NCA,15,0.5,mmd,1.0173638003360896
NCA,15,0.5,wasserstein,1.018084078654647
NCA,15,0.5,distance,1.0172400081461226
NCA,15,0.5,mean_shift,1.0183202746565696
NCA,15,0.5,kl_source_target,1.0171395801835592
NCA,15,0.5,oracle,1.0162716676446577
NCA,15,0.5,random_expected,1.0183311458332116
NCA,16,0.5333333333333333,action_value,1.0184372995255722
NCA,16,0.5333333333333333,mmd,1.0170480429574298
NCA,16,0.5333333333333333,wasserstein,1.0177307105312745
NCA,16,0.5333333333333333,distance,1.016927830805933
NCA,16,0.5333333333333333,mean_shift,1.0182385407940104
NCA,16,0.5333333333333333,kl_source_target,1.0169114334715739
NCA,16,0.5333333333333333,oracle,1.0160657278296574
NCA,16,0.5333333333333333,random_expected,1.0181324830899632
NCA,17,0.5666666666666667,action_value,1.0182091528135868
NCA,17,0.5666666666666667,mmd,1.0175911485596942
NCA,17,0.5666666666666667,wasserstein,1.0175261803040352
NCA,17,0.5666666666666667,distance,1.016595904439412
NCA,17,0.5666666666666667,mean_shift,1.0180510864903531
NCA,17,0.5666666666666667,kl_source_target,1.0167239791679163
NCA,17,0.5666666666666667,oracle,1.0158611976024179
NCA,17,0.5666666666666667,random_expected,1.017933820346715
NCA,18,0.6,action_value,1.018195320562356
NCA,18,0.6,mmd,1.0175867437764452
NCA,18,0.6,wasserstein,1.017512348052804
NCA,18,0.6,distance,1.016457226286056
NCA,18,0.6,mean_shift,1.0178229397783678
NCA,18,0.6,kl_source_target,1.0166422453053574
NCA,18,0.6,oracle,1.0156737432987604
NCA,18,0.6,random_expected,1.0177351576034666
NCA,19,0.6333333333333333,action_value,1.0180187855122818
NCA,19,0.6333333333333333,mmd,1.0172945825934965
NCA,19,0.6333333333333333,wasserstein,1.017284201340819
NCA,19,0.6333333333333333,distance,1.016113654220546
NCA,19,0.6333333333333333,mean_shift,1.01765530568858
NCA,19,0.6333333333333333,kl_source_target,1.0171853509076219
NCA,19,0.6333333333333333,oracle,1.0154972082486862
NCA,19,0.6333333333333333,random_expected,1.0175364948602184
NCA,20,0.6666666666666666,action_value,1.0178313312086242
NCA,20,0.6666666666666666,mmd,1.0169417648196775
NCA,20,0.6666666666666666,wasserstein,1.0170967470371615
NCA,20,0.6666666666666666,distance,1.015952268684352
NCA,20,0.6666666666666666,mean_shift,1.0174263726436983
NCA,20,0.6666666666666666,kl_source_target,1.0171809461243728
NCA,20,0.6666666666666666,oracle,1.0153295741588984
NCA,20,0.6666666666666666,random_expected,1.01733783211697
NCA,21,0.7,action_value,1.0176268009813847
NCA,21,0.7,mmd,1.016865188745713
NCA,21,0.7,wasserstein,1.0170150131746025
NCA,21,0.7,distance,1.0157850677216496
NCA,21,0.7,mean_shift,1.0170150131746025
NCA,21,0.7,kl_source_target,1.016865188745713
NCA,21,0.7,oracle,1.015162373196196
NCA,21,0.7,random_expected,1.0171391693737217
NCA,22,0.7333333333333333,action_value,1.017465415445191
NCA,22,0.7333333333333333,mmd,1.0166606585184736
NCA,22,0.7333333333333333,wasserstein,1.0167332050287063
NCA,22,0.7333333333333333,distance,1.0154693103429897
NCA,22,0.7333333333333333,mean_shift,1.0167332050287063
NCA,22,0.7333333333333333,kl_source_target,1.0166606585184736
NCA,22,0.7333333333333333,oracle,1.0150009876600021
NCA,22,0.7333333333333333,random_expected,1.0169405066304733
NCA,23,0.7666666666666667,action_value,1.0172594756301907
NCA,23,0.7666666666666667,mmd,1.0166468262672426
NCA,23,0.7666666666666667,wasserstein,1.0169317779027756
NCA,23,0.7666666666666667,distance,1.0160124159452542
NCA,23,0.7666666666666667,mean_shift,1.0169317779027756
NCA,23,0.7666666666666667,kl_source_target,1.0166468262672426
NCA,23,0.7666666666666667,oracle,1.0148623095066462
NCA,23,0.7666666666666667,random_expected,1.016741843887225
NCA,24,0.8,action_value,1.0169159035646806
NCA,24,0.8,mmd,1.0162934581438703
NCA,24,0.8,wasserstein,1.0168555415752862
NCA,24,0.8,distance,1.0160080111620053
NCA,24,0.8,mean_shift,1.0168555415752862
NCA,24,0.8,kl_source_target,1.0162934581438703
NCA,24,0.8,oracle,1.0147805756440873
NCA,24,0.8,random_expected,1.0165431811439767
NCA,25,0.8333333333333334,action_value,1.0168393274907161
NCA,25,0.8333333333333334,mmd,1.0164920310179395
NCA,25,0.8333333333333334,wasserstein,1.0165633803923375
NCA,25,0.8333333333333334,distance,1.0157262030161092
NCA,25,0.8333333333333334,mean_shift,1.016523615208765
NCA,25,0.8333333333333334,kl_source_target,1.0159812808036806
NCA,25,0.8333333333333334,oracle,1.0147039995701228
NCA,25,0.8333333333333334,random_expected,1.0163445184007285
NCA,26,0.8666666666666667,action_value,1.0166716934009283
NCA,26,0.8666666666666667,mmd,1.0162102228720433
NCA,26,0.8666666666666667,wasserstein,1.016486804318373
NCA,26,0.8666666666666667,distance,1.0156499666886198
NCA,26,0.8666666666666667,mean_shift,1.0163849370554092
NCA,26,0.8666666666666667,kl_source_target,1.0156493544371594
NCA,26,0.8666666666666667,oracle,1.0146277632426335
NCA,26,0.8666666666666667,random_expected,1.01614585565748
NCA,27,0.9,action_value,1.0163795322179796
NCA,27,0.9,mmd,1.016133986544554
NCA,27,0.9,wasserstein,1.016133986544554
NCA,27,0.9,distance,1.015848539562689
NCA,27,0.9,mean_shift,1.0160727597152195
NCA,27,0.9,kl_source_target,1.0155106762838035
NCA,27,0.9,oracle,1.0146139309914026
NCA,27,0.9,random_expected,1.0159471929142316
NCA,28,0.9333333333333333,action_value,1.0158562193314236
NCA,28,0.9333333333333333,mmd,1.0158020601780329
NCA,28,0.9333333333333333,wasserstein,1.0158020601780329
NCA,28,0.9333333333333333,distance,1.0156610852590318
NCA,28,0.9333333333333333,mean_shift,1.0157805985322708
NCA,28,0.9333333333333333,kl_source_target,1.0152288681379074
NCA,28,0.9333333333333333,oracle,1.0146095262081538
NCA,28,0.9333333333333333,random_expected,1.0157485301709834
NCA,29,0.9666666666666667,action_value,1.0156272862865419
NCA,29,0.9666666666666667,mmd,1.015663382024677
NCA,29,0.9666666666666667,wasserstein,1.015663382024677
NCA,29,0.9666666666666667,distance,1.0154329385470464
NCA,29,0.9666666666666667,mean_shift,1.0157040224583063
NCA,29,0.9666666666666667,kl_source_target,1.0151526318104183
NCA,29,0.9666666666666667,oracle,1.014808099082223
NCA,29,0.9666666666666667,random_expected,1.015549867427735
NCA,30,1.0,action_value,1.0153512046844875
NCA,30,1.0,mmd,1.0153512046844875
NCA,30,1.0,wasserstein,1.0153512046844875
NCA,30,1.0,distance,1.0153512046844875
NCA,30,1.0,mean_shift,1.0153512046844875
NCA,30,1.0,kl_source_target,1.0153512046844875
NCA,30,1.0,oracle,1.0153512046844875
NCA,30,1.0,random_expected,1.0153512046844868
NEU,0,0.0,action_value,2.3858551521897318
NEU,0,0.0,mmd,2.3858551521897318
NEU,0,0.0,wasserstein,2.3858551521897318
NEU,0,0.0,distance,2.3858551521897318
NEU,0,0.0,mean_shift,2.3858551521897318
NEU,0,0.0,kl_source_target,2.3858551521897318
NEU,0,0.0,oracle,2.3858551521897318
NEU,0,0.0,random_expected,2.3858551521897318
NEU,1,0.03333333333333333,action_value,2.3843578596711157
NEU,1,0.03333333333333333,mmd,2.3860137178699174
NEU,1,0.03333333333333333,wasserstein,2.386116371715069
NEU,1,0.03333333333333333,distance,2.3860528742909435
NEU,1,0.03333333333333333,mean_shift,2.386116371715069
NEU,1,0.03333333333333333,kl_source_target,2.3860137178699174
NEU,1,0.03333333333333333,oracle,2.384250364681085
NEU,1,0.03333333333333333,random_expected,2.385469678788053
NEU,2,0.06666666666666667,action_value,2.3827530721624695
NEU,2,0.06666666666666667,mmd,2.3844089303612708
NEU,2,0.06666666666666667,wasserstein,2.385693234368165
NEU,2,0.06666666666666667,distance,2.3854005610585216
NEU,2,0.06666666666666667,mean_shift,2.385693234368165
NEU,2,0.06666666666666667,kl_source_target,2.3844089303612708
NEU,2,0.06666666666666667,oracle,2.3827530721624695
NEU,2,0.06666666666666667,random_expected,2.385084205386374
NEU,3,0.1,action_value,2.382911637842655
NEU,3,0.1,mmd,2.382911637842655
NEU,3,0.1,wasserstein,2.3850358746091525
NEU,3,0.1,distance,2.3848450775583587
NEU,3,0.1,mean_shift,2.3850358746091525
NEU,3,0.1,kl_source_target,2.382911637842655
NEU,3,0.1,oracle,2.3814505596756934
NEU,3,0.1,random_expected,2.384698731984695
NEU,4,0.13333333333333333,action_value,2.3827161505023637
NEU,4,0.13333333333333333,mmd,2.3827161505023637
NEU,4,0.13333333333333333,wasserstein,2.383538582090537
NEU,4,0.13333333333333333,distance,2.384503463470936
NEU,4,0.13333333333333333,mean_shift,2.383538582090537
NEU,4,0.13333333333333333,kl_source_target,2.3828454846342404
NEU,4,0.13333333333333333,oracle,2.3802706340750057
NEU,4,0.13333333333333333,random_expected,2.384313258583016
NEU,5,0.16666666666666666,action_value,2.382249700446924
NEU,5,0.16666666666666666,mmd,2.382249700446924
NEU,5,0.16666666666666666,wasserstein,2.38193379458189
NEU,5,0.16666666666666666,distance,2.3840519781549774
NEU,5,0.16666666666666666,mean_shift,2.38193379458189
NEU,5,0.16666666666666666,kl_source_target,2.3824700548450153
NEU,5,0.16666666666666666,oracle,2.3793678462306658
NEU,5,0.16666666666666666,random_expected,2.383927785181337
NEU,6,0.2,action_value,2.381908086359501
NEU,6,0.2,mmd,2.3823568844437597
NEU,6,0.2,wasserstein,2.3820923602620763
NEU,6,0.2,distance,2.3842648305694265
NEU,6,0.2,mean_shift,2.3820923602620763
NEU,6,0.2,kl_source_target,2.3825850823839505
NEU,6,0.2,oracle,2.3784964978496235
NEU,6,0.2,random_expected,2.3835423117796584
NEU,7,0.23333333333333334,action_value,2.3807281607588133
NEU,7,0.23333333333333334,mmd,2.382400198384126
NEU,7,0.23333333333333334,wasserstein,2.3819693971395495
NEU,7,0.23333333333333334,distance,2.383962340970834
NEU,7,0.23333333333333334,mean_shift,2.3819693971395495
NEU,7,0.23333333333333334,kl_source_target,2.3821619450370473
NEU,7,0.23333333333333334,oracle,2.3778391380906103
NEU,7,0.23333333333333334,random_expected,2.383156838377979
NEU,8,0.26666666666666666,action_value,2.3801726772586504
NEU,8,0.26666666666666666,mmd,2.3810976858973505
NEU,8,0.26666666666666666,wasserstein,2.3810666092952095
NEU,8,0.26666666666666666,distance,2.383702075302601
NEU,8,0.26666666666666666,mean_shift,2.3810666092952095
NEU,8,0.26666666666666666,kl_source_target,2.3824231645623843
NEU,8,0.26666666666666666,oracle,2.3771868248581884
NEU,8,0.26666666666666666,random_expected,2.3827713649763003
NEU,9,0.3,action_value,2.3802798612554867
NEU,9,0.3,mmd,2.379917760296663
NEU,9,0.3,wasserstein,2.3801952609141668
NEU,9,0.3,distance,2.3837579517285032
NEU,9,0.3,mean_shift,2.3801952609141668
NEU,9,0.3,kl_source_target,2.3817658048033716
NEU,9,0.3,oracle,2.376631341358026
NEU,9,0.3,random_expected,2.3823858915746214
NEU,10,0.3333333333333333,action_value,2.379828375939528
NEU,10,0.3333333333333333,mmd,2.3793622767965
NEU,10,0.3333333333333333,wasserstein,2.3790153353134795
NEU,10,0.3333333333333333,distance,2.3836917985200885
NEU,10,0.3333333333333333,mean_shift,2.3798536468267444
NEU,10,0.3333333333333333,kl_source_target,2.380585879202684
NEU,10,0.3333333333333333,oracle,2.3761648913025857
NEU,10,0.3333333333333333,random_expected,2.3820004181729426
NEU,11,0.36666666666666664,action_value,2.378525863452752
NEU,11,0.36666666666666664,mmd,2.378709963564078
NEU,11,0.36666666666666664,wasserstein,2.3777128228267035
NEU,11,0.36666666666666664,distance,2.383316368730863
NEU,11,0.36666666666666664,mean_shift,2.3800664992411935
NEU,11,0.36666666666666664,kl_source_target,2.38062919314305
NEU,11,0.36666666666666664,oracle,2.375713405986627
NEU,11,0.36666666666666664,random_expected,2.3816149447712633
NEU,12,0.4,action_value,2.3782233738541603
NEU,12,0.4,mmd,2.3789076856652893
NEU,12,0.4,wasserstein,2.3777561367670694
NEU,12,0.4,distance,2.3834313962697986
NEU,12,0.4,mean_shift,2.3796150139252346
NEU,12,0.4,kl_source_target,2.3793266806562743
NEU,12,0.4,oracle,2.3752902686397235
NEU,12,0.4,random_expected,2.3812294713695845
NEU,13,0.43333333333333335,action_value,2.3781572206457455
NEU,13,0.43333333333333335,mmd,2.3791205380797384
NEU,13,0.43333333333333335,wasserstein,2.377953858868281
NEU,13,0.43333333333333335,distance,2.381934103751183
NEU,13,0.43333333333333335,mean_shift,2.3791485638697947
NEU,13,0.43333333333333335,kl_source_target,2.3786743674238524
NEU,13,0.43333333333333335,oracle,2.3749148388504984
NEU,13,0.43333333333333335,random_expected,2.3808439979679057
NEU,14,0.4666666666666667,action_value,2.3775049074133237
NEU,14,0.4666666666666667,mmd,2.37866905276378
NEU,14,0.4666666666666667,wasserstein,2.3773983753681183
NEU,14,0.4666666666666667,distance,2.382092669431368
NEU,14,0.4666666666666667,mean_shift,2.3792557478666305
NEU,14,0.4666666666666667,kl_source_target,2.3788720895250637
NEU,14,0.4666666666666667,oracle,2.3745434462825457
NEU,14,0.4666666666666667,random_expected,2.380458524566227
NEU,15,0.5,action_value,2.377717759827773
NEU,15,0.5,mmd,2.378327438676357
NEU,15,0.5,wasserstein,2.3767460621356964
NEU,15,0.5,distance,2.3804878819227215
NEU,15,0.5,mean_shift,2.379060260526339
NEU,15,0.5,kl_source_target,2.3783166060249012
NEU,15,0.5,oracle,2.3742018321951233
NEU,15,0.5,random_expected,2.3800730511645476
NEU,16,0.5333333333333333,action_value,2.3777610737681387
NEU,16,0.5333333333333333,mmd,2.3774560902953144
NEU,16,0.5333333333333333,wasserstein,2.3768532461325327
NEU,16,0.5333333333333333,distance,2.3805311958630875
NEU,16,0.5333333333333333,mean_shift,2.378757770927747
NEU,16,0.5333333333333333,kl_source_target,2.37812111868461
NEU,16,0.5333333333333333,oracle,2.373899342596531
NEU,16,0.5333333333333333,random_expected,2.3796875777628688
NEU,17,0.5666666666666667,action_value,2.37795879586935
NEU,17,0.5666666666666667,mmd,2.3765533024509744
NEU,17,0.5666666666666667,wasserstein,2.3763867960770924
NEU,17,0.5666666666666667,distance,2.3793512702624002
NEU,17,0.5666666666666667,mean_shift,2.378497505259514
NEU,17,0.5666666666666667,kl_source_target,2.3776546686291695
NEU,17,0.5666666666666667,oracle,2.373619097451369
NEU,17,0.5666666666666667,random_expected,2.37930210436119
NEU,18,0.6,action_value,2.377698530201117
NEU,18,0.6,mmd,2.376430339328448
NEU,18,0.6,wasserstein,2.376191308736801
NEU,18,0.6,distance,2.3780487577756246
NEU,18,0.6,mean_shift,2.378553381685416
NEU,18,0.6,kl_source_target,2.377761852626006
NEU,18,0.6,oracle,2.373358831783136
NEU,18,0.6,random_expected,2.378916630959511
NEU,19,0.6333333333333333,action_value,2.3773231004118918
NEU,19,0.6333333333333333,mmd,2.375772979569435
NEU,19,0.6333333333333333,wasserstein,2.375888819138209
NEU,19,0.6333333333333333,distance,2.378309977300962
NEU,19,0.6333333333333333,mean_shift,2.377373456084728
NEU,19,0.6333333333333333,kl_source_target,2.376890504244963
NEU,19,0.6333333333333333,oracle,2.3731633444428444
NEU,19,0.6333333333333333,random_expected,2.378531157557832
NEU,20,0.6666666666666666,action_value,2.376951707843939
NEU,20,0.6666666666666666,mmd,2.3753498422225316
NEU,20,0.6666666666666666,wasserstein,2.3756285534699755
NEU,20,0.6666666666666666,distance,2.377652617541949
NEU,20,0.6666666666666666,mean_shift,2.377416770025094
NEU,20,0.6666666666666666,kl_source_target,2.375987716400623
NEU,20,0.6666666666666666,oracle,2.3730403813203176
NEU,20,0.6666666666666666,random_expected,2.378145684156153
NEU,21,0.7,action_value,2.3760803594628968
NEU,21,0.7,mmd,2.3756110617478687
NEU,21,0.7,wasserstein,2.3756844298958777
NEU,21,0.7,distance,2.3772294801950458
NEU,21,0.7,mean_shift,2.3761142575383185
NEU,21,0.7,kl_source_target,2.3758647532780963
NEU,21,0.7,oracle,2.372974228111903
NEU,21,0.7,random_expected,2.377760210754474
NEU,22,0.7333333333333333,action_value,2.376136235888799
NEU,22,0.7333333333333333,mmd,2.375666938173771
NEU,22,0.7333333333333333,wasserstein,2.375897282310327
NEU,22,0.7333333333333333,distance,2.3771065170725185
NEU,22,0.7333333333333333,mean_shift,2.3762792179425554
NEU,22,0.7333333333333333,kl_source_target,2.3760776056925454
NEU,22,0.7333333333333333,oracle,2.373017542052269
NEU,22,0.7333333333333333,random_expected,2.3773747373527954
NEU,23,0.7666666666666667,action_value,2.376251263427734
NEU,23,0.7666666666666667,mmd,2.375406672505538
NEU,23,0.7666666666666667,wasserstein,2.3754457969943683
NEU,23,0.7666666666666667,distance,2.3762351686914758
NEU,23,0.7666666666666667,mean_shift,2.375907825374603
NEU,23,0.7666666666666667,kl_source_target,2.375626120376587
NEU,23,0.7666666666666667,oracle,2.373073418478171
NEU,23,0.7666666666666667,random_expected,2.376989263951116
NEU,24,0.8,action_value,2.3755939036687215
NEU,24,0.8,mmd,2.3751041829069455
NEU,24,0.8,wasserstein,2.3751041829069455
NEU,24,0.8,distance,2.375332380847136
NEU,24,0.8,mean_shift,2.375627580229441
NEU,24,0.8,kl_source_target,2.375284506289164
NEU,24,0.8,oracle,2.3731806024750073
NEU,24,0.8,random_expected,2.3766037905494373
NEU,25,0.8333333333333334,action_value,2.3753136585235595
NEU,25,0.8333333333333334,mmd,2.375219210445881
NEU,25,0.8333333333333334,wasserstein,2.375219210445881
NEU,25,0.8333333333333334,distance,2.3754395648439726
NEU,25,0.8333333333333334,mean_shift,2.3757426077683763
NEU,25,0.8333333333333334,kl_source_target,2.3753403827150663
NEU,25,0.8333333333333334,oracle,2.3732956300139425
NEU,25,0.8333333333333334,random_expected,2.3762183171477584
NEU,26,0.8666666666666667,action_value,2.3744108706792195
NEU,26,0.8666666666666667,mmd,2.3748437806566556
NEU,26,0.8666666666666667,wasserstein,2.3748437806566556
NEU,26,0.8666666666666667,distance,2.3749731147885322
NEU,26,0.8666666666666667,mean_shift,2.375367177979151
NEU,26,0.8666666666666667,kl_source_target,2.375080117046833
NEU,26,0.8666666666666667,oracle,2.3734541956941286
NEU,26,0.8666666666666667,random_expected,2.3758328437460796
NEU,27,0.9,action_value,2.3745758310834564
NEU,27,0.9,mmd,2.374777627448241
NEU,27,0.9,wasserstein,2.374777627448241
NEU,27,0.9,distance,2.374777627448241
NEU,27,0.9,mean_shift,2.3753010247707365
NEU,27,0.9,kl_source_target,2.374777627448241
NEU,27,0.9,oracle,2.3736191560983655
NEU,27,0.9,random_expected,2.3754473703444003
NEU,28,0.9333333333333333,action_value,2.374152693736553
NEU,28,0.9333333333333333,mmd,2.374942587852478
NEU,28,0.9333333333333333,wasserstein,2.374942587852478
NEU,28,0.9333333333333333,distance,2.374942587852478
NEU,28,0.9333333333333333,mean_shift,2.375498746871948
NEU,28,0.9333333333333333,kl_source_target,2.374942587852478
NEU,28,0.9333333333333333,oracle,2.373816878199577
NEU,28,0.9333333333333333,random_expected,2.3750618969427215
NEU,29,0.9666666666666667,action_value,2.3740297306140263
NEU,29,0.9666666666666667,mmd,2.374662342707316
NEU,29,0.9666666666666667,wasserstein,2.374662342707316
NEU,29,0.9666666666666667,distance,2.374662342707316
NEU,29,0.9666666666666667,mean_shift,2.3748464336395263
NEU,29,0.9666666666666667,kl_source_target,2.374662342707316
NEU,29,0.9666666666666667,oracle,2.3740297306140263
NEU,29,0.9666666666666667,random_expected,2.3746764235410427
NEU,30,1.0,action_value,2.3742909501393634
NEU,30,1.0,mmd,2.3742909501393634
NEU,30,1.0,wasserstein,2.3742909501393634
NEU,30,1.0,distance,2.3742909501393634
NEU,30,1.0,mean_shift,2.3742909501393634
NEU,30,1.0,kl_source_target,2.3742909501393634
NEU,30,1.0,oracle,2.3742909501393634
NEU,30,1.0,random_expected,2.374290950139364
NWN,0,0.0,action_value,2.4473558797536654
NWN,0,0.0,mmd,2.4473558797536654
NWN,0,0.0,wasserstein,2.4473558797536654
NWN,0,0.0,distance,2.4473558797536654
NWN,0,0.0,mean_shift,2.4473558797536654
NWN,0,0.0,kl_source_target,2.4473558797536654
NWN,0,0.0,oracle,2.4473558797536654
NWN,0,0.0,random_expected,2.4473558797536654
NWN,1,0.03333333333333333,action_value,2.446097037603295
NWN,1,0.03333333333333333,mmd,2.4461869037650756
NWN,1,0.03333333333333333,wasserstein,2.447001066820218
NWN,1,0.03333333333333333,distance,2.446852820264837
NWN,1,0.03333333333333333,mean_shift,2.447001066820218
NWN,1,0.03333333333333333,kl_source_target,2.4461869037650756
NWN,1,0.03333333333333333,oracle,2.441972125977115
NWN,1,0.03333333333333333,random_expected,2.445355141489667
NWN,2,0.06666666666666667,action_value,2.4430179694745493
NWN,2,0.06666666666666667,mmd,2.4408031499885254
NWN,2,0.06666666666666667,wasserstein,2.4464072217706776
NWN,2,0.06666666666666667,distance,2.446131047753037
NWN,2,0.06666666666666667,mean_shift,2.4464072217706776
NWN,2,0.06666666666666667,kl_source_target,2.4408031499885254
NWN,2,0.06666666666666667,oracle,2.4367949857412143
NWN,2,0.06666666666666667,random_expected,2.4433544032256678
NWN,3,0.1,action_value,2.438823328361268
NWN,3,0.1,mmd,2.4369998888674114
NWN,3,0.1,wasserstein,2.4435678472284414
NWN,3,0.1,distance,2.443083621211391
NWN,3,0.1,mean_shift,2.4435678472284414
NWN,3,0.1,kl_source_target,2.4369998888674114
NWN,3,0.1,oracle,2.432600344627933
NWN,3,0.1,random_expected,2.441353664961669
NWN,4,0.13333333333333333,action_value,2.435946800257122
NWN,4,0.13333333333333333,mmd,2.43453917865979
NWN,4,0.13333333333333333,wasserstein,2.4397645861073274
NWN,4,0.13333333333333333,distance,2.440586965429327
NWN,4,0.13333333333333333,mean_shift,2.4397645861073274
NWN,4,0.13333333333333333,kl_source_target,2.4359935717287393
NWN,4,0.13333333333333333,oracle,2.428797083506819
NWN,4,0.13333333333333333,random_expected,2.4393529266976706
NWN,5,0.16666666666666666,action_value,2.432405100211854
NWN,5,0.16666666666666666,mmd,2.4316934939724937
NWN,5,0.16666666666666666,wasserstein,2.4343808323307767
NWN,5,0.16666666666666666,distance,2.439490359174749
NWN,5,0.16666666666666666,mean_shift,2.4343808323307767
NWN,5,0.16666666666666666,kl_source_target,2.435377792169922
NWN,5,0.16666666666666666,oracle,2.4252553834615513
NWN,5,0.16666666666666666,random_expected,2.4373521884336715
NWN,6,0.2,action_value,2.429115933125571
NWN,6,0.2,mmd,2.4310960580525287
NWN,6,0.2,wasserstein,2.4332118563421874
NWN,6,0.2,distance,2.4391607168267986
NWN,6,0.2,mean_shift,2.4332118563421874
NWN,6,0.2,kl_source_target,2.434741475315042
NWN,6,0.2,oracle,2.4219662163752678
NWN,6,0.2,random_expected,2.435351450169673
NWN,7,0.23333333333333334,action_value,2.4266552229179497
NWN,7,0.23333333333333334,mmd,2.4284533425324164
NWN,7,0.23333333333333334,wasserstein,2.4321152500876098
NWN,7,0.23333333333333334,distance,2.4385668717772586
NWN,7,0.23333333333333334,mean_shift,2.4321152500876098
NWN,7,0.23333333333333334,kl_source_target,2.4341476302655014
NWN,7,0.23333333333333334,oracle,2.418887148246522
NWN,7,0.23333333333333334,random_expected,2.4333507119056743
NWN,8,0.26666666666666666,action_value,2.4241585671358856
NWN,8,0.26666666666666666,mmd,2.4232762022965155
NWN,8,0.26666666666666666,wasserstein,2.4317856077396587
NWN,8,0.26666666666666666,distance,2.4382120588438108
NWN,8,0.26666666666666666,mean_shift,2.4317856077396587
NWN,8,0.26666666666666666,kl_source_target,2.433792817332054
NWN,8,0.26666666666666666,oracle,2.415839721704876
NWN,8,0.26666666666666666,random_expected,2.4313499736416757
NWN,9,0.3,action_value,2.4211111405942396
NWN,9,0.3,mmd,2.4197345022512478
NWN,9,0.3,wasserstein,2.429288951957595
NWN,9,0.3,distance,2.4353726843015746
NWN,9,0.3,mean_shift,2.429288951957595
NWN,9,0.3,kl_source_target,2.4309534427898174
NWN,9,0.3,oracle,2.4129631936007296
NWN,9,0.3,random_expected,2.4293492353776767
NWN,10,0.3333333333333333,action_value,2.420893800204352
NWN,10,0.3333333333333333,mmd,2.4168579741471015
NWN,10,0.3333333333333333,wasserstein,2.426828241749974
NWN,10,0.3333333333333333,distance,2.4324961561974283
NWN,10,0.3333333333333333,mean_shift,2.426828241749974
NWN,10,0.3333333333333333,kl_source_target,2.42741174274455
NWN,10,0.3333333333333333,oracle,2.410117508913433
NWN,10,0.3333333333333333,random_expected,2.427348497113678
NWN,11,0.36666666666666664,action_value,2.420156864270921
NWN,11,0.36666666666666664,mmd,2.4161210382136704
NWN,11,0.36666666666666664,wasserstein,2.426230805830009
NWN,11,0.36666666666666664,distance,2.4317592202639973
NWN,11,0.36666666666666664,mean_shift,2.426230805830009
NWN,11,0.36666666666666664,kl_source_target,2.4247690272244378
NWN,11,0.36666666666666664,oracle,2.4072781343711966
NWN,11,0.36666666666666664,random_expected,2.4253477588496795
NWN,12,0.4,action_value,2.417514148750809
NWN,12,0.4,mmd,2.4159036978237833
NWN,12,0.4,wasserstein,2.4233851211427124
NWN,12,0.4,distance,2.4315418798741097
NWN,12,0.4,mean_shift,2.4233851211427124
NWN,12,0.4,kl_source_target,2.419591886988537
NWN,12,0.4,oracle,2.404635418851085
NWN,12,0.4,random_expected,2.4233470205856804
NWN,13,0.43333333333333335,action_value,2.4123370085149083
NWN,13,0.43333333333333335,mmd,2.415181925311983
NWN,13,0.43333333333333335,wasserstein,2.4226481852092814
NWN,13,0.43333333333333335,distance,2.4294926245030157
NWN,13,0.43333333333333335,mean_shift,2.419190480029431
NWN,13,0.43333333333333335,kl_source_target,2.418870114476737
NWN,13,0.43333333333333335,oracle,2.4021387630690207
NWN,13,0.43333333333333335,random_expected,2.421346282321682
NWN,14,0.4666666666666667,action_value,2.4094976339726717
NWN,14,0.4666666666666667,mmd,2.414678865823155
NWN,14,0.4666666666666667,wasserstein,2.422430844819394
NWN,14,0.4666666666666667,distance,2.4290352413671696
NWN,14,0.4666666666666667,mean_shift,2.4161114119006855
NWN,14,0.4666666666666667,kl_source_target,2.418367054987909
NWN,14,0.4666666666666667,oracle,2.3996780528613995
NWN,14,0.4666666666666667,random_expected,2.419345544057683
NWN,15,0.5,action_value,2.4090402508368256
NWN,15,0.5,mmd,2.4116314392815084
NWN,15,0.5,wasserstein,2.4195543167152476
NWN,15,0.5,distance,2.4257460742808865
NWN,15,0.5,mean_shift,2.414852569750315
NWN,15,0.5,kl_source_target,2.4153196284462624
NWN,15,0.5,oracle,2.397628797490306
NWN,15,0.5,random_expected,2.417344805793684
NWN,16,0.5333333333333333,action_value,2.4052369897157115
NWN,16,0.5333333333333333,mmd,2.408792064739272
NWN,16,0.5333333333333333,wasserstein,2.416265149628964
NWN,16,0.5333333333333333,distance,2.4251486383609215
NWN,16,0.5333333333333333,mean_shift,2.4113108697050474
NWN,16,0.5333333333333333,kl_source_target,2.412858918238641
NWN,16,0.5333333333333333,oracle,2.3963699553399356
NWN,16,0.5333333333333333,random_expected,2.4153440675296856
NWN,17,0.5666666666666667,action_value,2.403187734344618
NWN,17,0.5666666666666667,mmd,2.408198219689732
NWN,17,0.5666666666666667,wasserstein,2.415807766493118
NWN,17,0.5666666666666667,distance,2.4226879281533003
NWN,17,0.5666666666666667,mean_shift,2.4061337294691465
NWN,17,0.5666666666666667,kl_source_target,2.4100132335513447
NWN,17,0.5666666666666667,oracle,2.395200979351346
NWN,17,0.5666666666666667,random_expected,2.413343329265687
NWN,18,0.6,action_value,2.402590298424653
NWN,18,0.6,mmd,2.4078434067562844
NWN,18,0.6,wasserstein,2.4137585111220243
NWN,18,0.6,distance,2.4198422434660034
NWN,18,0.6,mean_shift,2.4034910139490346
NWN,18,0.6,kl_source_target,2.4094157976313797
NWN,18,0.6,oracle,2.394104373096768
NWN,18,0.6,random_expected,2.411342591001688
NWN,19,0.6333333333333333,action_value,2.399744613737356
NWN,19,0.6333333333333333,mmd,2.4067468005017068
NWN,19,0.6333333333333333,wasserstein,2.4106794429932785
NWN,19,0.6333333333333333,distance,2.416763175337258
NWN,19,0.6333333333333333,mean_shift,2.4014417585779406
NWN,19,0.6333333333333333,kl_source_target,2.408319191376802
NWN,19,0.6333333333333333,oracle,2.3930980559580965
NWN,19,0.6333333333333333,random_expected,2.4093418527376893
NWN,20,0.6666666666666666,action_value,2.3994149713894055
NWN,20,0.6666666666666666,mmd,2.406417158153756
NWN,20,0.6666666666666666,wasserstein,2.409420600842908
NWN,20,0.6666666666666666,distance,2.4155043331868877
NWN,20,0.6666666666666666,mean_shift,2.4009843754420945
NWN,20,0.6666666666666666,kl_source_target,2.407989549028851
NWN,20,0.6666666666666666,oracle,2.3923611200246655
NWN,20,0.6666666666666666,random_expected,2.4073411144736907
NWN,21,0.7,action_value,2.398318365134828
NWN,21,0.7,mmd,2.403920502371692
NWN,21,0.7,wasserstein,2.405225959729627
NWN,21,0.7,distance,2.4113096920736066
NWN,21,0.7,mean_shift,2.3976952083558114
NWN,21,0.7,kl_source_target,2.4054928932467874
NWN,21,0.7,oracle,2.391639347512865
NWN,21,0.7,random_expected,2.405340376209692
NWN,22,0.7333333333333333,action_value,2.3978153056459997
NWN,22,0.7333333333333333,mmd,2.4008414342429467
NWN,22,0.7333333333333333,wasserstein,2.402583244209515
NWN,22,0.7333333333333333,distance,2.4086669765534947
NWN,22,0.7333333333333333,mean_shift,2.397058891500931
NWN,22,0.7333333333333333,kl_source_target,2.4052755528569
NWN,22,0.7333333333333333,oracle,2.391003030657985
NWN,22,0.7333333333333333,random_expected,2.403339637945693
NWN,23,0.7666666666666667,action_value,2.3970935331341994
NWN,23,0.7666666666666667,mmd,2.396646793129665
NWN,23,0.7666666666666667,wasserstein,2.3990415441642474
NWN,23,0.7666666666666667,distance,2.405125276508227
NWN,23,0.7666666666666667,mean_shift,2.396052574362259
NWN,23,0.7666666666666667,kl_source_target,2.4023990247527536
NWN,23,0.7666666666666667,oracle,2.3903872510991677
NWN,23,0.7666666666666667,random_expected,2.4013388996816944
NWN,24,0.8,action_value,2.396738720200752
NWN,24,0.8,mmd,2.3953879509792952
NWN,24,0.8,wasserstein,2.3938644039283465
NWN,24,0.8,distance,2.399948136272326
NWN,24,0.8,mean_shift,2.395436794803442
NWN,24,0.8,kl_source_target,2.4016620888193225
NWN,24,0.8,oracle,2.3897898151792023
NWN,24,0.8,random_expected,2.399338161417696
NWN,25,0.8333333333333334,action_value,2.395569744212162
NWN,25,0.8333333333333334,mmd,2.3949305678434487
NWN,25,0.8333333333333334,wasserstein,2.3932280870734663
NWN,25,0.8333333333333334,distance,2.3987791602837363
NWN,25,0.8333333333333334,mean_shift,2.3952194544135543
NWN,25,0.8333333333333334,kl_source_target,2.398583020690577
NWN,25,0.8333333333333334,oracle,2.3891959701296623
NWN,25,0.8333333333333334,random_expected,2.397337423153697
NWN,26,0.8666666666666667,action_value,2.3945634270734906
NWN,26,0.8666666666666667,mmd,2.392881312472355
NWN,26,0.8666666666666667,wasserstein,2.3926123075146486
NWN,26,0.8666666666666667,distance,2.393395406507186
NWN,26,0.8666666666666667,mean_shift,2.3944825184801233
NWN,26,0.8666666666666667,kl_source_target,2.3943883795772956
NWN,26,0.8666666666666667,oracle,2.388692910640834
NWN,26,0.8666666666666667,random_expected,2.395336684889698
NWN,27,0.9,action_value,2.39396958202395
NWN,27,0.9,mmd,2.389592145386072
NWN,27,0.9,wasserstein,2.391605990375977
NWN,27,0.9,distance,2.389592145386072
NWN,27,0.9,mean_shift,2.391605990375977
NWN,27,0.9,kl_source_target,2.3931295374269252
NWN,27,0.9,oracle,2.388235527504988
NWN,27,0.9,random_expected,2.3933359466256996
NWN,28,0.9333333333333333,action_value,2.3885858282474
NWN,28,0.9333333333333333,mmd,2.388955828531192
NWN,28,0.9333333333333333,wasserstein,2.3911029308871488
NWN,28,0.9333333333333333,distance,2.388955828531192
NWN,28,0.9333333333333333,mean_shift,2.3911029308871488
NWN,28,0.9333333333333333,kl_source_target,2.392672154291079
NWN,28,0.9333333333333333,oracle,2.38788071457154
NWN,28,0.9333333333333333,random_expected,2.3913352083617005
NWN,29,0.9666666666666667,action_value,2.3879495113925198
NWN,29,0.9666666666666667,mmd,2.388340048972374
NWN,29,0.9666666666666667,wasserstein,2.3903811583753485
NWN,29,0.9666666666666667,distance,2.388340048972374
NWN,29,0.9666666666666667,mean_shift,2.3903811583753485
NWN,29,0.9666666666666667,kl_source_target,2.3906228989199856
NWN,29,0.9666666666666667,oracle,2.3875510722235895
NWN,29,0.9666666666666667,random_expected,2.389334470097702
NWN,30,1.0,action_value,2.387333731833702
NWN,30,1.0,mmd,2.387333731833702
NWN,30,1.0,wasserstein,2.387333731833702
NWN,30,1.0,distance,2.387333731833702
NWN,30,1.0,mean_shift,2.387333731833702
NWN,30,1.0,kl_source_target,2.387333731833702
NWN,30,1.0,oracle,2.387333731833702
NWN,30,1.0,random_expected,2.3873337318337033
SAU,0,0.0,action_value,1.7307237562234359
SAU,0,0.0,mmd,1.7307237562234359
SAU,0,0.0,wasserstein,1.7307237562234359
SAU,0,0.0,distance,1.7307237562234359
SAU,0,0.0,mean_shift,1.7307237562234359
SAU,0,0.0,kl_source_target,1.7307237562234359
SAU,0,0.0,oracle,1.7307237562234359
SAU,0,0.0,random_expected,1.7307237562234359
SAU,1,0.03333333333333333,action_value,1.730288495291785
SAU,1,0.03333333333333333,mmd,1.7307474171220971
SAU,1,0.03333333333333333,wasserstein,1.7307463669256153
SAU,1,0.03333333333333333,distance,1.730766534782656
SAU,1,0.03333333333333333,mean_shift,1.7307463669256153
SAU,1,0.03333333333333333,kl_source_target,1.7308049469705094
SAU,1,0.03333333333333333,oracle,1.7299286779458478
SAU,1,0.03333333333333333,random_expected,1.7305079416462272
SAU,2,0.06666666666666667,action_value,1.7301670806303775
SAU,2,0.06666666666666667,mmd,1.7304511343538478
SAU,2,0.06666666666666667,wasserstein,1.7305342697576467
SAU,2,0.06666666666666667,distance,1.7307625929288148
SAU,2,0.06666666666666667,mean_shift,1.7305342697576467
SAU,2,0.06666666666666667,kl_source_target,1.7306778658942052
SAU,2,0.06666666666666667,oracle,1.7291462120110945
SAU,2,0.06666666666666667,random_expected,1.7302921270690186
SAU,3,0.1,action_value,1.7295573012724674
SAU,3,0.1,mmd,1.730169474591783
SAU,3,0.1,wasserstein,1.7303725226199411
SAU,3,0.1,distance,1.7306482950619935
SAU,3,0.1,mean_shift,1.7303725226199411
SAU,3,0.1,kl_source_target,1.730566790651845
SAU,3,0.1,oracle,1.728508660862362
SAU,3,0.1,random_expected,1.73007631249181
SAU,4,0.13333333333333333,action_value,1.7294584727977869
SAU,4,0.13333333333333333,mmd,1.7301573122215632
SAU,4,0.13333333333333333,wasserstein,1.7299104117826405
SAU,4,0.13333333333333333,distance,1.7305212139856894
SAU,4,0.13333333333333333,mean_shift,1.7299104117826405
SAU,4,0.13333333333333333,kl_source_target,1.7305894013540244
SAU,4,0.13333333333333333,oracle,1.7278988815044518
SAU,4,0.13333333333333333,random_expected,1.7298604979146013
SAU,5,0.16666666666666666,action_value,1.7289963619604862
SAU,5,0.16666666666666666,mmd,1.7293622339439751
SAU,5,0.16666666666666666,wasserstein,1.729272860633908
SAU,5,0.16666666666666666,distance,1.730410138743329
SAU,5,0.16666666666666666,mean_shift,1.729272860633908
SAU,5,0.16666666666666666,kl_source_target,1.7303773041860557
SAU,5,0.16666666666666666,oracle,1.7274233993585066
SAU,5,0.16666666666666666,random_expected,1.7296446833373929
SAU,6,0.2,action_value,1.7288346148227807
SAU,6,0.2,mmd,1.7289269730123245
SAU,6,0.2,wasserstein,1.7291085604645473
SAU,6,0.2,distance,1.7304913294904025
SAU,6,0.2,mean_shift,1.7291085604645473
SAU,6,0.2,kl_source_target,1.7302155570483502
SAU,6,0.2,oracle,1.726961288521206
SAU,6,0.2,random_expected,1.7294288687601842
SAU,7,0.23333333333333334,action_value,1.7287203169559595
SAU,7,0.23333333333333334,mmd,1.7286032085291905
SAU,7,0.23333333333333334,wasserstein,1.7291513390237676
SAU,7,0.23333333333333334,distance,1.7296962512128147
SAU,7,0.23333333333333334,mean_shift,1.7291513390237676
SAU,7,0.23333333333333334,kl_source_target,1.7294204787707623
SAU,7,0.23333333333333334,oracle,1.726526027589555
SAU,7,0.23333333333333334,random_expected,1.7292130541829756
SAU,8,0.26666666666666666,action_value,1.728609241713599
SAU,8,0.26666666666666666,mmd,1.728616004457727
SAU,8,0.26666666666666666,wasserstein,1.7291473971699263
SAU,8,0.26666666666666666,distance,1.729260990281164
SAU,8,0.26666666666666666,mean_shift,1.7291473971699263
SAU,8,0.26666666666666666,kl_source_target,1.7294083164005423
SAU,8,0.26666666666666666,oracle,1.7260947720900333
SAU,8,0.26666666666666666,random_expected,1.728997239605767
SAU,9,0.3,action_value,1.7278141634360111
SAU,9,0.3,mmd,1.7281405223117818
SAU,9,0.3,wasserstein,1.7290330993031051
SAU,9,0.3,distance,1.729248827910944
SAU,9,0.3,mean_shift,1.7290330993031051
SAU,9,0.3,kl_source_target,1.7289730554688916
SAU,9,0.3,oracle,1.7257710076068993
SAU,9,0.3,random_expected,1.7287814250285582
SAU,10,0.3333333333333333,action_value,1.7273829079364893
SAU,10,0.3333333333333333,mmd,1.727928425143813
SAU,10,0.3333333333333333,wasserstein,1.7285978383714542
SAU,10,0.3333333333333333,distance,1.7284663619761906
SAU,10,0.3333333333333333,mean_shift,1.7285978383714542
SAU,10,0.3333333333333333,kl_source_target,1.7283632761109815
SAU,10,0.3333333333333333,oracle,1.72547472483865
SAU,10,0.3333333333333333,random_expected,1.7285656104513496
SAU,11,0.36666666666666664,action_value,1.7273707455662692
SAU,11,0.36666666666666664,mmd,1.7277666780061076
SAU,11,0.36666666666666664,wasserstein,1.7285856760012344
SAU,11,0.36666666666666664,distance,1.7278565826182803
SAU,11,0.36666666666666664,mean_shift,1.7285856760012344
SAU,11,0.36666666666666664,kl_source_target,1.7282586176001447
SAU,11,0.36666666666666664,oracle,1.7251930650765852
SAU,11,0.36666666666666664,random_expected,1.728349795874141
SAU,12,0.4,action_value,1.7274772078110168
SAU,12,0.4,mmd,1.727789288708287
SAU,12,0.4,wasserstein,1.7277905977236465
SAU,12,0.4,distance,1.7277519241074437
SAU,12,0.4,mean_shift,1.7277905977236465
SAU,12,0.4,kl_source_target,1.7274761516653914
SAU,12,0.4,oracle,1.7249809679086165
SAU,12,0.4,random_expected,1.7281339812969323
SAU,13,0.43333333333333335,action_value,1.7266947418762633
SAU,13,0.43333333333333335,mmd,1.7278957509530346
SAU,13,0.43333333333333335,wasserstein,1.7276468511886631
SAU,13,0.43333333333333335,distance,1.727587623938083
SAU,13,0.43333333333333335,mean_shift,1.7276468511886631
SAU,13,0.43333333333333335,kl_source_target,1.7268386005166587
SAU,13,0.43333333333333335,oracle,1.7248166677392558
SAU,13,0.43333333333333335,random_expected,1.7279181667197239
SAU,14,0.4666666666666667,action_value,1.7263709773931295
SAU,14,0.4666666666666667,mmd,1.7277743362916271
SAU,14,0.4666666666666667,wasserstein,1.727788957005326
SAU,14,0.4666666666666667,distance,1.7271255131007826
SAU,14,0.4666666666666667,mean_shift,1.727788957005326
SAU,14,0.4666666666666667,kl_source_target,1.7266743003472982
SAU,14,0.4666666666666667,oracle,1.7246549206015505
SAU,14,0.4666666666666667,random_expected,1.7277023521425152
SAU,15,0.5,action_value,1.7262663188822926
SAU,15,0.5,mmd,1.7273430807921053
SAU,15,0.5,wasserstein,1.7276901285306454
SAU,15,0.5,distance,1.72648796195205
SAU,15,0.5,mean_shift,1.7276901285306454
SAU,15,0.5,kl_source_target,1.7262121895099976
SAU,15,0.5,oracle,1.724511174066567
SAU,15,0.5,random_expected,1.7274865375653066
SAU,16,0.5333333333333333,action_value,1.7259846591202281
SAU,16,0.5333333333333333,mmd,1.726733301434195
SAU,16,0.5333333333333333,wasserstein,1.7274084687685807
SAU,16,0.5333333333333333,distance,1.7262063021899854
SAU,16,0.5333333333333333,mean_shift,1.7274084687685807
SAU,16,0.5333333333333333,kl_source_target,1.725930529747933
SAU,16,0.5333333333333333,oracle,1.724384092990263
SAU,16,0.5333333333333333,random_expected,1.727270722988098
SAU,17,0.5666666666666667,action_value,1.7258409125852447
SAU,17,0.5666666666666667,mmd,1.7266286429233584
SAU,17,0.5666666666666667,wasserstein,1.7274321296672421
SAU,17,0.5666666666666667,distance,1.7259100194217358
SAU,17,0.5666666666666667,mean_shift,1.7274321296672421
SAU,17,0.5666666666666667,kl_source_target,1.7259541906465943
SAU,17,0.5666666666666667,oracle,1.7242626783288555
SAU,17,0.5666666666666667,random_expected,1.7270549084108893
SAU,18,0.6,action_value,1.7252033614365123
SAU,18,0.6,mmd,1.7258461769886049
SAU,18,0.6,wasserstein,1.7271358468989926
SAU,18,0.6,distance,1.7259336803203973
SAU,18,0.6,mean_shift,1.7271358468989926
SAU,18,0.6,kl_source_target,1.7256579078783447
SAU,18,0.6,oracle,1.7241483804620341
SAU,18,0.6,random_expected,1.7268390938336806
SAU,19,0.6333333333333333,action_value,1.7249912642685434
SAU,19,0.6333333333333333,mmd,1.725888955547825
SAU,19,0.6333333333333333,wasserstein,1.7265260675410825
SAU,19,0.6333333333333333,distance,1.7259464762489336
SAU,19,0.6333333333333333,mean_shift,1.7270087658226885
SAU,19,0.6333333333333333,kl_source_target,1.7251824257323995
SAU,19,0.6333333333333333,oracle,1.7240373052196738
SAU,19,0.6333333333333333,random_expected,1.726623279256472
SAU,20,0.6666666666666666,action_value,1.7251333700852063
SAU,20,0.6666666666666666,mmd,1.7258850136939838
SAU,20,0.6666666666666666,wasserstein,1.7264214090302457
SAU,20,0.6666666666666666,distance,1.7256227117657998
SAU,20,0.6666666666666666,mean_shift,1.7270899565697622
SAU,20,0.6666666666666666,kl_source_target,1.725195221660936
SAU,20,0.6666666666666666,oracle,1.723932646708837
SAU,20,0.6666666666666666,random_expected,1.7264074646792633
SAU,21,0.7,action_value,1.7249690699158458
SAU,21,0.7,mmd,1.7257707158271627
SAU,21,0.7,wasserstein,1.7256389430954924
SAU,21,0.7,distance,1.7251472296198544
SAU,21,0.7,mean_shift,1.7269788813274016
SAU,21,0.7,kl_source_target,1.724871457177802
SAU,21,0.7,oracle,1.7238338182341564
SAU,21,0.7,random_expected,1.7261916501020547
SAU,22,0.7333333333333333,action_value,1.7249916806180252
SAU,22,0.7333333333333333,mmd,1.725606415657802
SAU,22,0.7333333333333333,wasserstein,1.725651739024029
SAU,22,0.7333333333333333,distance,1.725253691864602
SAU,22,0.7333333333333333,mean_shift,1.7265033991814565
SAU,22,0.7333333333333333,kl_source_target,1.724867515323961
SAU,22,0.7333333333333333,oracle,1.7238216558639365
SAU,22,0.7333333333333333,random_expected,1.7259758355248462
SAU,23,0.7666666666666667,action_value,1.724987738764184
SAU,23,0.7666666666666667,mmd,1.7251443048205013
SAU,23,0.7666666666666667,wasserstein,1.725327974540895
SAU,23,0.7666666666666667,distance,1.7248224363650801
SAU,23,0.7666666666666667,mean_shift,1.726516195109993
SAU,23,0.7666666666666667,kl_source_target,1.724910293883181
SAU,23,0.7666666666666667,oracle,1.7238177140100954
SAU,23,0.7666666666666667,random_expected,1.7257600209476376
SAU,24,0.8,action_value,1.72486065768788
SAU,24,0.8,mmd,1.7245067536717689
SAU,24,0.8,wasserstein,1.7248524923949495
SAU,24,0.8,distance,1.7247010217036727
SAU,24,0.8,mean_shift,1.726192430626859
SAU,24,0.8,kl_source_target,1.72479599601636
SAU,24,0.8,oracle,1.723830509938632
SAU,24,0.8,random_expected,1.725544206370429
SAU,25,0.8333333333333334,action_value,1.7249034362471
SAU,25,0.8333333333333334,mmd,1.7245879444188426
SAU,25,0.8333333333333334,wasserstein,1.7249336831420232
SAU,25,0.8333333333333334,distance,1.7245392745659671
SAU,25,0.8333333333333334,mean_shift,1.7255826512689487
SAU,25,0.8333333333333334,kl_source_target,1.7246971675416793
SAU,25,0.8333333333333334,oracle,1.7238531206408114
SAU,25,0.8333333333333334,random_expected,1.7253283917932203
SAU,26,0.8666666666666667,action_value,1.7249846269941738
SAU,26,0.8666666666666667,mmd,1.7244608633425385
SAU,26,0.8666666666666667,wasserstein,1.7248066020657191
SAU,26,0.8666666666666667,distance,1.7245618852681468
SAU,26,0.8666666666666667,mean_shift,1.725477992758112
SAU,26,0.8666666666666667,kl_source_target,1.724839273358342
SAU,26,0.8666666666666667,oracle,1.7238767815394729
SAU,26,0.8666666666666667,random_expected,1.7251125772160116
SAU,27,0.9,action_value,1.7245091448482284
SAU,27,0.9,mmd,1.724349788100178
SAU,27,0.9,wasserstein,1.7246955268233586
SAU,27,0.9,distance,1.724349788100178
SAU,27,0.9,mean_shift,1.7246955268233586
SAU,27,0.9,kl_source_target,1.7246955268233586
SAU,27,0.9,oracle,1.723919560098693
SAU,27,0.9,random_expected,1.724896762638803
SAU,28,0.9333333333333333,action_value,1.724521940776765
SAU,28,0.9333333333333333,mmd,1.7244918939168408
SAU,28,0.9333333333333333,wasserstein,1.7248019890681061
SAU,28,0.9333333333333333,distance,1.7244918939168408
SAU,28,0.9333333333333333,mean_shift,1.7248019890681061
SAU,28,0.9333333333333333,kl_source_target,1.7248019890681061
SAU,28,0.9333333333333333,oracle,1.7240007508457666
SAU,28,0.9333333333333333,random_expected,1.7246809480615943
SAU,29,0.9666666666666667,action_value,1.7242256580085153
SAU,29,0.9666666666666667,mmd,1.7243481473818574
SAU,29,0.9666666666666667,wasserstein,1.7243707335685843
SAU,29,0.9666666666666667,distance,1.7243481473818574
SAU,29,0.9666666666666667,mean_shift,1.7243707335685843
SAU,29,0.9666666666666667,kl_source_target,1.7243707335685843
SAU,29,0.9666666666666667,oracle,1.724107213090514
SAU,29,0.9666666666666667,random_expected,1.7244651334843857
SAU,30,1.0,action_value,1.7242493189071768
SAU,30,1.0,mmd,1.7242493189071768
SAU,30,1.0,wasserstein,1.7242493189071768
SAU,30,1.0,distance,1.7242493189071768
SAU,30,1.0,mean_shift,1.7242493189071768
SAU,30,1.0,kl_source_target,1.7242493189071768
SAU,30,1.0,oracle,1.7242493189071768
SAU,30,1.0,random_expected,1.724249318907177
WCE,0,0.0,action_value,2.2985547631144527
WCE,0,0.0,mmd,2.2985547631144527
WCE,0,0.0,wasserstein,2.2985547631144527
WCE,0,0.0,distance,2.2985547631144527
WCE,0,0.0,mean_shift,2.2985547631144527
WCE,0,0.0,kl_source_target,2.2985547631144527
WCE,0,0.0,oracle,2.2985547631144527
WCE,0,0.0,random_expected,2.2985547631144527
WCE,1,0.03333333333333333,action_value,2.297681332544486
WCE,1,0.03333333333333333,mmd,2.2989039465506873
WCE,1,0.03333333333333333,wasserstein,2.2989325168609622
WCE,1,0.03333333333333333,distance,2.298826503638426
WCE,1,0.03333333333333333,mean_shift,2.2989325168609622
WCE,1,0.03333333333333333,kl_source_target,2.2989039465506873
WCE,1,0.03333333333333333,oracle,2.297681332544486
WCE,1,0.03333333333333333,random_expected,2.2985252067037427
WCE,2,0.06666666666666667,action_value,2.297040526982149
WCE,2,0.06666666666666667,mmd,2.29826314098835
WCE,2,0.06666666666666667,wasserstein,2.298946353085836
WCE,2,0.06666666666666667,distance,2.2986919322450956
WCE,2,0.06666666666666667,mean_shift,2.298946353085836
WCE,2,0.06666666666666667,kl_source_target,2.29826314098835
WCE,2,0.06666666666666667,oracle,2.2969510167002682
WCE,2,0.06666666666666667,random_expected,2.2984956502930327
WCE,3,0.1,action_value,2.2973897104183836
WCE,3,0.1,mmd,2.2973897104183836
WCE,3,0.1,wasserstein,2.298841011810303
WCE,3,0.1,distance,2.2984668412645655
WCE,3,0.1,mean_shift,2.298841011810303
WCE,3,0.1,kl_source_target,2.2973897104183836
WCE,3,0.1,oracle,2.2963102111379308
WCE,3,0.1,random_expected,2.2984660938823227
WCE,4,0.13333333333333333,action_value,2.297338053059578
WCE,4,0.13333333333333333,mmd,2.297338053059578
WCE,4,0.13333333333333333,wasserstein,2.297967581240336
WCE,4,0.13333333333333333,distance,2.298453473929564
WCE,4,0.13333333333333333,mean_shift,2.297967581240336
WCE,4,0.13333333333333333,kl_source_target,2.2974075043916704
WCE,4,0.13333333333333333,oracle,2.2957210073033973
WCE,4,0.13333333333333333,random_expected,2.2984365374716127
WCE,5,0.16666666666666666,action_value,2.2972997709830603
WCE,5,0.16666666666666666,mmd,2.2972997709830603
WCE,5,0.16666666666666666,wasserstein,2.297326775677999
WCE,5,0.16666666666666666,distance,2.2984500407020247
WCE,5,0.16666666666666666,mean_shift,2.297326775677999
WCE,5,0.16666666666666666,kl_source_target,2.2971968536297482
WCE,5,0.16666666666666666,oracle,2.2952653178731603
WCE,5,0.16666666666666666,random_expected,2.2984069810609027
WCE,6,0.2,action_value,2.2972864036480587
WCE,6,0.2,mmd,2.2976111926118534
WCE,6,0.2,wasserstein,2.2976759591142337
WCE,6,0.2,distance,2.2988311826666195
WCE,6,0.2,mean_shift,2.2976759591142337
WCE,6,0.2,kl_source_target,2.2974204862872756
WCE,6,0.2,oracle,2.2950100351532305
WCE,6,0.2,random_expected,2.2983774246501927
WCE,7,0.23333333333333334,action_value,2.296556087803841
WCE,7,0.23333333333333334,mmd,2.297896713320414
WCE,7,0.23333333333333334,wasserstein,2.2979119311889016
WCE,7,0.23333333333333334,distance,2.298783570476373
WCE,7,0.23333333333333334,mean_shift,2.2979119311889016
WCE,7,0.23333333333333334,kl_source_target,2.29743432251215
WCE,7,0.23333333333333334,oracle,2.2947849441727004
WCE,7,0.23333333333333334,random_expected,2.2983478682394827
WCE,8,0.26666666666666666,action_value,2.2963309968233108
WCE,8,0.26666666666666666,mmd,2.2974410238901775
WCE,8,0.26666666666666666,wasserstein,2.2976566484689718
WCE,8,0.26666666666666666,distance,2.2987967311819393
WCE,8,0.26666666666666666,mean_shift,2.2976566484689718
WCE,8,0.26666666666666666,kl_source_target,2.297812076258659
WCE,8,0.26666666666666666,oracle,2.2945742934107782
WCE,8,0.26666666666666666,random_expected,2.2983183118287727
WCE,9,0.3,action_value,2.296642418452104
WCE,9,0.3,mmd,2.2967107080459592
WCE,9,0.3,wasserstein,2.297067444634438
WCE,9,0.3,distance,2.2991137848178544
WCE,9,0.3,mean_shift,2.297067444634438
WCE,9,0.3,kl_source_target,2.2977067349831257
WCE,9,0.3,oracle,2.2944397220174477
WCE,9,0.3,random_expected,2.2982887554180627
WCE,10,0.3333333333333333,action_value,2.296660212425391
WCE,10,0.3333333333333333,mmd,2.2964856170654295
WCE,10,0.3333333333333333,wasserstein,2.29633712879022
WCE,10,0.3333333333333333,distance,2.2991315787911413
WCE,10,0.3333333333333333,mean_shift,2.2970540772994363
WCE,10,0.3333333333333333,kl_source_target,2.296976419138908
WCE,10,0.3333333333333333,oracle,2.2943343807419145
WCE,10,0.3333333333333333,random_expected,2.2982591990073526
WCE,11,0.36666666666666664,action_value,2.296656779197852
WCE,11,0.36666666666666664,mmd,2.2963510456720986
WCE,11,0.36666666666666664,wasserstein,2.295881439359983
WCE,11,0.36666666666666664,distance,2.298920928029219
WCE,11,0.36666666666666664,mean_shift,2.2974352192640306
WCE,11,0.36666666666666664,kl_source_target,2.2972619398474694
WCE,11,0.36666666666666664,oracle,2.2942827233831093
WCE,11,0.36666666666666664,random_expected,2.2982296425966426
WCE,12,0.4,action_value,2.296609167007605
WCE,12,0.4,mmd,2.2966227861960733
WCE,12,0.4,wasserstein,2.296166960068544
WCE,12,0.4,distance,2.299144560686747
WCE,12,0.4,mean_shift,2.2974317860364915
WCE,12,0.4,kl_source_target,2.296806250417233
WCE,12,0.4,oracle,2.2942351111928625
WCE,12,0.4,random_expected,2.2982000861859326
WCE,13,0.43333333333333335,action_value,2.2961534775773687
WCE,13,0.43333333333333335,mmd,2.2970039281606676
WCE,13,0.43333333333333335,wasserstein,2.2964387005925184
WCE,13,0.43333333333333335,distance,2.29827113011678
WCE,13,0.43333333333333335,mean_shift,2.2973935039599738
WCE,13,0.43333333333333335,kl_source_target,2.296671679023902
WCE,13,0.43333333333333335,oracle,2.294196829116345
WCE,13,0.43333333333333335,random_expected,2.2981705297752226
WCE,14,0.4666666666666667,action_value,2.2960189061840377
WCE,14,0.4666666666666667,mmd,2.2970004949331284
WCE,14,0.4666666666666667,wasserstein,2.2962136096119887
WCE,14,0.4666666666666667,distance,2.298620313553015
WCE,14,0.4666666666666667,mean_shift,2.297704925588767
WCE,14,0.4666666666666667,kl_source_target,2.2969434195478753
WCE,14,0.4666666666666667,oracle,2.2941834617813432
WCE,14,0.4666666666666667,random_expected,2.2981409733645126
WCE,15,0.5,action_value,2.296400048148632
WCE,15,0.5,mmd,2.296987127598127
WCE,15,0.5,wasserstein,2.2960790382186578
WCE,15,0.5,distance,2.2979795079906777
WCE,15,0.5,mean_shift,2.2976532682299617
WCE,15,0.5,kl_source_target,2.2967183285673456
WCE,15,0.5,oracle,2.294180028553804
WCE,15,0.5,random_expected,2.2981114169538026
WCE,16,0.5333333333333333,action_value,2.296685568857193
WCE,16,0.5333333333333333,mmd,2.2968817863225937
WCE,16,0.5333333333333333,wasserstein,2.29639045984745
WCE,16,0.5333333333333333,distance,2.2983572617371877
WCE,16,0.5333333333333333,mean_shift,2.297605656039715
WCE,16,0.5333333333333333,kl_source_target,2.2966666712085404
WCE,16,0.5333333333333333,oracle,2.2941931892593703
WCE,16,0.5333333333333333,random_expected,2.2980818605430926
WCE,17,0.5666666666666667,action_value,2.2969573093811673
WCE,17,0.5666666666666667,mmd,2.2968956225474675
WCE,17,0.5666666666666667,wasserstein,2.2963521777709324
WCE,17,0.5666666666666667,distance,2.2982519204616545
WCE,17,0.5666666666666667,mean_shift,2.2976188167452816
WCE,17,0.5666666666666667,kl_source_target,2.2966283891320227
WCE,17,0.5666666666666667,oracle,2.2942070254842446
WCE,17,0.5666666666666667,random_expected,2.2980523041323826
WCE,18,0.6,action_value,2.2967466586192447
WCE,18,0.6,mmd,2.297273376293977
WCE,18,0.6,wasserstein,2.2963005204121267
WCE,18,0.6,distance,2.2982657566865283
WCE,18,0.6,mean_shift,2.2979358703811963
WCE,18,0.6,kl_source_target,2.296939810760816
WCE,18,0.6,oracle,2.2942248194575314
WCE,18,0.6,random_expected,2.2980227477216726
WCE,19,0.6333333333333333,action_value,2.2967598193248113
WCE,19,0.6333333333333333,mmd,2.296684172459443
WCE,19,0.6333333333333333,wasserstein,2.2962529082218803
WCE,19,0.6333333333333333,distance,2.2985512773950894
WCE,19,0.6333333333333333,mean_shift,2.2978012989878653
WCE,19,0.6333333333333333,kl_source_target,2.296350606926282
WCE,19,0.6333333333333333,oracle,2.294345347996553
WCE,19,0.6333333333333333,random_expected,2.2979931913109626
WCE,20,0.6666666666666666,action_value,2.296983451982339
WCE,20,0.6666666666666666,mmd,2.2964288897395133
WCE,20,0.6666666666666666,wasserstein,2.2962660689274466
WCE,20,0.6666666666666666,distance,2.297820961550871
WCE,20,0.6666666666666666,mean_shift,2.2980730395118396
WCE,20,0.6666666666666666,kl_source_target,2.296095324206352
WCE,20,0.6666666666666666,oracle,2.2944794902364416
WCE,20,0.6666666666666666,random_expected,2.2979636349002526
WCE,21,0.7,action_value,2.297300505618254
WCE,21,0.7,mmd,2.2966648618141807
WCE,21,0.7,wasserstein,2.296583122563362
WCE,21,0.7,distance,2.2973652721206346
WCE,21,0.7,mean_shift,2.29784794853131
WCE,21,0.7,kl_source_target,2.296331296281019
WCE,21,0.7,oracle,2.2947031228939694
WCE,21,0.7,random_expected,2.2979340784895426
WCE,22,0.7333333333333333,action_value,2.2967113017837204
WCE,22,0.7333333333333333,mmd,2.296981915450096
WCE,22,0.7333333333333333,wasserstein,2.2969642645279564
WCE,22,0.7333333333333333,distance,2.297601244195302
WCE,22,0.7333333333333333,mean_shift,2.2981334692398705
WCE,22,0.7333333333333333,kl_source_target,2.296712438245614
WCE,22,0.7333333333333333,oracle,2.2949390949686364
WCE,22,0.7333333333333333,random_expected,2.2979045220788326
WCE,23,0.7666666666666667,action_value,2.296831830322742
WCE,23,0.7666666666666667,mmd,2.296995076155662
WCE,23,0.7666666666666667,wasserstein,2.2969608313004173
WCE,23,0.7666666666666667,distance,2.2970120403607686
WCE,23,0.7666666666666667,mean_shift,2.2974031533956523
WCE,23,0.7666666666666667,kl_source_target,2.2967090050180747
WCE,23,0.7666666666666667,oracle,2.295210835492611
WCE,23,0.7666666666666667,random_expected,2.2978749656681225
WCE,24,0.8,action_value,2.296726489047209
WCE,24,0.8,mmd,2.2969474639654157
WCE,24,0.8,wasserstein,2.2969474639654157
WCE,24,0.8,distance,2.2967567576408383
WCE,24,0.8,mean_shift,2.2969474639654157
WCE,24,0.8,kl_source_target,2.296695637683073
WCE,24,0.8,oracle,2.2954963562011717
WCE,24,0.8,random_expected,2.2978454092574125
WCE,25,0.8333333333333334,action_value,2.2964712063272787
WCE,25,0.8333333333333334,mmd,2.2971710966229435
WCE,25,0.8333333333333334,wasserstein,2.2971710966229435
WCE,25,0.8333333333333334,distance,2.297068179269631
WCE,25,0.8333333333333334,mean_shift,2.2973826241453486
WCE,25,0.8333333333333334,kl_source_target,2.2970126913189883
WCE,25,0.8333333333333334,oracle,2.295807777829965
WCE,25,0.8333333333333334,random_expected,2.2978158528467025
WCE,26,0.8666666666666667,action_value,2.2966053485671676
WCE,26,0.8666666666666667,mmd,2.296960445861021
WCE,26,0.8666666666666667,wasserstein,2.296960445861021
WCE,26,0.8666666666666667,distance,2.2970298971931133
WCE,26,0.8666666666666667,mean_shift,2.297516766385237
WCE,26,0.8666666666666667,kl_source_target,2.2970258520245546
WCE,26,0.8666666666666667,oracle,2.2961248314658804
WCE,26,0.8666666666666667,random_expected,2.2977862964359925
WCE,27,0.9,action_value,2.2966191847920414
WCE,27,0.9,mmd,2.296978239834308
WCE,27,0.9,wasserstein,2.296978239834308
WCE,27,0.9,distance,2.296978239834308
WCE,27,0.9,mean_shift,2.2976372949242587
WCE,27,0.9,kl_source_target,2.296978239834308
WCE,27,0.9,oracle,2.296474014902115
WCE,27,0.9,random_expected,2.297756740025282
WCE,28,0.9333333333333333,action_value,2.2968551568667093
WCE,28,0.9333333333333333,mmd,2.297413400014241
WCE,28,0.9333333333333333,wasserstein,2.297413400014241
WCE,28,0.9333333333333333,distance,2.297413400014241
WCE,28,0.9333333333333333,mean_shift,2.2978609275817865
WCE,28,0.9333333333333333,kl_source_target,2.297413400014241
WCE,28,0.9333333333333333,oracle,2.296851768648624
WCE,28,0.9333333333333333,random_expected,2.297727183614572
WCE,29,0.9666666666666667,action_value,2.297290317046642
WCE,29,0.9666666666666667,mmd,2.2975475422541294
WCE,29,0.9666666666666667,wasserstein,2.2975475422541294
WCE,29,0.9666666666666667,distance,2.2975475422541294
WCE,29,0.9666666666666667,mean_shift,2.2976502768198643
WCE,29,0.9666666666666667,kl_source_target,2.2975475422541294
WCE,29,0.9666666666666667,oracle,2.2972329106132183
WCE,29,0.9666666666666667,random_expected,2.297697627203862
WCE,30,1.0,action_value,2.297668070793151
WCE,30,1.0,mmd,2.297668070793151
WCE,30,1.0,wasserstein,2.297668070793151
WCE,30,1.0,distance,2.297668070793151
WCE,30,1.0,mean_shift,2.297668070793151
WCE,30,1.0,kl_source_target,2.297668070793151
WCE,30,1.0,oracle,2.297668070793151
WCE,30,1.0,random_expected,2.297668070793152
WNA,0,0.0,action_value,2.1163967695888295
WNA,0,0.0,mmd,2.1163967695888295
WNA,0,0.0,wasserstein,2.1163967695888295
WNA,0,0.0,distance,2.1163967695888295
WNA,0,0.0,mean_shift,2.1163967695888295
WNA,0,0.0,kl_source_target,2.1163967695888295
WNA,0,0.0,oracle,2.1163967695888295
WNA,0,0.0,random_expected,2.1163967695888295
WNA,1,0.03333333333333333,action_value,2.11410089006587
WNA,1,0.03333333333333333,mmd,2.1163353781883534
WNA,1,0.03333333333333333,wasserstein,2.116420113606331
WNA,1,0.03333333333333333,distance,2.116572203703416
WNA,1,0.03333333333333333,mean_shift,2.116420113606331
WNA,1,0.03333333333333333,kl_source_target,2.1164500900782075
WNA,1,0.03333333333333333,oracle,2.1133069522238186
WNA,1,0.03333333333333333,random_expected,2.115509813751998
WNA,2,0.06666666666666667,action_value,2.1118575421031727
WNA,2,0.06666666666666667,mmd,2.113245560823343
WNA,2,0.06666666666666667,wasserstein,2.116036967002429
WNA,2,0.06666666666666667,distance,2.1162087345795757
WNA,2,0.06666666666666667,mean_shift,2.116036967002429
WNA,2,0.06666666666666667,kl_source_target,2.1161228685256765
WNA,2,0.06666666666666667,oracle,2.1104282704051744
WNA,2,0.06666666666666667,random_expected,2.1146228579151667
WNA,3,0.1,action_value,2.1107830809609505
WNA,3,0.1,mmd,2.1109496813003834
WNA,3,0.1,wasserstein,2.11483013586509
WNA,3,0.1,distance,2.114916493959916
WNA,3,0.1,mean_shift,2.11483013586509
WNA,3,0.1,kl_source_target,2.114828060932649
WNA,3,0.1,oracle,2.107986776735029
WNA,3,0.1,random_expected,2.1137359020783353
WNA,4,0.13333333333333333,action_value,2.1098187294658435
WNA,4,0.13333333333333333,mmd,2.1099853298052764
WNA,4,0.13333333333333333,wasserstein,2.1125342563421303
WNA,4,0.13333333333333333,distance,2.1138873244004377
WNA,4,0.13333333333333333,mean_shift,2.1125342563421303
WNA,4,0.13333333333333333,kl_source_target,2.1144881634589954
WNA,4,0.13333333333333333,oracle,2.1056908972120696
WNA,4,0.13333333333333333,random_expected,2.1128489462415043
WNA,5,0.16666666666666666,action_value,2.106728912100833
WNA,5,0.16666666666666666,mmd,2.108140256105325
WNA,5,0.16666666666666666,wasserstein,2.10944443897712
WNA,5,0.16666666666666666,distance,2.113547426926784
WNA,5,0.16666666666666666,mean_shift,2.10944443897712
WNA,5,0.16666666666666666,kl_source_target,2.1134589938995165
WNA,5,0.16666666666666666,oracle,2.1034475492493723
WNA,5,0.16666666666666666,random_expected,2.111961990404673
WNA,6,0.2,action_value,2.106667520700357
WNA,6,0.2,mmd,2.108204830557872
WNA,6,0.2,wasserstein,2.1093830475766437
WNA,6,0.2,distance,2.113620695408593
WNA,6,0.2,mean_shift,2.1093830475766437
WNA,6,0.2,kl_source_target,2.1135322623813253
WNA,6,0.2,oracle,2.101602475549421
WNA,6,0.2,random_expected,2.1110750345678415
WNA,7,0.23333333333333334,action_value,2.105638351140878
WNA,7,0.23333333333333334,mmd,2.1077080139553446
WNA,7,0.23333333333333334,wasserstein,2.108717464677289
WNA,7,0.23333333333333334,distance,2.113237548804691
WNA,7,0.23333333333333334,mean_shift,2.108717464677289
WNA,7,0.23333333333333334,kl_source_target,2.113634615962322
WNA,7,0.23333333333333334,oracle,2.100002190178276
WNA,7,0.23333333333333334,random_expected,2.11018807873101
WNA,8,0.26666666666666666,action_value,2.102759669322234
WNA,8,0.26666666666666666,mmd,2.1048293321367004
WNA,8,0.26666666666666666,wasserstein,2.1062759710071437
WNA,8,0.26666666666666666,distance,2.1132608928221925
WNA,8,0.26666666666666666,mean_shift,2.1062759710071437
WNA,8,0.26666666666666666,kl_source_target,2.112034330591177
WNA,8,0.26666666666666666,oracle,2.0987073825852485
WNA,8,0.26666666666666666,random_expected,2.1093011228941787
WNA,9,0.3,action_value,2.1014674287025747
WNA,9,0.3,mmd,2.102585984174003
WNA,9,0.3,wasserstein,2.1052015098649215
WNA,9,0.3,distance,2.1120540616848533
WNA,9,0.3,mean_shift,2.1052015098649215
WNA,9,0.3,kl_source_target,2.1110802589104725
WNA,9,0.3,oracle,2.0974151419655893
WNA,9,0.3,random_expected,2.1084141670573473
WNA,10,0.3333333333333333,action_value,2.1009706121000473
WNA,10,0.3333333333333333,mmd,2.1012911765809754
WNA,10,0.3333333333333333,wasserstein,2.102958161902224
WNA,10,0.3333333333333333,distance,2.1107592540918256
WNA,10,0.3333333333333333,mean_shift,2.1041723403054426
WNA,10,0.3333333333333333,kl_source_target,2.111103602927974
WNA,10,0.3333333333333333,oracle,2.09620831082825
WNA,10,0.3333333333333333,random_expected,2.1075272112205163
WNA,11,0.36666666666666664,action_value,2.0993703267289026
WNA,11,0.36666666666666664,mmd,2.1009639550284445
WNA,11,0.36666666666666664,wasserstein,2.10007948008358
WNA,11,0.36666666666666664,distance,2.1104320325392947
WNA,11,0.36666666666666664,mean_shift,2.1042456087872514
WNA,11,0.36666666666666664,kl_source_target,2.110720456324072
WNA,11,0.36666666666666664,oracle,2.095133849686028
WNA,11,0.36666666666666664,random_expected,2.106640255383685
WNA,12,0.4,action_value,2.0969288330587568
WNA,12,0.4,mmd,2.1010172755178225
WNA,12,0.4,wasserstein,2.099582663481052
WNA,12,0.4,distance,2.1104853530286727
WNA,12,0.4,mean_shift,2.1039057113135984
WNA,12,0.4,kl_source_target,2.109513625186733
WNA,12,0.4,oracle,2.094104680126549
WNA,12,0.4,random_expected,2.1057532995468535
WNA,13,0.43333333333333335,action_value,2.0965805154356185
WNA,13,0.43333333333333335,mmd,2.100653806393982
WNA,13,0.43333333333333335,wasserstein,2.0997580975956387
WNA,13,0.43333333333333335,distance,2.1095312813479676
WNA,13,0.43333333333333335,mean_shift,2.102060637613647
WNA,13,0.43333333333333335,kl_source_target,2.1094234576296604
WNA,13,0.43333333333333335,oracle,2.093140328631442
WNA,13,0.43333333333333335,random_expected,2.104866343710022
WNA,14,0.4666666666666667,action_value,2.0959149325362643
WNA,14,0.4666666666666667,mmd,2.1008292405085687
WNA,14,0.4666666666666667,wasserstein,2.0984658569759795
WNA,14,0.4666666666666667,distance,2.109633634928964
WNA,14,0.4666666666666667,mean_shift,2.102125212066194
WNA,14,0.4666666666666667,kl_source_target,2.109609010862489
WNA,14,0.4666666666666667,oracle,2.0921862569507375
WNA,14,0.4666666666666667,random_expected,2.1039793878731907
WNA,15,0.5,action_value,2.094069858836313
WNA,15,0.5,mmd,2.099536999888909
WNA,15,0.5,wasserstein,2.098102387852139
WNA,15,0.5,distance,2.1080333495578194
WNA,15,0.5,mean_shift,2.101160860571087
WNA,15,0.5,kl_source_target,2.1092606932393507
WNA,15,0.5,oracle,2.0915206740513828
WNA,15,0.5,random_expected,2.1030924320363593
WNA,16,0.5333333333333333,action_value,2.0928630276989737
WNA,16,0.5333333333333333,mmd,2.09833016875157
WNA,16,0.5333333333333333,wasserstein,2.098166962304686
WNA,16,0.5333333333333333,distance,2.1080979240103663
WNA,16,0.5333333333333333,mean_shift,2.1008125429479483
WNA,16,0.5333333333333333,kl_source_target,2.1093252676918977
WNA,16,0.5333333333333333,oracle,2.0910238574488553
WNA,16,0.5333333333333333,random_expected,2.1022054761995284
WNA,17,0.5666666666666667,action_value,2.0929276021515206
WNA,17,0.5666666666666667,mmd,2.0979470221476677
WNA,17,0.5666666666666667,wasserstein,2.096321888604735
WNA,17,0.5666666666666667,distance,2.1071335725152593
WNA,17,0.5666666666666667,mean_shift,2.1009980961807773
WNA,17,0.5666666666666667,kl_source_target,2.1083609161967902
WNA,17,0.5666666666666667,oracle,2.090640710844953
WNA,17,0.5666666666666667,random_expected,2.101318520362697
WNA,18,0.6,action_value,2.091632794558493
WNA,18,0.6,mmd,2.0979703661651694
WNA,18,0.6,wasserstein,2.095357537109628
WNA,18,0.6,distance,2.105288498815308
WNA,18,0.6,mean_shift,2.1009079286237045
WNA,18,0.6,kl_source_target,2.1065158424968393
WNA,18,0.6,oracle,2.090277241721113
WNA,18,0.6,random_expected,2.1004315645258655
WNA,19,0.6333333333333333,action_value,2.0912928970848395
WNA,19,0.6333333333333333,mmd,2.097630468691516
WNA,19,0.6333333333333333,wasserstein,2.094328367550149
WNA,19,0.6333333333333333,distance,2.1046229159159537
WNA,19,0.6333333333333333,mean_shift,2.100544459499864
WNA,19,0.6333333333333333,kl_source_target,2.1052236018771797
WNA,19,0.6333333333333333,oracle,2.0899289240979746
WNA,19,0.6333333333333333,random_expected,2.099544608689034
WNA,20,0.6666666666666666,action_value,2.0913661655666482
WNA,20,0.6666666666666666,mmd,2.0977037371733247
WNA,20,0.6666666666666666,wasserstein,2.093988470076496
WNA,20,0.6666666666666666,distance,2.1035484547737315
WNA,20,0.6666666666666666,mean_shift,2.100719893614451
WNA,20,0.6666666666666666,kl_source_target,2.1048601327533394
WNA,20,0.6666666666666666,oracle,2.0895890266243216
WNA,20,0.6666666666666666,random_expected,2.0986576528522027
WNA,21,0.7,action_value,2.091002696442808
WNA,21,0.7,mmd,2.0966745676138463
WNA,21,0.7,wasserstein,2.0940617385583047
WNA,21,0.7,distance,2.101106961103586
WNA,21,0.7,mean_shift,2.0994276529947915
WNA,21,0.7,kl_source_target,2.105035566867926
WNA,21,0.7,oracle,2.0892618050717906
WNA,21,0.7,random_expected,2.0977706970153713
WNA,22,0.7333333333333333,action_value,2.0911781305573944
WNA,22,0.7333333333333333,mmd,2.0967769211948424
WNA,22,0.7333333333333333,wasserstein,2.0941150590476827
WNA,22,0.7333333333333333,distance,2.1012925143364147
WNA,22,0.7333333333333333,mean_shift,2.098930836392264
WNA,22,0.7333333333333333,kl_source_target,2.1043699839685717
WNA,22,0.7333333333333333,oracle,2.089171637514718
WNA,22,0.7333333333333333,random_expected,2.0968837411785404
WNA,23,0.7666666666666667,action_value,2.09022405887669
WNA,23,0.7666666666666667,mmd,2.0951766358236976
WNA,23,0.7666666666666667,wasserstein,2.0937878374951517
WNA,23,0.7666666666666667,distance,2.1012023467793424
WNA,23,0.7666666666666667,mean_shift,2.0966874884295668
WNA,23,0.7666666666666667,kl_source_target,2.101928490298426
WNA,23,0.7666666666666667,oracle,2.089110246114242
WNA,23,0.7666666666666667,random_expected,2.095996785341709
WNA,24,0.8,action_value,2.0904096121095184
WNA,24,0.8,mmd,2.094222564142993
WNA,24,0.8,wasserstein,2.092493029902124
WNA,24,0.8,distance,2.1008540291562037
WNA,24,0.8,mean_shift,2.093808806610922
WNA,24,0.8,kl_source_target,2.1008540291562037
WNA,24,0.8,oracle,2.0891335901317434
WNA,24,0.8,random_expected,2.0951098295048776
WNA,25,0.8333333333333334,action_value,2.090511965690515
WNA,25,0.8333333333333334,mmd,2.0935569812436388
WNA,25,0.8333333333333334,wasserstein,2.09259538348312
WNA,25,0.8333333333333334,distance,2.0986106811935064
WNA,25,0.8333333333333334,mean_shift,2.0938621271003
WNA,25,0.8333333333333334,kl_source_target,2.098558149633244
WNA,25,0.8333333333333334,oracle,2.0891869106211214
WNA,25,0.8333333333333334,random_expected,2.094222873668046
WNA,26,0.8666666666666667,action_value,2.090421798133442
WNA,26,0.8666666666666667,mmd,2.091115487573493
WNA,26,0.8666666666666667,wasserstein,2.0916413118024155
WNA,26,0.8666666666666667,distance,2.098113864590979
WNA,26,0.8666666666666667,mean_shift,2.093534905547769
WNA,26,0.8666666666666667,kl_source_target,2.0984967582327685
WNA,26,0.8666666666666667,oracle,2.0892514850736683
WNA,26,0.8666666666666667,random_expected,2.0933359178312148
WNA,27,0.9,action_value,2.09003865152954
WNA,27,0.9,mmd,2.0900410264312708
WNA,27,0.9,wasserstein,2.0900410264312708
WNA,27,0.9,distance,2.0952351827723343
WNA,27,0.9,mean_shift,2.0922400979547415
WNA,27,0.9,kl_source_target,2.095406940867758
WNA,27,0.9,oracle,2.0893247535554766
WNA,27,0.9,random_expected,2.0924489619943833
WNA,28,0.9333333333333333,action_value,2.089711429977009
WNA,28,0.9333333333333333,mmd,2.0899508588741984
WNA,28,0.9333333333333333,wasserstein,2.0899508588741984
WNA,28,0.9333333333333333,distance,2.0951737913718587
WNA,28,0.9333333333333333,mean_shift,2.092342451535738
WNA,28,0.9333333333333333,kl_source_target,2.09491012426523
WNA,28,0.9333333333333333,oracle,2.089427107136473
WNA,28,0.9333333333333333,random_expected,2.0915620061575524
WNA,29,0.9666666666666667,action_value,2.0897347739945107
WNA,29,0.9666666666666667,mmd,2.090136412107027
WNA,29,0.9666666666666667,wasserstein,2.090136412107027
WNA,29,0.9666666666666667,distance,2.092083974006848
WNA,29,0.9666666666666667,mean_shift,2.0913883798550335
WNA,29,0.9666666666666667,kl_source_target,2.092031442446586
WNA,29,0.9666666666666667,oracle,2.0896025412510597
WNA,29,0.9666666666666667,random_expected,2.090675050320721
WNA,30,1.0,action_value,2.0897880944838887
WNA,30,1.0,mmd,2.0897880944838887
WNA,30,1.0,wasserstein,2.0897880944838887
WNA,30,1.0,distance,2.0897880944838887
WNA,30,1.0,mean_shift,2.0897880944838887
WNA,30,1.0,kl_source_target,2.0897880944838887
WNA,30,1.0,oracle,2.0897880944838887
WNA,30,1.0,random_expected,2.0897880944838896
