model,source_region,target_region,benefit_adapt,benefit_retrain,kl_source_to_target,kl_target_to_source,wasserstein_precip,mmd_rbf_precip,shift_mean_abs,shift_variance_abs,shift_wet_fraction_abs,shift_p95_abs,shift_p99_abs,shift_monthly_l2,region_centroid_distance_deg,phys_source_wet_day_fraction_gt1mm,phys_target_wet_day_fraction_gt1mm,phys_delta_wet_day_fraction_gt1mm,phys_abs_delta_wet_day_fraction_gt1mm,phys_source_wet_day_mean_intensity,phys_target_wet_day_mean_intensity,phys_delta_wet_day_mean_intensity,phys_abs_delta_wet_day_mean_intensity,phys_source_daily_precip_cv,phys_target_daily_precip_cv,phys_delta_daily_precip_cv,phys_abs_delta_daily_precip_cv,phys_source_monthly_climatology_amplitude,phys_target_monthly_climatology_amplitude,phys_delta_monthly_climatology_amplitude,phys_abs_delta_monthly_climatology_amplitude,phys_source_top3_month_precip_fraction,phys_target_top3_month_precip_fraction,phys_delta_top3_month_precip_fraction,phys_abs_delta_top3_month_precip_fraction,phys_source_occurrence_lag1_autocorr,phys_target_occurrence_lag1_autocorr,phys_delta_occurrence_lag1_autocorr,phys_abs_delta_occurrence_lag1_autocorr,phys_source_wet_intensity_lag1_autocorr,phys_target_wet_intensity_lag1_autocorr,phys_delta_wet_intensity_lag1_autocorr,phys_abs_delta_wet_intensity_lag1_autocorr,phys_source_dry_spell_mean_days,phys_target_dry_spell_mean_days,phys_delta_dry_spell_mean_days,phys_abs_delta_dry_spell_mean_days,phys_source_dry_spell_p95_days,phys_target_dry_spell_p95_days,phys_delta_dry_spell_p95_days,phys_abs_delta_dry_spell_p95_days,phys_source_wet_day_p95,phys_target_wet_day_p95,phys_delta_wet_day_p95,phys_abs_delta_wet_day_p95,phys_source_wet_day_p99,phys_target_wet_day_p99,phys_delta_wet_day_p99,phys_abs_delta_wet_day_p99,phys_source_extreme_tail_ratio_p99_p95,phys_target_extreme_tail_ratio_p99_p95,phys_delta_extreme_tail_ratio_p99_p95,phys_abs_delta_extreme_tail_ratio_p99_p95,model_graphwavenet_transfer,model_patchtst_small,model_spatial_knn_ridge,pred_benefit_adapt,pred_benefit_retrain,policy_action,policy_mae,policy_regret,policy_normalized_regret,policy_correct,adapt,deploy,retrain,cheap_action,cheap_mae,predicted_gain,realized_gain,oracle_action_confirm,oracle_mae_confirm
graphwavenet_transfer,CNA,EAS,0.0637598037719726,0.1563787460327148,0.0971609620504097,0.0895437202433365,3.77910333333333,0.0093099883973224,3.779103333333332,328.97482915188226,0.0852166666666666,22.0,57.4,20.05107734207234,215.4384963339484,0.1769941429813634,0.2619645284658203,0.0849703854844569,0.0849703854844569,11.7045993843284,22.32134072090326,10.616741336574862,10.616741336574862,3.537563069226391,3.243094697249479,-0.2944683719769116,0.2944683719769116,712.5566210045662,3905.359090909091,3192.8024699045245,3192.8024699045245,0.4114839791493083,0.5445014743036944,0.1330174951543861,0.1330174951543861,0.1885324106286633,0.3575663621177918,0.1690339514891285,0.1690339514891285,0.0706025047024773,0.1647095879545876,0.0941070832521103,0.0941070832521103,7.2567876750221885,5.973304597322264,-1.2834830776999242,1.2834830776999242,22.21187214611871,19.794090909090905,-2.417781237027807,2.417781237027807,38.09081050228309,81.67781818181815,43.58700767953506,43.58700767953506,65.53934703196344,152.75432727272724,87.2149802407638,87.2149802407638,1.722797391119089,1.867813398543564,0.145016007424475,0.145016007424475,1.0,0.0,0.0,0.0456828689220665,0.2360001722885759,retrain,5.9496283531188965,0.0,0.0,True,6.590381622314453,6.644984722137451,6.446907043457031,adapt,6.590381622314453,0.1903173033665094,0.14347457885742188,retrain,6.446907043457031
graphwavenet_transfer,CNA,EAU,0.0137321949005131,0.0429418087005619,0.0379621567819372,0.0761158539867689,0.2531913333333306,0.0007974552014509,0.2531893333333337,8.149094668920874,0.0292199999999999,0.6999999999999993,0.8999999999999986,4.911264224874982,257.372756195551,0.1769941429813634,0.2062810595178484,0.0292869165364849,0.0292869165364849,11.7045993843284,11.241205060945532,-0.4633943233828681,0.4633943233828681,3.537563069226391,3.3685489949547898,-0.1690140742716011,0.1690140742716011,712.5566210045662,834.2655601659751,121.70893916140892,121.70893916140892,0.4114839791493083,0.4070551376247937,-0.0044288415245146,0.0044288415245146,0.1885324106286633,0.2822674911951668,0.0937350805665035,0.0937350805665035,0.0706025047024773,0.1358043125815428,0.0652018078790655,0.0652018078790655,7.2567876750221885,7.157240483743252,-0.099547191278936,0.099547191278936,22.21187214611871,21.85435684647302,-0.3575152996456907,0.3575152996456907,38.09081050228309,37.27962655601658,-0.8111839462665102,0.8111839462665102,65.53934703196344,65.89961825726138,0.3602712252979358,0.3602712252979358,1.722797391119089,1.7478079051967732,0.0250105140776841,0.0250105140776841,1.0,0.0,0.0,0.0248480313542129,0.0522873116180871,retrain,3.15310001373291,0.0,0.0,True,2.4508090019226074,2.466999053955078,2.4267327785491943,adapt,2.4508090019226074,0.027439280263874197,0.024076223373413086,retrain,2.4267327785491943
graphwavenet_transfer,CNA,ENA,0.0262167453765869,0.0340967178344726,0.0334082620266965,0.0364817955864977,1.0076643333333328,0.0090104074135062,1.0076496666666666,20.114120437357226,0.0870466666666666,5.0,4.799999999999997,3.6336247778337984,16.632134644836842,0.1769941429813634,0.2636865078570336,0.0866923648756702,0.0866923648756702,11.7045993843284,11.86802551155998,0.1634261272315793,0.1634261272315793,3.537563069226391,2.7719647735757627,-0.7655982956506282,0.7655982956506282,712.5566210045662,625.5614942528736,-86.99512675169262,86.99512675169262,0.4114839791493083,0.3332258746454959,-0.0782581045038123,0.0782581045038123,0.1885324106286633,0.1688618357303399,-0.0196705748983234,0.0196705748983234,0.0706025047024773,0.0494158020227599,-0.0211867026797173,0.0211867026797173,7.2567876750221885,4.632001828479278,-2.6247858465429106,2.6247858465429106,22.21187214611871,12.88812260536398,-9.323749540754733,9.323749540754733,38.09081050228309,37.795498084291175,-0.2953124179919157,0.2953124179919157,65.53934703196344,64.34408812260534,-1.1952589093581023,1.1952589093581023,1.722797391119089,1.6986412128113502,-0.0241561783077388,0.0241561783077388,1.0,0.0,0.0,0.0227477627488242,-0.0201857395799717,adapt,3.0475001335144043,0.0078799724578857,0.0025924201184225,False,2.8571577072143555,2.8788001537323,2.8372068405151367,adapt,2.8571577072143555,-0.0429335023287959,0.01995086669921875,retrain,2.8372068405151367
graphwavenet_transfer,CNA,MED,0.0334544181823732,0.0471247434616091,0.0309612292765704,0.0760398456920254,0.3779263333333431,0.0003019042878396,0.3181276666666668,14.76074448450678,0.0090433333333333,2.5,7.900000000000002,4.496722296328454,105.49791444936236,0.1769941429813634,0.1861451202091436,0.0091509772277801,0.0091509772277801,11.7045993843284,9.53591246713893,-2.1686869171894703,2.1686869171894703,3.537563069226391,3.542390644885146,0.004827575658755,0.004827575658755,712.5566210045662,735.0091463414634,22.452525336897224,22.452525336897224,0.4114839791493083,0.4203848180768059,0.0089008389274976,0.0089008389274976,0.1885324106286633,0.3160164627808042,0.1274840521521409,0.1274840521521409,0.0706025047024773,0.0875235951849466,0.0169210904824693,0.0169210904824693,7.2567876750221885,8.405440814641642,1.1486531396194533,1.1486531396194533,22.21187214611871,28.08231707317072,5.870444927052009,5.870444927052009,38.09081050228309,30.50050304878048,-7.590307453502611,7.590307453502611,65.53934703196344,54.294249999999984,-11.24509703196346,11.24509703196346,1.722797391119089,1.7647267297942557,0.0419293386751666,0.0419293386751666,1.0,0.0,0.0,-0.0019278827730023,-0.0036509249498292,deploy,1.7113428115844729,0.0471247434616091,0.0283164474441519,False,1.7608966827392578,1.8006843328475952,1.748983383178711,deploy,1.8006843328475952,-0.0036509249498292,0.05170094966888428,retrain,1.748983383178711
graphwavenet_transfer,CNA,NCA,0.0054408311843872,-0.0010089874267578,0.0395424399890317,0.0335876249909874,1.041053999999999,0.0048546603767587,1.040390666666667,30.15341133275911,0.0734033333333333,7.9,12.700000000000005,4.460699954893447,12.762112366273143,0.1769941429813634,0.1028719844975235,-0.0741221584838399,0.0741221584838399,11.7045993843284,10.49152713485848,-1.2130722494699206,1.2130722494699206,3.537563069226391,4.969572135421824,1.4320090661954334,1.4320090661954334,712.5566210045662,618.7291666666666,-93.82745433789955,93.82745433789955,0.4114839791493083,0.5612455220231938,0.1497615428738855,0.1497615428738855,0.1885324106286633,0.2626767940245775,0.0741443833959142,0.0741443833959142,0.0706025047024773,0.0995697692237094,0.0289672645212321,0.0289672645212321,7.2567876750221885,15.03081858212739,7.774030907105201,7.774030907105201,22.21187214611871,56.083333333333314,33.87146118721461,33.87146118721461,38.09081050228309,34.16208333333332,-3.92872716894977,3.92872716894977,65.53934703196344,58.53818749999997,-7.001159531963474,7.001159531963474,1.722797391119089,1.7067006980768993,-0.0160966930421897,0.0160966930421897,1.0,0.0,0.0,0.0265603288530045,0.052997785458303,retrain,1.0432987213134766,0.006449818611145,0.0062205964575309,False,0.9544528126716614,0.9576274156570436,0.9604099988937378,adapt,0.9544528126716614,0.026437456605298497,-0.005957186222076416,adapt,0.9544528126716614
graphwavenet_transfer,CNA,NEU,0.0676789283752441,0.1009767055511479,0.1738147864446911,0.2502726223931507,1.159181333333335,0.0256981012421066,0.2164939999999999,33.11109468667067,0.1654133333333333,1.5999999999999996,13.6,3.040038548015044,111.12624456065464,0.1769941429813634,0.3421046353629576,0.1651104923815942,0.1651104923815942,11.7045993843284,6.448870032886587,-5.255729351441813,5.255729351441813,3.537563069226391,2.1155132948043303,-1.4220497744220606,1.4220497744220606,712.5566210045662,645.8289596602972,-66.727661344269,66.727661344269,0.4114839791493083,0.3633768003955634,-0.0481071787537448,0.0481071787537448,0.1885324106286633,0.2805553338745088,0.0920229232458455,0.0920229232458455,0.0706025047024773,0.0995128420832286,0.0289103373807513,0.0289103373807513,7.2567876750221885,4.159081780752651,-3.097705894269538,3.097705894269538,22.21187214611871,13.465817409766448,-8.746054736352264,8.746054736352264,38.09081050228309,18.62093630573248,-19.46987419655061,19.46987419655061,65.53934703196344,30.73014692144373,-34.80920011051971,34.80920011051971,1.722797391119089,1.6639993521933627,-0.0587980389257263,0.0587980389257263,1.0,0.0,0.0,0.0195461211293578,0.0516836331078745,retrain,2.1495509147644043,0.0,0.0,True,2.3523495197296143,2.421208381652832,2.3169517517089844,adapt,2.3523495197296143,0.032137511978516706,0.03539776802062988,retrain,2.3169517517089844
graphwavenet_transfer,CNA,NWN,0.0955603122711181,0.1971921920776362,0.0747677822866292,0.1094109884519611,0.5199483333333345,0.0097102724947912,0.4589936666666663,1.7764245184507743,0.1022466666666666,0.6999999999999993,1.3000000000000045,3.5708264789205124,40.562142814563344,0.1769941429813634,0.2785900849393239,0.1015959419579605,0.1015959419579605,11.7045993843284,7.260695173095203,-4.443904211233197,4.443904211233197,3.537563069226391,2.6677455388637004,-0.8698175303626905,0.8698175303626905,712.5566210045662,938.5775956284152,226.02097462384904,226.02097462384904,0.4114839791493083,0.4608008032662643,0.049316824116956,0.049316824116956,0.1885324106286633,0.2662126818999085,0.0776802712712451,0.0776802712712451,0.0706025047024773,0.1568075500848776,0.0862050453824003,0.0862050453824003,7.2567876750221885,5.861973518724925,-1.3948141562972634,1.3948141562972634,22.21187214611871,19.06967213114753,-3.1422000149711806,3.1422000149711806,38.09081050228309,22.29953551912568,-15.791274983157413,15.791274983157413,65.53934703196344,37.55597267759563,-27.98337435436781,27.98337435436781,1.722797391119089,1.6943305976016485,-0.0284667935174405,0.0284667935174405,1.0,0.0,0.0,0.0184645820679342,0.074300679119667,retrain,2.310877084732056,0.0,0.0,True,2.3849639892578125,2.4840564727783203,2.2787129878997803,adapt,2.3849639892578125,0.05583609705173281,0.10625100135803223,retrain,2.2787129878997803
graphwavenet_transfer,CNA,SAU,0.027747631072998,0.038901567459106,0.0809107646366135,0.1894942544182992,0.667710000000001,0.0036113750945154,0.3675906666666668,30.50406374662578,0.04822,3.3000000000000007,12.5,2.2465145581162864,246.39227192623088,0.1769941429813634,0.2251135958726356,0.0481194528912722,0.0481194528912722,11.7045993843284,7.577741041097264,-4.126858343231136,4.126858343231136,3.537563069226391,3.160801830704409,-0.3767612385219818,0.3767612385219818,712.5566210045662,477.93219373219375,-234.62442727237243,234.62442727237243,0.4114839791493083,0.3646288409592436,-0.0468551381900647,0.0468551381900647,0.1885324106286633,0.2589121709437478,0.0703797603150845,0.0703797603150845,0.0706025047024773,0.106673368514571,0.0360708638120937,0.0360708638120937,7.2567876750221885,6.636155047751923,-0.6206326272702656,0.6206326272702656,22.21187214611871,20.68717948717948,-1.5246926589392302,1.5246926589392302,38.09081050228309,23.68501424501424,-14.40579625726885,14.40579625726885,65.53934703196344,44.18354985754985,-21.355797174413595,21.355797174413595,1.722797391119089,1.870246544887621,0.147449153768532,0.147449153768532,1.0,0.0,0.0,0.0234362764323332,0.050845067065595,retrain,2.110327243804932,0.0,0.0,True,1.689089059829712,1.7059887647628784,1.6707956790924072,adapt,1.689089059829712,0.027408790633261803,0.018293380737304688,retrain,1.6707956790924072
graphwavenet_transfer,CNA,WCE,0.0358524322509765,0.0527701377868647,0.1285985773790662,0.1805545493114656,1.0544073333333357,0.020364886705334,0.1099473333333334,32.48181937138178,0.1456833333333333,1.9000000000000004,13.200000000000005,2.1753711160294373,108.91918606578405,0.1769941429813634,0.3237542919443535,0.1467601489629901,0.1467601489629901,11.7045993843284,6.723463276341766,-4.981136107986634,4.981136107986634,3.537563069226391,2.2419690223348,-1.295594046891591,1.295594046891591,712.5566210045662,592.1126040507456,-120.44401695382057,120.44401695382057,0.4114839791493083,0.362656014520309,-0.0488279646289993,0.0488279646289993,0.1885324106286633,0.2678747838496824,0.079342373221019,0.079342373221019,0.0706025047024773,0.0929587726977534,0.0223562679952761,0.0223562679952761,7.2567876750221885,4.294581852097624,-2.962205822924564,2.962205822924564,22.21187214611871,13.442510572000884,-8.769361574117827,8.769361574117827,38.09081050228309,19.799445804584906,-18.291364697698185,18.291364697698185,65.53934703196344,33.70830558646783,-31.83104144549561,31.83104144549561,1.722797391119089,1.713310364181826,-0.0094870269372631,0.0094870269372631,1.0,0.0,0.0,0.0203501804797967,0.0536425633728454,retrain,2.015121936798096,0.0,0.0,True,2.2815229892730717,2.3202481269836426,2.259613513946533,adapt,2.2815229892730717,0.0332923828930487,0.02190947532653853,retrain,2.259613513946533
graphwavenet_transfer,CNA,WNA,0.0403996706008913,0.0846439599990849,0.0954135315000274,0.1322158104542097,0.6887813333333355,0.0084195215880169,0.1224266666666666,20.61842458609778,0.0969266666666666,0.8000000000000007,7.600000000000001,4.955349578696576,17.049387248412483,0.1769941429813634,0.2731899847020255,0.096195841720662,0.096195841720662,11.7045993843284,7.961223747682733,-3.743375636645667,3.743375636645667,3.537563069226391,2.7543234792434683,-0.7832395899829225,0.7832395899829225,712.5566210045662,934.4202051282052,221.86358412363904,221.86358412363904,0.4114839791493083,0.429573714296412,0.0180897351471037,0.0180897351471037,0.1885324106286633,0.2938980646746185,0.1053656540459551,0.1053656540459551,0.0706025047024773,0.1470825091117854,0.076480004409308,0.076480004409308,7.2567876750221885,6.78196426151767,-0.4748234135045184,0.4748234135045184,22.21187214611871,23.09020512820512,0.878332982086409,0.878332982086409,38.09081050228309,23.724938461538457,-14.365872040744634,14.365872040744634,65.53934703196344,39.250704615384606,-26.28864241657884,26.28864241657884,1.722797391119089,1.6554989468068897,-0.0672984443121993,0.0672984443121993,1.0,0.0,0.0,0.0238097625333401,0.0503421145108354,retrain,1.8405015468597408,0.0,0.0,True,2.051619052886963,2.099088191986084,1.9843186140060425,adapt,2.051619052886963,0.026532351977495303,0.06730043888092041,retrain,1.9843186140060425
graphwavenet_transfer,EAS,CNA,0.0435206890106201,0.2062067985534668,0.0895437202433365,0.0971609620504097,3.77910333333333,0.0074628810684929,3.779103333333332,328.97482915188226,0.0852166666666666,22.0,57.4,20.05107734207234,215.4384963339484,0.2619645284658203,0.1769941429813634,-0.0849703854844569,0.0849703854844569,22.32134072090326,11.7045993843284,-10.616741336574862,10.616741336574862,3.243094697249479,3.537563069226391,0.2944683719769116,0.2944683719769116,3905.359090909091,712.5566210045662,-3192.8024699045245,3192.8024699045245,0.5445014743036944,0.4114839791493083,-0.1330174951543861,0.1330174951543861,0.3575663621177918,0.1885324106286633,-0.1690339514891285,0.1690339514891285,0.1647095879545876,0.0706025047024773,-0.0941070832521103,0.0941070832521103,5.973304597322264,7.2567876750221885,1.2834830776999242,1.2834830776999242,19.794090909090905,22.21187214611871,2.417781237027807,2.417781237027807,81.67781818181815,38.09081050228309,-43.58700767953506,43.58700767953506,152.75432727272724,65.53934703196344,-87.2149802407638,87.2149802407638,1.867813398543564,1.722797391119089,-0.145016007424475,0.145016007424475,1.0,0.0,0.0,0.0262122705396521,0.0496795370868195,retrain,1.937436819076538,0.0,0.0,True,2.2303214073181152,2.273880958557129,2.062992811203003,adapt,2.2303214073181152,0.0234672665471674,0.1673285961151123,retrain,2.062992811203003
graphwavenet_transfer,EAS,EAU,-0.0137350559234619,0.0249261856079101,0.1101539039973052,0.1474563237592649,3.525914,0.0044061812644071,3.5259139999999984,320.82573448296137,0.0559966666666666,21.3,56.5,22.201750715171283,64.55131955899269,0.2619645284658203,0.2062810595178484,-0.0556834689479719,0.0556834689479719,22.32134072090326,11.241205060945532,-11.08013565995773,11.08013565995773,3.243094697249479,3.3685489949547898,0.1254542977053105,0.1254542977053105,3905.359090909091,834.2655601659751,-3071.0935307431155,3071.0935307431155,0.5445014743036944,0.4070551376247937,-0.1374463366789007,0.1374463366789007,0.3575663621177918,0.2822674911951668,-0.075298870922625,0.075298870922625,0.1647095879545876,0.1358043125815428,-0.0289052753730447,0.0289052753730447,5.973304597322264,7.157240483743252,1.183935886420988,1.183935886420988,19.794090909090905,21.85435684647302,2.060265937382116,2.060265937382116,81.67781818181815,37.27962655601658,-44.39819162580157,44.39819162580157,152.75432727272724,65.89961825726138,-86.85470901546586,86.85470901546586,1.867813398543564,1.7478079051967732,-0.1200054933467908,0.1200054933467908,1.0,0.0,0.0,0.0273219277034367,0.0527553188217855,retrain,3.15310001373291,0.0,0.0,True,2.430825710296631,2.441846370697021,2.4267327785491943,adapt,2.430825710296631,0.025433391118348803,0.0040929317474365234,retrain,2.4267327785491943
graphwavenet_transfer,EAS,ENA,0.0611841678619384,0.3019940853118896,0.0725748530462452,0.1183390026441268,2.787583666666664,0.0009278325896906,2.7714536666666656,308.860708714525,0.0018299999999999,17.0,52.6,18.78741017129765,198.87778734810945,0.2619645284658203,0.2636865078570336,0.0017219793912133,0.0017219793912133,22.32134072090326,11.86802551155998,-10.453315209343282,10.453315209343282,3.243094697249479,2.7719647735757627,-0.4711299236737165,0.4711299236737165,3905.359090909091,625.5614942528736,-3279.797596656217,3279.797596656217,0.5445014743036944,0.3332258746454959,-0.2112755996581985,0.2112755996581985,0.3575663621177918,0.1688618357303399,-0.1887045263874519,0.1887045263874519,0.1647095879545876,0.0494158020227599,-0.1152937859318277,0.1152937859318277,5.973304597322264,4.632001828479278,-1.3413027688429864,1.3413027688429864,19.794090909090905,12.88812260536398,-6.905968303726924,6.905968303726924,81.67781818181815,37.795498084291175,-43.88232009752698,43.88232009752698,152.75432727272724,64.34408812260534,-88.4102391501219,88.4102391501219,1.867813398543564,1.6986412128113502,-0.1691721857322139,0.1691721857322139,1.0,0.0,0.0,0.0253590163283873,0.0939947901332318,retrain,3.0396201610565186,0.0,0.0,True,3.062657833099365,3.11731505393982,2.8372068405151367,adapt,3.062657833099365,0.0686357738048445,0.22545099258422807,retrain,2.8372068405151367
graphwavenet_transfer,EAS,MED,0.0040714740753173,0.0030677318572998,0.1268476155388327,0.1798219161932554,4.099964333333338,0.0079402328542217,4.097230999999999,343.73557363638906,0.0761733333333333,24.5,65.3,23.794120782473577,110.56668173530544,0.2619645284658203,0.1861451202091436,-0.0758194082566767,0.0758194082566767,22.32134072090326,9.53591246713893,-12.785428253764332,12.785428253764332,3.243094697249479,3.542390644885146,0.2992959476356667,0.2992959476356667,3905.359090909091,735.0091463414634,-3170.3499445676275,3170.3499445676275,0.5445014743036944,0.4203848180768059,-0.1241166562268885,0.1241166562268885,0.3575663621177918,0.3160164627808042,-0.0415498993369876,0.0415498993369876,0.1647095879545876,0.0875235951849466,-0.077185992769641,0.077185992769641,5.973304597322264,8.405440814641642,2.432136217319377,2.432136217319377,19.794090909090905,28.08231707317072,8.288226164079816,8.288226164079816,81.67781818181815,30.50050304878048,-51.17731513303767,51.17731513303767,152.75432727272724,54.294249999999984,-98.46007727272726,98.46007727272726,1.867813398543564,1.7647267297942557,-0.1030866687493083,0.1030866687493083,1.0,0.0,0.0,0.0363295998912866,0.0126847702909999,adapt,1.6632143259048462,0.0,0.0,True,1.748798966407776,1.754963755607605,1.748983383178711,adapt,1.748798966407776,-0.023644829600286698,-0.00018441677093483655,adapt,1.748798966407776
graphwavenet_transfer,EAS,NCA,0.0063322782516477,0.0190573930740356,0.2082199191936613,0.152086662681703,4.819493999999999,0.0224393103320417,4.819493999999999,359.12824048464137,0.15862,29.9,70.1,23.63704841599716,225.8789053346837,0.2619645284658203,0.1028719844975235,-0.1590925439682968,0.1590925439682968,22.32134072090326,10.49152713485848,-11.829813586044782,11.829813586044782,3.243094697249479,4.969572135421824,1.7264774381723451,1.7264774381723451,3905.359090909091,618.7291666666666,-3286.6299242424243,3286.6299242424243,0.5445014743036944,0.5612455220231938,0.0167440477194993,0.0167440477194993,0.3575663621177918,0.2626767940245775,-0.0948895680932143,0.0948895680932143,0.1647095879545876,0.0995697692237094,-0.0651398187308782,0.0651398187308782,5.973304597322264,15.03081858212739,9.057513984805126,9.057513984805126,19.794090909090905,56.083333333333314,36.28924242424241,36.28924242424241,81.67781818181815,34.16208333333332,-47.51573484848483,47.51573484848483,152.75432727272724,58.53818749999997,-94.21613977272727,94.21613977272727,1.867813398543564,1.7067006980768993,-0.1611127004666648,0.1611127004666648,1.0,0.0,0.0,0.0281847002299808,0.0539828575752856,retrain,1.0432987213134766,0.0,0.0,True,0.9711670279502868,0.9792705178260804,0.9604099988937378,adapt,0.9711670279502868,0.0257981573453048,0.010757029056548961,retrain,0.9604099988937378
graphwavenet_transfer,EAS,NEU,0.0112011432647705,0.0243322849273681,0.2192852597585832,0.3255549404609843,3.944982666666665,0.0078927344266297,3.562609333333332,362.0859238385529,0.0801966666666666,23.6,71.0,20.742974666106296,110.8114152256408,0.2619645284658203,0.3421046353629576,0.0801401068971373,0.0801401068971373,22.32134072090326,6.448870032886587,-15.872470688016676,15.872470688016676,3.243094697249479,2.1155132948043303,-1.127581402445149,1.127581402445149,3905.359090909091,645.8289596602972,-3259.5301312487936,3259.5301312487936,0.5445014743036944,0.3633768003955634,-0.181124673908131,0.181124673908131,0.3575663621177918,0.2805553338745088,-0.0770110282432829,0.0770110282432829,0.1647095879545876,0.0995128420832286,-0.065196745871359,0.065196745871359,5.973304597322264,4.159081780752651,-1.8142228165696137,1.8142228165696137,19.794090909090905,13.465817409766448,-6.328273499324457,6.328273499324457,81.67781818181815,18.62093630573248,-63.05688187608567,63.05688187608567,152.75432727272724,30.73014692144373,-122.0241803512835,122.0241803512835,1.867813398543564,1.6639993521933627,-0.2038140463502014,0.2038140463502014,1.0,0.0,0.0,0.0269151487774854,0.0538956988253077,retrain,2.1495509147644043,0.0,0.0,True,2.33667254447937,2.3519158363342285,2.3169517517089844,adapt,2.33667254447937,0.026980550047822304,0.019720792770385742,retrain,2.3169517517089844
graphwavenet_transfer,EAS,NWN,0.0308601856231689,0.1111552715301509,0.1117198813376448,0.189945794069555,3.3961209999999986,0.0035671417010954,3.320109666666666,330.751253670333,0.0170299999999999,21.3,58.7,20.7525751864546,252.6687070192516,0.2619645284658203,0.2785900849393239,0.0166255564735036,0.0166255564735036,22.32134072090326,7.260695173095203,-15.060645547808058,15.060645547808058,3.243094697249479,2.6677455388637004,-0.5753491583857788,0.5753491583857788,3905.359090909091,938.5775956284152,-2966.781495280676,2966.781495280676,0.5445014743036944,0.4608008032662643,-0.0837006710374301,0.0837006710374301,0.3575663621177918,0.2662126818999085,-0.0913536802178833,0.0913536802178833,0.1647095879545876,0.1568075500848776,-0.0079020378697099,0.0079020378697099,5.973304597322264,5.861973518724925,-0.1113310785973391,0.1113310785973391,19.794090909090905,19.06967213114753,-0.7244187779433737,0.7244187779433737,81.67781818181815,22.29953551912568,-59.37828266269247,59.37828266269247,152.75432727272724,37.55597267759563,-115.1983545951316,115.1983545951316,1.867813398543564,1.6943305976016485,-0.1734828009419156,0.1734828009419156,1.0,0.0,0.0,0.0232611069147069,0.0407333393730939,retrain,2.310877084732056,0.0,0.0,True,2.36389422416687,2.4044907093048096,2.2787129878997803,adapt,2.36389422416687,0.017472232458387003,0.08518123626708984,retrain,2.2787129878997803
graphwavenet_transfer,EAS,SAU,0.0066523551940917,0.0066366195678706,0.1799364265440521,0.3118211228942141,4.152901333333331,0.0060220610749499,4.146693999999999,359.47889289850804,0.0369966666666666,25.3,69.9,21.4357089001579,64.57329658741189,0.2619645284658203,0.2251135958726356,-0.0368509325931847,0.0368509325931847,22.32134072090326,7.577741041097264,-14.743599679805998,14.743599679805998,3.243094697249479,3.160801830704409,-0.0822928665450701,0.0822928665450701,3905.359090909091,477.93219373219375,-3427.426897176897,3427.426897176897,0.5445014743036944,0.3646288409592436,-0.1798726333444508,0.1798726333444508,0.3575663621177918,0.2589121709437478,-0.098654191174044,0.098654191174044,0.1647095879545876,0.106673368514571,-0.0580362194400165,0.0580362194400165,5.973304597322264,6.636155047751923,0.6628504504296586,0.6628504504296586,19.794090909090905,20.68717948717948,0.8930885780885767,0.8930885780885767,81.67781818181815,23.68501424501424,-57.99280393680391,57.99280393680391,152.75432727272724,44.18354985754985,-108.5707774151774,108.5707774151774,1.867813398543564,1.870246544887621,0.002433146344057,0.002433146344057,1.0,0.0,0.0,0.0269973201913552,0.0539231398219509,retrain,2.110327243804932,1.5735626221147214e-05,7.456541918177631e-06,False,1.6756480932235718,1.689939022064209,1.6707956790924072,adapt,1.6756480932235718,0.026925819630595697,0.004852414131164551,retrain,1.6707956790924072
graphwavenet_transfer,EAS,WCE,0.0166821479797363,0.0219795703887935,0.1849696563061156,0.2547065115486623,3.923719999999999,0.0066845076779016,3.669155999999999,361.4566485232641,0.0604666666666666,23.9,70.6,20.11159506976076,109.60718008895698,0.2619645284658203,0.3237542919443535,0.0617897634785332,0.0617897634785332,22.32134072090326,6.723463276341766,-15.597877444561496,15.597877444561496,3.243094697249479,2.2419690223348,-1.0011256749146793,1.0011256749146793,3905.359090909091,592.1126040507456,-3313.246486858345,3313.246486858345,0.5445014743036944,0.362656014520309,-0.1818454597833854,0.1818454597833854,0.3575663621177918,0.2678747838496824,-0.0896915782681094,0.0896915782681094,0.1647095879545876,0.0929587726977534,-0.0717508152568341,0.0717508152568341,5.973304597322264,4.294581852097624,-1.6787227452246398,1.6787227452246398,19.794090909090905,13.442510572000884,-6.35158033709002,6.35158033709002,81.67781818181815,19.799445804584906,-61.87837237723325,61.87837237723325,152.75432727272724,33.70830558646783,-119.0460216862594,119.0460216862594,1.867813398543564,1.713310364181826,-0.1545030343617381,0.1545030343617381,1.0,0.0,0.0,0.0271974180478588,0.0556274280968242,retrain,2.015121936798096,0.0,0.0,True,2.2627737522125244,2.281761646270752,2.259613513946533,adapt,2.2627737522125244,0.0284300100489654,0.003160238265991211,retrain,2.259613513946533
graphwavenet_transfer,EAS,WNA,0.0035732984542846,0.0366624593734747,0.1952729147520343,0.1750483202778628,3.720244666666666,0.0037453412308765,3.6566766666666655,349.59325373798004,0.0117099999999999,22.8,65.0,23.29106588149178,232.31901396258823,0.2619645284658203,0.2731899847020255,0.0112254562362051,0.0112254562362051,22.32134072090326,7.961223747682733,-14.360116973220528,14.360116973220528,3.243094697249479,2.7543234792434683,-0.4887712180060108,0.4887712180060108,3905.359090909091,934.4202051282052,-2970.9388857808854,2970.9388857808854,0.5445014743036944,0.429573714296412,-0.1149277600072824,0.1149277600072824,0.3575663621177918,0.2938980646746185,-0.0636682974431733,0.0636682974431733,0.1647095879545876,0.1470825091117854,-0.0176270788428022,0.0176270788428022,5.973304597322264,6.78196426151767,0.8086596641954058,0.8086596641954058,19.794090909090905,23.09020512820512,3.296114219114216,3.296114219114216,81.67781818181815,23.724938461538457,-57.9528797202797,57.9528797202797,152.75432727272724,39.250704615384606,-113.50362265734265,113.50362265734265,1.867813398543564,1.6554989468068897,-0.2123144517366744,0.2123144517366744,1.0,0.0,0.0,0.0256888682104742,0.0500060471712914,retrain,1.8405015468597408,0.0,0.0,True,2.0205235481262207,2.0310726165771484,1.9843186140060425,adapt,2.0205235481262207,0.024317178960817202,0.03620493412017822,retrain,1.9843186140060425
graphwavenet_transfer,EAU,CNA,0.0130910873413085,0.1703600883483886,0.0761158539867689,0.0379621567819372,0.2531913333333306,0.0008475960134513,0.2531893333333337,8.149094668920874,0.0292199999999999,0.6999999999999993,0.8999999999999986,4.911264224874982,257.372756195551,0.2062810595178484,0.1769941429813634,-0.0292869165364849,0.0292869165364849,11.241205060945532,11.7045993843284,0.4633943233828681,0.4633943233828681,3.3685489949547898,3.537563069226391,0.1690140742716011,0.1690140742716011,834.2655601659751,712.5566210045662,-121.70893916140892,121.70893916140892,0.4070551376247937,0.4114839791493083,0.0044288415245146,0.0044288415245146,0.2822674911951668,0.1885324106286633,-0.0937350805665035,0.0937350805665035,0.1358043125815428,0.0706025047024773,-0.0652018078790655,0.0652018078790655,7.157240483743252,7.2567876750221885,0.099547191278936,0.099547191278936,21.85435684647302,22.21187214611871,0.3575152996456907,0.3575152996456907,37.27962655601658,38.09081050228309,0.8111839462665102,0.8111839462665102,65.89961825726138,65.53934703196344,-0.3602712252979358,0.3602712252979358,1.7478079051967732,1.722797391119089,-0.0250105140776841,0.0250105140776841,1.0,0.0,0.0,0.0237529994747721,0.047272877259578,retrain,1.937436819076538,0.0,0.0,True,2.224128246307373,2.23685884475708,2.062992811203003,adapt,2.224128246307373,0.023519877784805902,0.16113543510437012,retrain,2.062992811203003
graphwavenet_transfer,EAU,EAS,-0.0039362907409667,-0.0301575660705566,0.1474563237592649,0.1101539039973052,3.525914,0.0046818439713782,3.5259139999999984,320.82573448296137,0.0559966666666666,21.3,56.5,22.201750715171283,64.55131955899269,0.2062810595178484,0.2619645284658203,0.0556834689479719,0.0556834689479719,11.241205060945532,22.32134072090326,11.08013565995773,11.08013565995773,3.3685489949547898,3.243094697249479,-0.1254542977053105,0.1254542977053105,834.2655601659751,3905.359090909091,3071.0935307431155,3071.0935307431155,0.4070551376247937,0.5445014743036944,0.1374463366789007,0.1374463366789007,0.2822674911951668,0.3575663621177918,0.075298870922625,0.075298870922625,0.1358043125815428,0.1647095879545876,0.0289052753730447,0.0289052753730447,7.157240483743252,5.973304597322264,-1.183935886420988,1.183935886420988,21.85435684647302,19.794090909090905,-2.060265937382116,2.060265937382116,37.27962655601658,81.67781818181815,44.39819162580157,44.39819162580157,65.89961825726138,152.75432727272724,86.85470901546586,86.85470901546586,1.7478079051967732,1.867813398543564,0.1200054933467908,0.1200054933467908,1.0,0.0,0.0,0.0436536634120538,0.1992339341547281,retrain,5.9496283531188965,0.0301575660705566,0.0050946388884189,False,6.514687061309815,6.556220531463623,6.446907043457031,adapt,6.514687061309815,0.15558027074267428,0.06778001785278409,retrain,6.446907043457031
graphwavenet_transfer,EAU,ENA,0.0299446582794189,0.2669878005981445,0.0699281253883997,0.0605569771759698,0.7690436666666646,0.0040336855992846,0.7544603333333328,11.965025768436348,0.0578266666666666,4.300000000000001,3.899999999999999,4.629887749757627,241.5222881464511,0.2062810595178484,0.2636865078570336,0.0574054483391852,0.0574054483391852,11.241205060945532,11.86802551155998,0.6268204506144475,0.6268204506144475,3.3685489949547898,2.7719647735757627,-0.5965842213790271,0.5965842213790271,834.2655601659751,625.5614942528736,-208.70406591310157,208.70406591310157,0.4070551376247937,0.3332258746454959,-0.0738292629792977,0.0738292629792977,0.2822674911951668,0.1688618357303399,-0.1134056554648269,0.1134056554648269,0.1358043125815428,0.0494158020227599,-0.0863885105587829,0.0863885105587829,7.157240483743252,4.632001828479278,-2.5252386552639745,2.5252386552639745,21.85435684647302,12.88812260536398,-8.96623424110904,8.96623424110904,37.27962655601658,37.795498084291175,0.5158715282745945,0.5158715282745945,65.89961825726138,64.34408812260534,-1.5555301346560384,1.5555301346560384,1.7478079051967732,1.6986412128113502,-0.049166692385423,0.049166692385423,1.0,0.0,0.0,0.0235227919621388,0.0337837393181127,retrain,3.0396201610565186,0.0,0.0,True,3.060811281204224,3.09362268447876,2.8372068405151367,adapt,3.060811281204224,0.010260947355973903,0.22360444068908736,retrain,2.8372068405151367
graphwavenet_transfer,EAU,MED,0.0029207468032839,0.0016226768493652,0.0098257045396668,0.0102003626733577,0.5768350000000122,0.0007633484694098,0.5713170000000005,22.90983915342765,0.0201766666666666,3.2,8.8,3.109341123022417,159.00720004724002,0.2062810595178484,0.1861451202091436,-0.0201359393087048,0.0201359393087048,11.241205060945532,9.53591246713893,-1.705292593806602,1.705292593806602,3.3685489949547898,3.542390644885146,0.1738416499303561,0.1738416499303561,834.2655601659751,735.0091463414634,-99.2564138245117,99.2564138245117,0.4070551376247937,0.4203848180768059,0.0133296804520122,0.0133296804520122,0.2822674911951668,0.3160164627808042,0.0337489715856373,0.0337489715856373,0.1358043125815428,0.0875235951849466,-0.0482807173965962,0.0482807173965962,7.157240483743252,8.405440814641642,1.248200330898389,1.248200330898389,21.85435684647302,28.08231707317072,6.2279602266977,6.2279602266977,37.27962655601658,30.50050304878048,-6.7791235072361005,6.7791235072361005,65.89961825726138,54.294249999999984,-11.605368257261397,11.605368257261397,1.7478079051967732,1.7647267297942557,0.0169188245974825,0.0169188245974825,1.0,0.0,0.0,-0.006547817637815,-0.0199510953296089,deploy,1.665840744972229,0.0029207468032839,0.0017563964631491,False,1.75067937374115,1.7565932273864746,1.748983383178711,deploy,1.7565932273864746,-0.0199510953296089,0.007609844207763672,retrain,1.748983383178711
graphwavenet_transfer,EAU,NCA,0.0009316205978393,0.0097841024398803,0.1504498385505568,0.0806612475883321,1.2936146666666666,0.0111022386835282,1.2935800000000006,38.30250600167999,0.1026233333333333,8.6,13.6,5.863859366780637,266.0758500565293,0.2062810595178484,0.1028719844975235,-0.1034090750203249,0.1034090750203249,11.241205060945532,10.49152713485848,-0.7496779260870525,0.7496779260870525,3.3685489949547898,4.969572135421824,1.6010231404670343,1.6010231404670343,834.2655601659751,618.7291666666666,-215.53639349930847,215.53639349930847,0.4070551376247937,0.5612455220231938,0.1541903843984001,0.1541903843984001,0.2822674911951668,0.2626767940245775,-0.0195906971705893,0.0195906971705893,0.1358043125815428,0.0995697692237094,-0.0362345433578333,0.0362345433578333,7.157240483743252,15.03081858212739,7.8735780983841375,7.8735780983841375,21.85435684647302,56.083333333333314,34.22897648686029,34.22897648686029,37.27962655601658,34.16208333333332,-3.11754322268326,3.11754322268326,65.89961825726138,58.53818749999997,-7.3614307572614095,7.3614307572614095,1.7478079051967732,1.7067006980768993,-0.0411072071198739,0.0411072071198739,1.0,0.0,0.0,0.0264944719355074,0.0523341771540722,retrain,1.0432987213134766,0.0,0.0,True,0.9710110425949096,0.974036455154419,0.9604099988937378,adapt,0.9710110425949096,0.025839705218564803,0.010601043701171764,retrain,0.9604099988937378
graphwavenet_transfer,EAU,NEU,0.0107207298278813,0.0219452381134037,0.1277256996279793,0.1531251642158752,1.065779333333332,0.0191541204406182,0.0366953333333337,41.26018935559154,0.1361933333333333,2.299999999999999,14.5,3.849268168393619,164.64679029066758,0.2062810595178484,0.3421046353629576,0.1358235758451092,0.1358235758451092,11.241205060945532,6.448870032886587,-4.792335028058945,4.792335028058945,3.3685489949547898,2.1155132948043303,-1.2530357001504595,1.2530357001504595,834.2655601659751,645.8289596602972,-188.43660050567792,188.43660050567792,0.4070551376247937,0.3633768003955634,-0.0436783372292302,0.0436783372292302,0.2822674911951668,0.2805553338745088,-0.0017121573206579,0.0017121573206579,0.1358043125815428,0.0995128420832286,-0.0362914704983142,0.0362914704983142,7.157240483743252,4.159081780752651,-2.998158702990602,2.998158702990602,21.85435684647302,13.465817409766448,-8.388539436706573,8.388539436706573,37.27962655601658,18.62093630573248,-18.6586902502841,18.6586902502841,65.89961825726138,30.73014692144373,-35.16947133581765,35.16947133581765,1.7478079051967732,1.6639993521933627,-0.0838085530034105,0.0838085530034105,1.0,0.0,0.0,0.0194622693411312,0.0511945232983436,retrain,2.1495509147644043,0.0,0.0,True,2.333616256713867,2.348450183868408,2.3169517517089844,adapt,2.333616256713867,0.031732253957212395,0.016664505004882812,retrain,2.3169517517089844
graphwavenet_transfer,EAU,NWN,0.034488439559936,0.133365392684936,0.055708284263429,0.0705039721820224,0.3708349999999986,0.0054758428264638,0.2058043333333326,9.925519187371648,0.0730266666666666,0.0,2.200000000000003,3.661759486066516,296.968235281046,0.2062810595178484,0.2785900849393239,0.0723090254214755,0.0723090254214755,11.241205060945532,7.260695173095203,-3.980509887850329,3.980509887850329,3.3685489949547898,2.6677455388637004,-0.7008034560910894,0.7008034560910894,834.2655601659751,938.5775956284152,104.31203546244012,104.31203546244012,0.4070551376247937,0.4608008032662643,0.0537456656414706,0.0537456656414706,0.2822674911951668,0.2662126818999085,-0.0160548092952583,0.0160548092952583,0.1358043125815428,0.1568075500848776,0.0210032375033348,0.0210032375033348,7.157240483743252,5.861973518724925,-1.2952669650183273,1.2952669650183273,21.85435684647302,19.06967213114753,-2.78468471532549,2.78468471532549,37.27962655601658,22.29953551912568,-14.9800910368909,14.9800910368909,65.89961825726138,37.55597267759563,-28.343645579665747,28.343645579665747,1.7478079051967732,1.6943305976016485,-0.0534773075951247,0.0534773075951247,1.0,0.0,0.0,0.0164788626515311,0.043455835062737,retrain,2.310877084732056,0.0,0.0,True,2.37013578414917,2.412203073501587,2.2787129878997803,adapt,2.37013578414917,0.0269769724112059,0.09142279624938965,retrain,2.2787129878997803
graphwavenet_transfer,EAU,SAU,0.0080432891845703,0.0071651935577388,0.0325959685214423,0.0357605646480699,0.720112666666665,0.0012724433038611,0.6207800000000006,38.653158415546656,0.019,4.0,13.4,4.210088849956815,14.532548435721534,0.2062810595178484,0.2251135958726356,0.0188325363547872,0.0188325363547872,11.241205060945532,7.577741041097264,-3.663464019848268,3.663464019848268,3.3685489949547898,3.160801830704409,-0.2077471642503807,0.2077471642503807,834.2655601659751,477.93219373219375,-356.3333664337813,356.3333664337813,0.4070551376247937,0.3646288409592436,-0.04242629666555,0.04242629666555,0.2822674911951668,0.2589121709437478,-0.023355320251419,0.023355320251419,0.1358043125815428,0.106673368514571,-0.0291309440669717,0.0291309440669717,7.157240483743252,6.636155047751923,-0.5210854359913295,0.5210854359913295,21.85435684647302,20.68717948717948,-1.1671773592935395,1.1671773592935395,37.27962655601658,23.68501424501424,-13.59461231100234,13.59461231100234,65.89961825726138,44.18354985754985,-21.71606839971153,21.71606839971153,1.7478079051967732,1.870246544887621,0.1224386396908479,0.1224386396908479,1.0,0.0,0.0,0.0235271979344952,0.0505293266801291,retrain,2.110327243804932,0.0008780956268314,0.0004162677387079,False,1.6737605333328247,1.6851438283920288,1.6707956790924072,adapt,1.6737605333328247,0.0270021287456339,0.0029648542404174805,retrain,1.6707956790924072
graphwavenet_transfer,EAU,WCE,0.0185945034027099,0.0272390842437739,0.0931734141560568,0.1118607657002493,0.971953333333333,0.0139753253352898,0.1432420000000003,40.630914040302656,0.1164633333333333,2.6,14.1,4.281183983654968,161.2106366479405,0.2062810595178484,0.3237542919443535,0.1174732324265051,0.1174732324265051,11.241205060945532,6.723463276341766,-4.517741784603766,4.517741784603766,3.3685489949547898,2.2419690223348,-1.12657997261999,1.12657997261999,834.2655601659751,592.1126040507456,-242.15295611522947,242.15295611522947,0.4070551376247937,0.362656014520309,-0.0443991231044846,0.0443991231044846,0.2822674911951668,0.2678747838496824,-0.0143927073454844,0.0143927073454844,0.1358043125815428,0.0929587726977534,-0.0428455398837893,0.0428455398837893,7.157240483743252,4.294581852097624,-2.862658631645628,2.862658631645628,21.85435684647302,13.442510572000884,-8.411846274472136,8.411846274472136,37.27962655601658,19.799445804584906,-17.480180751431675,17.480180751431675,65.89961825726138,33.70830558646783,-32.19131267079355,32.19131267079355,1.7478079051967732,1.713310364181826,-0.0344975410149472,0.0344975410149472,1.0,0.0,0.0,0.0202621604294266,0.0533952021355877,retrain,2.015121936798096,0.0,0.0,True,2.2663662433624268,2.2842280864715576,2.259613513946533,adapt,2.2663662433624268,0.0331330417061611,0.006752729415893555,retrain,2.259613513946533
graphwavenet_transfer,EAU,WNA,0.00712788105011,0.0391535758972172,0.1708235023358533,0.1637512076572204,0.6012993333333326,0.0041625132786726,0.130762666666667,28.76751925501865,0.0677066666666666,1.5,8.5,2.2985796845226703,274.3909442611336,0.2062810595178484,0.2731899847020255,0.0669089251841771,0.0669089251841771,11.241205060945532,7.961223747682733,-3.279981313262799,3.279981313262799,3.3685489949547898,2.7543234792434683,-0.6142255157113214,0.6142255157113214,834.2655601659751,934.4202051282052,100.15464496223012,100.15464496223012,0.4070551376247937,0.429573714296412,0.0225185766716183,0.0225185766716183,0.2822674911951668,0.2938980646746185,0.0116305734794516,0.0116305734794516,0.1358043125815428,0.1470825091117854,0.0112781965302425,0.0112781965302425,7.157240483743252,6.78196426151767,-0.3752762222255823,0.3752762222255823,21.85435684647302,23.09020512820512,1.2358482817320997,1.2358482817320997,37.27962655601658,23.724938461538457,-13.554688094478124,13.554688094478124,65.89961825726138,39.250704615384606,-26.64891364187677,26.64891364187677,1.7478079051967732,1.6554989468068897,-0.0923089583898835,0.0923089583898835,1.0,0.0,0.0,0.0232376377623872,0.0480291386826319,retrain,1.8405015468597408,0.0,0.0,True,2.023085832595825,2.0335798263549805,1.9843186140060425,adapt,2.023085832595825,0.0247915009202447,0.038767218589782715,retrain,1.9843186140060425
graphwavenet_transfer,ENA,CNA,0.0077226161956784,0.0088944435119628,0.0364817955864977,0.0334082620266965,1.0076643333333328,0.0047825766254154,1.0076496666666666,20.114120437357226,0.0870466666666666,5.0,4.799999999999997,3.6336247778337984,16.632134644836842,0.2636865078570336,0.1769941429813634,-0.0866923648756702,0.0866923648756702,11.86802551155998,11.7045993843284,-0.1634261272315793,0.1634261272315793,2.7719647735757627,3.537563069226391,0.7655982956506282,0.7655982956506282,625.5614942528736,712.5566210045662,86.99512675169262,86.99512675169262,0.3332258746454959,0.4114839791493083,0.0782581045038123,0.0782581045038123,0.1688618357303399,0.1885324106286633,0.0196705748983234,0.0196705748983234,0.0494158020227599,0.0706025047024773,0.0211867026797173,0.0211867026797173,4.632001828479278,7.2567876750221885,2.6247858465429106,2.6247858465429106,12.88812260536398,22.21187214611871,9.323749540754733,9.323749540754733,37.795498084291175,38.09081050228309,0.2953124179919157,0.2953124179919157,64.34408812260534,65.53934703196344,1.1952589093581023,1.1952589093581023,1.6986412128113502,1.722797391119089,0.0241561783077388,0.0241561783077388,1.0,0.0,0.0,0.0270718880394809,0.0491064598433992,retrain,1.937436819076538,0.0,0.0,True,2.068528652191162,2.0845181941986084,2.062992811203003,adapt,2.068528652191162,0.022034571803918303,0.00553584098815918,retrain,2.062992811203003
graphwavenet_transfer,ENA,EAS,0.0754523277282714,0.1435103416442871,0.1183390026441268,0.0725748530462452,2.787583666666664,0.0011903186565178,2.7714536666666656,308.860708714525,0.0018299999999999,17.0,52.6,18.78741017129765,198.87778734810945,0.2636865078570336,0.2619645284658203,-0.0017219793912133,0.0017219793912133,11.86802551155998,22.32134072090326,10.453315209343282,10.453315209343282,2.7719647735757627,3.243094697249479,0.4711299236737165,0.4711299236737165,625.5614942528736,3905.359090909091,3279.797596656217,3279.797596656217,0.3332258746454959,0.5445014743036944,0.2112755996581985,0.2112755996581985,0.1688618357303399,0.3575663621177918,0.1887045263874519,0.1887045263874519,0.0494158020227599,0.1647095879545876,0.1152937859318277,0.1152937859318277,4.632001828479278,5.973304597322264,1.3413027688429864,1.3413027688429864,12.88812260536398,19.794090909090905,6.905968303726924,6.905968303726924,37.795498084291175,81.67781818181815,43.88232009752698,43.88232009752698,64.34408812260534,152.75432727272724,88.4102391501219,88.4102391501219,1.6986412128113502,1.867813398543564,0.1691721857322139,0.1691721857322139,1.0,0.0,0.0,0.0536867058811727,0.2582933427178208,retrain,5.9496283531188965,0.0,0.0,True,6.646925926208496,6.705482482910156,6.446907043457031,adapt,6.646925926208496,0.2046066368366481,0.20001888275146484,retrain,6.446907043457031
graphwavenet_transfer,ENA,EAU,0.0070080757141117,0.0474584102630619,0.0605569771759698,0.0699281253883997,0.7690436666666646,0.0022464299309512,0.7544603333333328,11.965025768436348,0.0578266666666666,4.300000000000001,3.899999999999999,4.629887749757627,241.5222881464511,0.2636865078570336,0.2062810595178484,-0.0574054483391852,0.0574054483391852,11.86802551155998,11.241205060945532,-0.6268204506144475,0.6268204506144475,2.7719647735757627,3.3685489949547898,0.5965842213790271,0.5965842213790271,625.5614942528736,834.2655601659751,208.70406591310157,208.70406591310157,0.3332258746454959,0.4070551376247937,0.0738292629792977,0.0738292629792977,0.1688618357303399,0.2822674911951668,0.1134056554648269,0.1134056554648269,0.0494158020227599,0.1358043125815428,0.0863885105587829,0.0863885105587829,4.632001828479278,7.157240483743252,2.5252386552639745,2.5252386552639745,12.88812260536398,21.85435684647302,8.96623424110904,8.96623424110904,37.795498084291175,37.27962655601658,-0.5158715282745945,0.5158715282745945,64.34408812260534,65.89961825726138,1.5555301346560384,1.5555301346560384,1.6986412128113502,1.7478079051967732,0.049166692385423,0.049166692385423,1.0,0.0,0.0,0.0292141295319956,0.0559901798598262,retrain,3.15310001373291,0.0,0.0,True,2.438119888305664,2.447318315505981,2.4267327785491943,adapt,2.438119888305664,0.0267760503278306,0.011387109756469727,retrain,2.4267327785491943
graphwavenet_transfer,ENA,MED,0.0224156379699704,0.0259546041488645,0.0545109011467251,0.0719449175485476,1.3340900000000104,0.0046529999665401,1.3257773333333334,34.874864921864,0.0780033333333333,7.5,12.7,5.654966772088928,88.86699762037007,0.2636865078570336,0.1861451202091436,-0.07754138764789,0.07754138764789,11.86802551155998,9.53591246713893,-2.3321130444210496,2.3321130444210496,2.7719647735757627,3.542390644885146,0.7704258713093832,0.7704258713093832,625.5614942528736,735.0091463414634,109.44765208858983,109.44765208858983,0.3332258746454959,0.4203848180768059,0.0871589434313099,0.0871589434313099,0.1688618357303399,0.3160164627808042,0.1471546270504643,0.1471546270504643,0.0494158020227599,0.0875235951849466,0.0381077931621866,0.0381077931621866,4.632001828479278,8.405440814641642,3.773438986162364,3.773438986162364,12.88812260536398,28.08231707317072,15.19419446780674,15.19419446780674,37.795498084291175,30.50050304878048,-7.294995035510695,7.294995035510695,64.34408812260534,54.294249999999984,-10.049838122605358,10.049838122605358,1.6986412128113502,1.7647267297942557,0.0660855169829055,0.0660855169829055,1.0,0.0,0.0,0.0266958119994466,0.0335005069299878,retrain,1.6642180681228638,0.0,0.0,True,1.7510701417922974,1.7642453908920288,1.748983383178711,adapt,1.7510701417922974,0.0068046949305412,0.0020867586135864258,retrain,1.748983383178711
graphwavenet_transfer,ENA,NCA,-0.0005613565444946,-0.0131369829177856,0.1583314537454483,0.1250180052400897,2.048167000000002,0.0199651316203557,2.0480403333333337,50.267531770116335,0.16045,12.9,17.5,7.192232105523477,28.3461812586143,0.2636865078570336,0.1028719844975235,-0.1608145233595101,0.1608145233595101,11.86802551155998,10.49152713485848,-1.3764983767015,1.3764983767015,2.7719647735757627,4.969572135421824,2.1976073618460616,2.1976073618460616,625.5614942528736,618.7291666666666,-6.8323275862069295,6.8323275862069295,0.3332258746454959,0.5612455220231938,0.2280196473776978,0.2280196473776978,0.1688618357303399,0.2626767940245775,0.0938149582942376,0.0938149582942376,0.0494158020227599,0.0995697692237094,0.0501539672009495,0.0501539672009495,4.632001828479278,15.03081858212739,10.398816753648113,10.398816753648113,12.88812260536398,56.083333333333314,43.19521072796933,43.19521072796933,37.795498084291175,34.16208333333332,-3.6334147509578543,3.6334147509578543,64.34408812260534,58.53818749999997,-5.805900622605371,5.805900622605371,1.6986412128113502,1.7067006980768993,0.0080594852655491,0.0080594852655491,1.0,0.0,0.0,0.0291811293062523,0.0557089486007675,retrain,1.0432987213134766,0.0131369829177856,0.0127523498768691,False,0.9441168308258056,0.9462815523147584,0.9604099988937378,adapt,0.9441168308258056,0.026527819294515198,-0.01629316806793224,adapt,0.9441168308258056
graphwavenet_transfer,ENA,NEU,0.0519595146179199,0.0701680183410644,0.0912638502539332,0.1204666355322599,1.2154583333333342,0.0082548792067294,0.7911556666666666,53.22521512402789,0.0783666666666666,6.6,18.4,3.2538559711562844,94.7228781846377,0.2636865078570336,0.3421046353629576,0.0784181275059239,0.0784181275059239,11.86802551155998,6.448870032886587,-5.419155478673392,5.419155478673392,2.7719647735757627,2.1155132948043303,-0.6564514787714324,0.6564514787714324,625.5614942528736,645.8289596602972,20.26746540742363,20.26746540742363,0.3332258746454959,0.3633768003955634,0.0301509257500675,0.0301509257500675,0.1688618357303399,0.2805553338745088,0.1116934981441689,0.1116934981441689,0.0494158020227599,0.0995128420832286,0.0500970400604686,0.0500970400604686,4.632001828479278,4.159081780752651,-0.4729200477266273,0.4729200477266273,12.88812260536398,13.465817409766448,0.5776948044024675,0.5776948044024675,37.795498084291175,18.62093630573248,-19.174561778558694,19.174561778558694,64.34408812260534,30.73014692144373,-33.61394120116161,33.61394120116161,1.6986412128113502,1.6639993521933627,-0.0346418606179874,0.0346418606179874,1.0,0.0,0.0,0.0268045508283036,0.0547118601767451,retrain,2.1495509147644043,0.0,0.0,True,2.343092203140259,2.4085912704467773,2.3169517517089844,adapt,2.343092203140259,0.0279073093484415,0.026140451431274414,retrain,2.3169517517089844
graphwavenet_transfer,ENA,NWN,0.0706954002380371,0.1378643512725825,0.0284521770745116,0.0415661374998263,0.630425333333334,0.0016722182160568,0.5486560000000003,21.890544955808,0.0151999999999999,4.300000000000001,6.100000000000001,2.8334670781801767,55.533369801321,0.2636865078570336,0.2785900849393239,0.0149035770822902,0.0149035770822902,11.86802551155998,7.260695173095203,-4.607330338464776,4.607330338464776,2.7719647735757627,2.6677455388637004,-0.1042192347120622,0.1042192347120622,625.5614942528736,938.5775956284152,313.01610137554167,313.01610137554167,0.3332258746454959,0.4608008032662643,0.1275749286207684,0.1275749286207684,0.1688618357303399,0.2662126818999085,0.0973508461695686,0.0973508461695686,0.0494158020227599,0.1568075500848776,0.1073917480621177,0.1073917480621177,4.632001828479278,5.861973518724925,1.2299716902456472,1.2299716902456472,12.88812260536398,19.06967213114753,6.18154952578355,6.18154952578355,37.795498084291175,22.29953551912568,-15.495962565165495,15.495962565165495,64.34408812260534,37.55597267759563,-26.78811544500971,26.78811544500971,1.6986412128113502,1.6943305976016485,-0.0043106152097016,0.0043106152097016,1.0,0.0,0.0,0.0263826902020631,0.1231672432159602,retrain,2.310877084732056,0.0,0.0,True,2.3164782524108887,2.439302444458008,2.2787129878997803,adapt,2.3164782524108887,0.0967845530138971,0.0377652645111084,retrain,2.2787129878997803
graphwavenet_transfer,ENA,SAU,0.0175027847290039,0.0286371707916255,0.0712416571496251,0.1266619395298021,1.3752403333333336,0.0020502629294225,1.3752403333333334,50.61818418398301,0.0388266666666666,8.3,17.299999999999997,4.734081521809201,230.7533668271362,0.2636865078570336,0.2251135958726356,-0.038572911984398,0.038572911984398,11.86802551155998,7.577741041097264,-4.290284470462716,4.290284470462716,2.7719647735757627,3.160801830704409,0.3888370571286463,0.3888370571286463,625.5614942528736,477.93219373219375,-147.6293005206798,147.6293005206798,0.3332258746454959,0.3646288409592436,0.0314029663137476,0.0314029663137476,0.1688618357303399,0.2589121709437478,0.0900503352134079,0.0900503352134079,0.0494158020227599,0.106673368514571,0.0572575664918111,0.0572575664918111,4.632001828479278,6.636155047751923,2.004153219272645,2.004153219272645,12.88812260536398,20.68717948717948,7.799056881815501,7.799056881815501,37.795498084291175,23.68501424501424,-14.110483839276936,14.110483839276936,64.34408812260534,44.18354985754985,-20.160538265055493,20.160538265055493,1.6986412128113502,1.870246544887621,0.1716053320762709,0.1716053320762709,1.0,0.0,0.0,0.0273618083948501,0.054302731207073,retrain,2.110327243804932,0.0,0.0,True,1.6846590042114258,1.6994086503982544,1.6707956790924072,adapt,1.6846590042114258,0.0269409228122229,0.013863325119018555,retrain,1.6707956790924072
graphwavenet_transfer,ENA,WCE,0.0266551971435551,0.0353868007659907,0.0648971559979256,0.0804179053525321,1.1792243333333348,0.0057302233412508,0.8977023333333332,52.59593980873901,0.0586366666666666,6.9,18.0,3.3618316783574302,92.34946629686614,0.2636865078570336,0.3237542919443535,0.0600677840873198,0.0600677840873198,11.86802551155998,6.723463276341766,-5.144562235218213,5.144562235218213,2.7719647735757627,2.2419690223348,-0.5299957512409628,0.5299957512409628,625.5614942528736,592.1126040507456,-33.44889020212793,33.44889020212793,0.3332258746454959,0.362656014520309,0.029430139874813,0.029430139874813,0.1688618357303399,0.2678747838496824,0.0990129481193425,0.0990129481193425,0.0494158020227599,0.0929587726977534,0.0435429706749935,0.0435429706749935,4.632001828479278,4.294581852097624,-0.3374199763816534,0.3374199763816534,12.88812260536398,13.442510572000884,0.554387966636904,0.554387966636904,37.795498084291175,19.799445804584906,-17.99605227970627,17.99605227970627,64.34408812260534,33.70830558646783,-30.635782536137512,30.635782536137512,1.6986412128113502,1.713310364181826,0.0146691513704757,0.0146691513704757,1.0,0.0,0.0,0.0273000127528585,0.0562819322918642,retrain,2.015121936798096,0.0,0.0,True,2.277289628982544,2.310378313064575,2.259613513946533,adapt,2.277289628982544,0.0289819195390057,0.017676115036010742,retrain,2.259613513946533
graphwavenet_transfer,ENA,WNA,0.0324853658676145,0.0559206008911137,0.1365913250618108,0.1382535252089499,0.965987666666668,0.0012484780857737,0.8852229999999999,40.732545023455,0.00988,5.800000000000001,12.4,5.0988910823768325,33.44857135742529,0.2636865078570336,0.2731899847020255,0.0095034768449918,0.0095034768449918,11.86802551155998,7.961223747682733,-3.906801763877247,3.906801763877247,2.7719647735757627,2.7543234792434683,-0.0176412943322943,0.0176412943322943,625.5614942528736,934.4202051282052,308.85871087533167,308.85871087533167,0.3332258746454959,0.429573714296412,0.096347839650916,0.096347839650916,0.1688618357303399,0.2938980646746185,0.1250362289442786,0.1250362289442786,0.0494158020227599,0.1470825091117854,0.0976667070890254,0.0976667070890254,4.632001828479278,6.78196426151767,2.149962433038392,2.149962433038392,12.88812260536398,23.09020512820512,10.20208252284114,10.20208252284114,37.795498084291175,23.724938461538457,-14.070559622752718,14.070559622752718,64.34408812260534,39.250704615384606,-25.093383507220736,25.093383507220736,1.6986412128113502,1.6554989468068897,-0.0431422660044604,0.0431422660044604,1.0,0.0,0.0,0.0274448167680104,0.0537013795641633,retrain,1.8405015468597408,0.0,0.0,True,2.016552448272705,2.0697689056396484,1.9843186140060425,adapt,2.016552448272705,0.0262565627961529,0.0322338342666626,retrain,1.9843186140060425
graphwavenet_transfer,MED,CNA,0.0259292125701904,0.1856963634490966,0.0760398456920254,0.0309612292765704,0.3779263333333431,0.000301685860873,0.3181276666666668,14.76074448450678,0.0090433333333333,2.5,7.900000000000002,4.496722296328454,105.49791444936236,0.1861451202091436,0.1769941429813634,-0.0091509772277801,0.0091509772277801,9.53591246713893,11.7045993843284,2.1686869171894703,2.1686869171894703,3.542390644885146,3.537563069226391,-0.004827575658755,0.004827575658755,735.0091463414634,712.5566210045662,-22.452525336897224,22.452525336897224,0.4203848180768059,0.4114839791493083,-0.0089008389274976,0.0089008389274976,0.3160164627808042,0.1885324106286633,-0.1274840521521409,0.1274840521521409,0.0875235951849466,0.0706025047024773,-0.0169210904824693,0.0169210904824693,8.405440814641642,7.2567876750221885,-1.1486531396194533,1.1486531396194533,28.08231707317072,22.21187214611871,-5.870444927052009,5.870444927052009,30.50050304878048,38.09081050228309,7.590307453502611,7.590307453502611,54.294249999999984,65.53934703196344,11.24509703196346,11.24509703196346,1.7647267297942557,1.722797391119089,-0.0419293386751666,0.0419293386751666,1.0,0.0,0.0,0.0220521721804299,0.0458927762348302,retrain,1.937436819076538,0.0,0.0,True,2.2274694442749023,2.253298759460449,2.062992811203003,adapt,2.2274694442749023,0.0238406040544003,0.16447663307189941,retrain,2.062992811203003
graphwavenet_transfer,MED,EAS,0.0100317001342773,0.0116815567016601,0.1798219161932554,0.1268476155388327,4.099964333333338,0.0116281047596187,4.097230999999999,343.73557363638906,0.0761733333333333,24.5,65.3,23.794120782473577,110.56668173530544,0.1861451202091436,0.2619645284658203,0.0758194082566767,0.0758194082566767,9.53591246713893,22.32134072090326,12.785428253764332,12.785428253764332,3.542390644885146,3.243094697249479,-0.2992959476356667,0.2992959476356667,735.0091463414634,3905.359090909091,3170.3499445676275,3170.3499445676275,0.4203848180768059,0.5445014743036944,0.1241166562268885,0.1241166562268885,0.3160164627808042,0.3575663621177918,0.0415498993369876,0.0415498993369876,0.0875235951849466,0.1647095879545876,0.077185992769641,0.077185992769641,8.405440814641642,5.973304597322264,-2.432136217319377,2.432136217319377,28.08231707317072,19.794090909090905,-8.288226164079816,8.288226164079816,30.50050304878048,81.67781818181815,51.17731513303767,51.17731513303767,54.294249999999984,152.75432727272724,98.46007727272726,98.46007727272726,1.7647267297942557,1.867813398543564,0.1030866687493083,0.1030866687493083,1.0,0.0,0.0,0.0435154574617309,0.2164019107974241,retrain,5.9496283531188965,0.0,0.0,True,6.430942535400391,6.444355487823486,6.446907043457031,adapt,6.430942535400391,0.1728864533356932,-0.015964508056640625,adapt,6.430942535400391
graphwavenet_transfer,MED,EAU,-0.0058474540710449,0.026975393295288,0.0102003626733577,0.0098257045396668,0.5768350000000122,0.0013062406730577,0.5713170000000005,22.90983915342765,0.0201766666666666,3.2,8.8,3.109341123022417,159.00720004724002,0.1861451202091436,0.2062810595178484,0.0201359393087048,0.0201359393087048,9.53591246713893,11.241205060945532,1.705292593806602,1.705292593806602,3.542390644885146,3.3685489949547898,-0.1738416499303561,0.1738416499303561,735.0091463414634,834.2655601659751,99.2564138245117,99.2564138245117,0.4203848180768059,0.4070551376247937,-0.0133296804520122,0.0133296804520122,0.3160164627808042,0.2822674911951668,-0.0337489715856373,0.0337489715856373,0.0875235951849466,0.1358043125815428,0.0482807173965962,0.0482807173965962,8.405440814641642,7.157240483743252,-1.248200330898389,1.248200330898389,28.08231707317072,21.85435684647302,-6.2279602266977,6.2279602266977,30.50050304878048,37.27962655601658,6.7791235072361005,6.7791235072361005,54.294249999999984,65.89961825726138,11.605368257261397,11.605368257261397,1.7647267297942557,1.7478079051967732,-0.0169188245974825,0.0169188245974825,1.0,0.0,0.0,0.0235290422768645,0.0508322842038661,retrain,3.15310001373291,0.0,0.0,True,2.4301352500915527,2.434494733810425,2.4267327785491943,adapt,2.4301352500915527,0.027303241927001603,0.0034024715423583984,retrain,2.4267327785491943
graphwavenet_transfer,MED,ENA,0.0375218391418457,0.272536039352417,0.0719449175485476,0.0545109011467251,1.3340900000000104,0.0108063064365864,1.3257773333333334,34.874864921864,0.0780033333333333,7.5,12.7,5.654966772088928,88.86699762037007,0.1861451202091436,0.2636865078570336,0.07754138764789,0.07754138764789,9.53591246713893,11.86802551155998,2.3321130444210496,2.3321130444210496,3.542390644885146,2.7719647735757627,-0.7704258713093832,0.7704258713093832,735.0091463414634,625.5614942528736,-109.44765208858983,109.44765208858983,0.4203848180768059,0.3332258746454959,-0.0871589434313099,0.0871589434313099,0.3160164627808042,0.1688618357303399,-0.1471546270504643,0.1471546270504643,0.0875235951849466,0.0494158020227599,-0.0381077931621866,0.0381077931621866,8.405440814641642,4.632001828479278,-3.773438986162364,3.773438986162364,28.08231707317072,12.88812260536398,-15.19419446780674,15.19419446780674,30.50050304878048,37.795498084291175,7.294995035510695,7.294995035510695,54.294249999999984,64.34408812260534,10.049838122605358,10.049838122605358,1.7647267297942557,1.6986412128113502,-0.0660855169829055,0.0660855169829055,1.0,0.0,0.0,0.0222409491601951,0.0115097517685675,adapt,3.27463436126709,0.2350142002105713,0.0773169632250644,False,3.057300567626953,3.0887889862060547,2.8372068405151367,adapt,3.057300567626953,-0.0107311973916276,0.2200937271118164,retrain,2.8372068405151367
graphwavenet_transfer,MED,NCA,0.0027275085449218,0.0127760171890258,0.1428431196229395,0.0707861941512436,0.722263000000013,0.0046026484936585,0.7222630000000001,15.392666848252327,0.0824466666666666,5.4,4.800000000000001,4.310087516801724,116.55921234492422,0.1861451202091436,0.1028719844975235,-0.0832731357116201,0.0832731357116201,9.53591246713893,10.49152713485848,0.9556146677195496,0.9556146677195496,3.542390644885146,4.969572135421824,1.4271814905366784,1.4271814905366784,735.0091463414634,618.7291666666666,-116.27997967479678,116.27997967479678,0.4203848180768059,0.5612455220231938,0.1408607039463879,0.1408607039463879,0.3160164627808042,0.2626767940245775,-0.0533396687562267,0.0533396687562267,0.0875235951849466,0.0995697692237094,0.0120461740387628,0.0120461740387628,8.405440814641642,15.03081858212739,6.625377767485748,6.625377767485748,28.08231707317072,56.083333333333314,28.001016260162597,28.001016260162597,30.50050304878048,34.16208333333332,3.6615802845528407,3.6615802845528407,54.294249999999984,58.53818749999997,4.243937499999987,4.243937499999987,1.7647267297942557,1.7067006980768993,-0.0580260317173564,0.0580260317173564,1.0,0.0,0.0,0.0254523906290712,0.0516816513898962,retrain,1.0432987213134766,0.0,0.0,True,0.9697753190994264,0.9725483655929564,0.9604099988937378,adapt,0.9697753190994264,0.026229260760825,0.009365320205688588,retrain,0.9604099988937378
graphwavenet_transfer,MED,NEU,0.0067188739776611,0.0099716186523437,0.1122231362803315,0.1263997953195209,0.9145256666666788,0.030821489904687,0.5346216666666668,18.350350202163888,0.1563699999999999,0.9000000000000004,5.699999999999999,3.97316682889048,18.63900222761006,0.1861451202091436,0.3421046353629576,0.155959515153814,0.155959515153814,9.53591246713893,6.448870032886587,-3.087042434252343,3.087042434252343,3.542390644885146,2.1155132948043303,-1.4268773500808156,1.4268773500808156,735.0091463414634,645.8289596602972,-89.18018668116622,89.18018668116622,0.4203848180768059,0.3633768003955634,-0.0570080176812424,0.0570080176812424,0.3160164627808042,0.2805553338745088,-0.0354611289062953,0.0354611289062953,0.0875235951849466,0.0995128420832286,0.011989246898282,0.011989246898282,8.405440814641642,4.159081780752651,-4.246359033888991,4.246359033888991,28.08231707317072,13.465817409766448,-14.616499663404271,14.616499663404271,30.50050304878048,18.62093630573248,-11.879566743048,11.879566743048,54.294249999999984,30.73014692144373,-23.56410307855625,23.56410307855625,1.7647267297942557,1.6639993521933627,-0.100727377600893,0.100727377600893,1.0,0.0,0.0,0.0161379266668758,0.0503861539170419,retrain,2.1495509147644043,0.0,0.0,True,2.3228163719177246,2.331404209136963,2.3169517517089844,adapt,2.3228163719177246,0.034248227250166095,0.005864620208740234,retrain,2.3169517517089844
graphwavenet_transfer,MED,NWN,0.0426020622253418,0.1130666732788081,0.0471878274969365,0.0542577436402828,0.7895700000000113,0.011992685971486,0.7771213333333331,12.984319966056006,0.0932033333333333,3.2,6.599999999999998,3.7990692614582713,142.1048479597585,0.1861451202091436,0.2785900849393239,0.0924449647301803,0.0924449647301803,9.53591246713893,7.260695173095203,-2.2752172940437267,2.2752172940437267,3.542390644885146,2.6677455388637004,-0.8746451060214455,0.8746451060214455,735.0091463414634,938.5775956284152,203.56844928695185,203.56844928695185,0.4203848180768059,0.4608008032662643,0.0404159851894584,0.0404159851894584,0.3160164627808042,0.2662126818999085,-0.0498037808808957,0.0498037808808957,0.0875235951849466,0.1568075500848776,0.069283954899931,0.069283954899931,8.405440814641642,5.861973518724925,-2.5434672959167166,2.5434672959167166,28.08231707317072,19.06967213114753,-9.01264494202319,9.01264494202319,30.50050304878048,22.29953551912568,-8.2009675296548,8.2009675296548,54.294249999999984,37.55597267759563,-16.73827732240435,16.73827732240435,1.7647267297942557,1.6943305976016485,-0.0703961321926072,0.0703961321926072,1.0,0.0,0.0,0.0147902667624376,0.0536285856785663,retrain,2.310877084732056,0.0,0.0,True,2.352534294128418,2.402595996856689,2.2787129878997803,adapt,2.352534294128418,0.0388383189161287,0.0738213062286377,retrain,2.2787129878997803
graphwavenet_transfer,MED,SAU,0.0011284351348876,-0.0015337467193603,0.021546424576935,0.0238833990409489,0.3160063333333449,0.003927471637781,0.049463,15.743319262118998,0.0391766666666666,0.8000000000000007,4.599999999999998,3.5633458426877147,150.2175969564558,0.1861451202091436,0.2251135958726356,0.038968475663492,0.038968475663492,9.53591246713893,7.577741041097264,-1.958171426041666,1.958171426041666,3.542390644885146,3.160801830704409,-0.3815888141807368,0.3815888141807368,735.0091463414634,477.93219373219375,-257.07695260926965,257.07695260926965,0.4203848180768059,0.3646288409592436,-0.0557559771175623,0.0557559771175623,0.3160164627808042,0.2589121709437478,-0.0571042918370564,0.0571042918370564,0.0875235951849466,0.106673368514571,0.0191497733296244,0.0191497733296244,8.405440814641642,6.636155047751923,-1.7692857668897188,1.7692857668897188,28.08231707317072,20.68717948717948,-7.39513758599124,7.39513758599124,30.50050304878048,23.68501424501424,-6.81548880376624,6.81548880376624,54.294249999999984,44.18354985754985,-10.110700142450137,10.110700142450137,1.7647267297942557,1.870246544887621,0.1055198150933653,0.1055198150933653,1.0,0.0,0.0,0.0222440963269636,0.0501610876131475,retrain,2.110327243804932,0.002662181854248,0.0012630953097377,False,1.6744381189346311,1.682013750076294,1.6707956790924072,adapt,1.6744381189346311,0.027916991286183898,0.003642439842223899,retrain,1.6707956790924072
graphwavenet_transfer,MED,WCE,0.0093019008636474,0.0095674991607661,0.0789246502486998,0.0893883809280714,0.7927943333333463,0.0240506119915384,0.4280750000000002,17.721074886875,0.13664,0.5999999999999996,5.300000000000001,4.580067926506824,10.322635159608035,0.1861451202091436,0.3237542919443535,0.1376091717352099,0.1376091717352099,9.53591246713893,6.723463276341766,-2.812449190797164,2.812449190797164,3.542390644885146,2.2419690223348,-1.300421622550346,1.300421622550346,735.0091463414634,592.1126040507456,-142.89654229071778,142.89654229071778,0.4203848180768059,0.362656014520309,-0.0577288035564969,0.0577288035564969,0.3160164627808042,0.2678747838496824,-0.0481416789311218,0.0481416789311218,0.0875235951849466,0.0929587726977534,0.0054351775128068,0.0054351775128068,8.405440814641642,4.294581852097624,-4.110858962544017,4.110858962544017,28.08231707317072,13.442510572000884,-14.639806501169836,14.639806501169836,30.50050304878048,19.799445804584906,-10.701057244195574,10.701057244195574,54.294249999999984,33.70830558646783,-20.585944413532157,20.585944413532157,1.7647267297942557,1.713310364181826,-0.0514163656124297,0.0514163656124297,1.0,0.0,0.0,0.0168229745612903,0.0524414889450718,retrain,2.015121936798096,0.0,0.0,True,2.2611632347106934,2.2737972736358643,2.259613513946533,adapt,2.2611632347106934,0.0356185143837815,0.0015497207641601562,retrain,2.259613513946533
graphwavenet_transfer,MED,WNA,0.0123264789581298,0.033424019813538,0.1783485102701103,0.1700821440182764,0.519315666666679,0.010544488976353,0.4405543333333335,5.857680101591001,0.0878833333333333,1.6999999999999993,0.3000000000000007,2.41521312176924,122.1791754254358,0.1861451202091436,0.2731899847020255,0.0870448644928819,0.0870448644928819,9.53591246713893,7.961223747682733,-1.574688719456197,1.574688719456197,3.542390644885146,2.7543234792434683,-0.7880671656416776,0.7880671656416776,735.0091463414634,934.4202051282052,199.41105878674185,199.41105878674185,0.4203848180768059,0.429573714296412,0.0091888962196061,0.0091888962196061,0.3160164627808042,0.2938980646746185,-0.0221183981061857,0.0221183981061857,0.0875235951849466,0.1470825091117854,0.0595589139268387,0.0595589139268387,8.405440814641642,6.78196426151767,-1.6234765531239717,1.6234765531239717,28.08231707317072,23.09020512820512,-4.9921119449656,4.9921119449656,30.50050304878048,23.724938461538457,-6.775564587242023,6.775564587242023,54.294249999999984,39.250704615384606,-15.043545384615378,15.043545384615378,1.7647267297942557,1.6554989468068897,-0.109227782987366,0.109227782987366,1.0,0.0,0.0,0.0224277096057057,0.0485052311264826,retrain,1.8405015468597408,0.0,0.0,True,2.013249158859253,2.029726028442383,1.9843186140060425,adapt,2.013249158859253,0.026077521520776897,0.02893054485321045,retrain,1.9843186140060425
graphwavenet_transfer,NCA,CNA,0.0023584365844726,0.1238787174224853,0.0335876249909874,0.0395424399890317,1.041053999999999,0.0047102842550759,1.040390666666667,30.15341133275911,0.0734033333333333,7.9,12.700000000000005,4.460699954893447,12.762112366273143,0.1028719844975235,0.1769941429813634,0.0741221584838399,0.0741221584838399,10.49152713485848,11.7045993843284,1.2130722494699206,1.2130722494699206,4.969572135421824,3.537563069226391,-1.4320090661954334,1.4320090661954334,618.7291666666666,712.5566210045662,93.82745433789955,93.82745433789955,0.5612455220231938,0.4114839791493083,-0.1497615428738855,0.1497615428738855,0.2626767940245775,0.1885324106286633,-0.0741443833959142,0.0741443833959142,0.0995697692237094,0.0706025047024773,-0.0289672645212321,0.0289672645212321,15.03081858212739,7.2567876750221885,-7.774030907105201,7.774030907105201,56.083333333333314,22.21187214611871,-33.87146118721461,33.87146118721461,34.16208333333332,38.09081050228309,3.92872716894977,3.92872716894977,58.53818749999997,65.53934703196344,7.001159531963474,7.001159531963474,1.7067006980768993,1.722797391119089,0.0160966930421897,0.0160966930421897,1.0,0.0,0.0,0.0160918843498305,0.0418101571963031,retrain,1.937436819076538,0.0,0.0,True,2.185302495956421,2.192023515701294,2.062992811203003,adapt,2.185302495956421,0.0257182728464726,0.12230968475341797,retrain,2.062992811203003
graphwavenet_transfer,NCA,EAS,-0.0166907310485839,0.0907669067382812,0.152086662681703,0.2082199191936613,4.819493999999999,0.0253226226117426,4.819493999999999,359.12824048464137,0.15862,29.9,70.1,23.63704841599716,225.8789053346837,0.1028719844975235,0.2619645284658203,0.1590925439682968,0.1590925439682968,10.49152713485848,22.32134072090326,11.829813586044782,11.829813586044782,4.969572135421824,3.243094697249479,-1.7264774381723451,1.7264774381723451,618.7291666666666,3905.359090909091,3286.6299242424243,3286.6299242424243,0.5612455220231938,0.5445014743036944,-0.0167440477194993,0.0167440477194993,0.2626767940245775,0.3575663621177918,0.0948895680932143,0.0948895680932143,0.0995697692237094,0.1647095879545876,0.0651398187308782,0.0651398187308782,15.03081858212739,5.973304597322264,-9.057513984805126,9.057513984805126,56.083333333333314,19.794090909090905,-36.28924242424241,36.28924242424241,34.16208333333332,81.67781818181815,47.51573484848483,47.51573484848483,58.53818749999997,152.75432727272724,94.21613977272727,94.21613977272727,1.7067006980768993,1.867813398543564,0.1611127004666648,0.1611127004666648,1.0,0.0,0.0,0.0291735186767429,0.195173384627478,retrain,5.9496283531188965,0.0,0.0,True,6.599815368652344,6.560490131378174,6.446907043457031,adapt,6.599815368652344,0.1659998659507351,0.1529083251953125,retrain,6.446907043457031
graphwavenet_transfer,NCA,EAU,0.0068283081054687,0.0304298400878906,0.0806612475883321,0.1504498385505568,1.2936146666666666,0.0082233440965111,1.2935800000000006,38.30250600167999,0.1026233333333333,8.6,13.6,5.863859366780637,266.0758500565293,0.1028719844975235,0.2062810595178484,0.1034090750203249,0.1034090750203249,10.49152713485848,11.241205060945532,0.7496779260870525,0.7496779260870525,4.969572135421824,3.3685489949547898,-1.6010231404670343,1.6010231404670343,618.7291666666666,834.2655601659751,215.53639349930847,215.53639349930847,0.5612455220231938,0.4070551376247937,-0.1541903843984001,0.1541903843984001,0.2626767940245775,0.2822674911951668,0.0195906971705893,0.0195906971705893,0.0995697692237094,0.1358043125815428,0.0362345433578333,0.0362345433578333,15.03081858212739,7.157240483743252,-7.8735780983841375,7.8735780983841375,56.083333333333314,21.85435684647302,-34.22897648686029,34.22897648686029,34.16208333333332,37.27962655601658,3.11754322268326,3.11754322268326,58.53818749999997,65.89961825726138,7.3614307572614095,7.3614307572614095,1.7067006980768993,1.7478079051967732,0.0411072071198739,0.0411072071198739,1.0,0.0,0.0,0.0170283849564692,0.0450604276643586,retrain,3.15310001373291,0.0,0.0,True,2.431145668029785,2.436420202255249,2.4267327785491943,adapt,2.431145668029785,0.028032042707889403,0.00441288948059082,retrain,2.4267327785491943
graphwavenet_transfer,NCA,ENA,-0.0101196765899658,0.1600074768066406,0.1250180052400897,0.1583314537454483,2.048167000000002,0.0248715000571779,2.0480403333333337,50.267531770116335,0.16045,12.9,17.5,7.192232105523477,28.3461812586143,0.1028719844975235,0.2636865078570336,0.1608145233595101,0.1608145233595101,10.49152713485848,11.86802551155998,1.3764983767015,1.3764983767015,4.969572135421824,2.7719647735757627,-2.1976073618460616,2.1976073618460616,618.7291666666666,625.5614942528736,6.8323275862069295,6.8323275862069295,0.5612455220231938,0.3332258746454959,-0.2280196473776978,0.2280196473776978,0.2626767940245775,0.1688618357303399,-0.0938149582942376,0.0938149582942376,0.0995697692237094,0.0494158020227599,-0.0501539672009495,0.0501539672009495,15.03081858212739,4.632001828479278,-10.398816753648113,10.398816753648113,56.083333333333314,12.88812260536398,-43.19521072796933,43.19521072796933,34.16208333333332,37.795498084291175,3.6334147509578543,3.6334147509578543,58.53818749999997,64.34408812260534,5.805900622605371,5.805900622605371,1.7067006980768993,1.6986412128113502,-0.0080594852655491,0.0080594852655491,1.0,0.0,0.0,0.0169346276267283,0.0027811418362722,adapt,3.209747314453125,0.1701271533966064,0.0559698726756284,False,3.0027260780334477,2.9959542751312256,2.8372068405151367,adapt,3.0027260780334477,-0.014153485790456099,0.165519237518311,retrain,2.8372068405151367
graphwavenet_transfer,NCA,MED,0.0058233737945556,0.0100816488265991,0.0707861941512436,0.1428431196229395,0.722263000000013,0.0049901067396023,0.7222630000000001,15.392666848252327,0.0824466666666666,5.4,4.800000000000001,4.310087516801724,116.55921234492422,0.1028719844975235,0.1861451202091436,0.0832731357116201,0.0832731357116201,10.49152713485848,9.53591246713893,-0.9556146677195496,0.9556146677195496,4.969572135421824,3.542390644885146,-1.4271814905366784,1.4271814905366784,618.7291666666666,735.0091463414634,116.27997967479678,116.27997967479678,0.5612455220231938,0.4203848180768059,-0.1408607039463879,0.1408607039463879,0.2626767940245775,0.3160164627808042,0.0533396687562267,0.0533396687562267,0.0995697692237094,0.0875235951849466,-0.0120461740387628,0.0120461740387628,15.03081858212739,8.405440814641642,-6.625377767485748,6.625377767485748,56.083333333333314,28.08231707317072,-28.001016260162597,28.001016260162597,34.16208333333332,30.50050304878048,-3.6615802845528407,3.6615802845528407,58.53818749999997,54.294249999999984,-4.243937499999987,4.243937499999987,1.7067006980768993,1.7647267297942557,0.0580260317173564,0.0580260317173564,1.0,0.0,0.0,-0.0436655906816071,-0.0392968876386175,deploy,1.674299716949463,0.0100816488265991,0.0060578892993095,False,1.7527964115142822,1.7607049942016602,1.748983383178711,deploy,1.7607049942016602,-0.0392968876386175,0.011721611022949219,retrain,1.748983383178711
graphwavenet_transfer,NCA,NEU,0.0313916206359858,0.0722811222076416,0.2992586729119221,0.4576474431068056,1.424669333333333,0.0473652420852603,1.2568846666666669,2.957683353911559,0.2388166666666666,6.300000000000001,0.8999999999999986,4.660385343481388,123.03747422185748,0.1028719844975235,0.3421046353629576,0.2392326508654341,0.2392326508654341,10.49152713485848,6.448870032886587,-4.042657101971892,4.042657101971892,4.969572135421824,2.1155132948043303,-2.854058840617494,2.854058840617494,618.7291666666666,645.8289596602972,27.09979299363056,27.09979299363056,0.5612455220231938,0.3633768003955634,-0.1978687216276303,0.1978687216276303,0.2626767940245775,0.2805553338745088,0.0178785398499313,0.0178785398499313,0.0995697692237094,0.0995128420832286,-5.692714048080583e-05,5.692714048080583e-05,15.03081858212739,4.159081780752651,-10.87173680137474,10.87173680137474,56.083333333333314,13.465817409766448,-42.61751592356687,42.61751592356687,34.16208333333332,18.62093630573248,-15.54114702760084,15.54114702760084,58.53818749999997,30.73014692144373,-27.80804057855624,27.80804057855624,1.7067006980768993,1.6639993521933627,-0.0427013458835365,0.0427013458835365,1.0,0.0,0.0,0.0029260163368839,0.0448932867970997,retrain,2.1495509147644043,0.0,0.0,True,2.361870527267456,2.4000186920166016,2.3169517517089844,adapt,2.361870527267456,0.041967270460215804,0.04491877555847168,retrain,2.3169517517089844
graphwavenet_transfer,NCA,NWN,0.0368998050689692,0.1478967666625972,0.1735971373871446,0.2516817734203442,1.5014383333333323,0.024600509562231,1.4993843333333332,28.37698681430833,0.17565,8.6,11.4,5.597053402863254,36.25401422795071,0.1028719844975235,0.2785900849393239,0.1757181004418004,0.1757181004418004,10.49152713485848,7.260695173095203,-3.2308319617632764,3.2308319617632764,4.969572135421824,2.6677455388637004,-2.301826596558124,2.301826596558124,618.7291666666666,938.5775956284152,319.8484289617486,319.8484289617486,0.5612455220231938,0.4608008032662643,-0.1004447187569294,0.1004447187569294,0.2626767940245775,0.2662126818999085,0.0035358878753309,0.0035358878753309,0.0995697692237094,0.1568075500848776,0.0572377808611681,0.0572377808611681,15.03081858212739,5.861973518724925,-9.168845063402465,9.168845063402465,56.083333333333314,19.06967213114753,-37.01366120218579,37.01366120218579,34.16208333333332,22.29953551912568,-11.86254781420764,11.86254781420764,58.53818749999997,37.55597267759563,-20.982214822404337,20.982214822404337,1.7067006980768993,1.6943305976016485,-0.0123701004752507,0.0123701004752507,1.0,0.0,0.0,0.0022399145500818,0.0177803145637934,retrain,2.310877084732056,0.0,0.0,True,2.392810821533203,2.4372284412384038,2.2787129878997803,adapt,2.392810821533203,0.015540400013711599,0.11409783363342285,retrain,2.2787129878997803
graphwavenet_transfer,NCA,SAU,0.007142305374145,0.0186049938201899,0.1465606040094893,0.312114375939931,0.741513333333332,0.0131542020682031,0.6728000000000001,0.3506524138666691,0.1216233333333333,4.6,0.2000000000000028,2.8123950007823195,254.75010756009087,0.1028719844975235,0.2251135958726356,0.1222416113751121,0.1222416113751121,10.49152713485848,7.577741041097264,-2.913786093761216,2.913786093761216,4.969572135421824,3.160801830704409,-1.8087703047174155,1.8087703047174155,618.7291666666666,477.93219373219375,-140.79697293447288,140.79697293447288,0.5612455220231938,0.3646288409592436,-0.1966166810639502,0.1966166810639502,0.2626767940245775,0.2589121709437478,-0.0037646230808296,0.0037646230808296,0.0995697692237094,0.106673368514571,0.0071035992908616,0.0071035992908616,15.03081858212739,6.636155047751923,-8.394663534375468,8.394663534375468,56.083333333333314,20.68717948717948,-35.39615384615384,35.39615384615384,34.16208333333332,23.68501424501424,-10.47706908831908,10.47706908831908,58.53818749999997,44.18354985754985,-14.354637642450122,14.354637642450122,1.7067006980768993,1.870246544887621,0.1635458468107218,0.1635458468107218,1.0,0.0,0.0,0.0158187901323563,0.0438446695252794,retrain,2.110327243804932,0.0,0.0,True,1.6838535070419312,1.6906601190567017,1.6707956790924072,adapt,1.6838535070419312,0.0280258793929231,0.013057827949523926,retrain,1.6707956790924072
graphwavenet_transfer,NCA,WCE,0.0175995826721191,0.0393435955047603,0.2387278431099952,0.3579202238961932,1.2955813333333333,0.040048079230855,1.1503380000000003,2.3284080386226726,0.2190866666666666,6.0,0.5,4.401611401113482,120.48428220340084,0.1028719844975235,0.3237542919443535,0.22088230744683,0.22088230744683,10.49152713485848,6.723463276341766,-3.7680638585167134,3.7680638585167134,4.969572135421824,2.2419690223348,-2.7276031130870244,2.7276031130870244,618.7291666666666,592.1126040507456,-26.616562615921,26.616562615921,0.5612455220231938,0.362656014520309,-0.1985895075028848,0.1985895075028848,0.2626767940245775,0.2678747838496824,0.0051979898251048,0.0051979898251048,0.0995697692237094,0.0929587726977534,-0.0066109965259559,0.0066109965259559,15.03081858212739,4.294581852097624,-10.736236730029766,10.736236730029766,56.083333333333314,13.442510572000884,-42.64082276133243,42.64082276133243,34.16208333333332,19.799445804584906,-14.362637528748415,14.362637528748415,58.53818749999997,33.70830558646783,-24.82988191353214,24.82988191353214,1.7067006980768993,1.713310364181826,0.0066096661049266,0.0066096661049266,1.0,0.0,0.0,0.0042264210307767,0.0475637615011931,retrain,2.015121936798096,0.0,0.0,True,2.285816431045532,2.30839204788208,2.259613513946533,adapt,2.285816431045532,0.043337340470416395,0.02620291709899858,retrain,2.259613513946533
graphwavenet_transfer,NCA,WNA,-0.0011628866195676,0.0504276752471928,0.1114378890026565,0.1700005540521379,1.1762033333333328,0.0224518749530011,1.1628173333333336,9.534986746661328,0.17033,7.1,5.100000000000001,5.762711567736889,11.95513233006116,0.1028719844975235,0.2731899847020255,0.170318000204502,0.170318000204502,10.49152713485848,7.961223747682733,-2.5303033871757465,2.5303033871757465,4.969572135421824,2.7543234792434683,-2.215248656178356,2.215248656178356,618.7291666666666,934.4202051282052,315.6910384615386,315.6910384615386,0.5612455220231938,0.429573714296412,-0.1316718077267817,0.1316718077267817,0.2626767940245775,0.2938980646746185,0.0312212706500409,0.0312212706500409,0.0995697692237094,0.1470825091117854,0.0475127398880759,0.0475127398880759,15.03081858212739,6.78196426151767,-8.24885432060972,8.24885432060972,56.083333333333314,23.09020512820512,-32.993128205128194,32.993128205128194,34.16208333333332,23.724938461538457,-10.437144871794864,10.437144871794864,58.53818749999997,39.250704615384606,-19.287482884615365,19.287482884615365,1.7067006980768993,1.6554989468068897,-0.0512017512700095,0.0512017512700095,1.0,0.0,0.0,0.0165768010326099,0.0436787695505262,retrain,1.8405015468597408,0.0,0.0,True,2.053194999694824,2.0547525882720947,1.9843186140060425,adapt,2.053194999694824,0.0271019685179163,0.06887638568878174,retrain,1.9843186140060425
graphwavenet_transfer,NEU,CNA,0.0326406955718994,0.1976304054260254,0.2502726223931507,0.1738147864446911,1.159181333333335,0.0318224400677829,0.2164939999999999,33.11109468667067,0.1654133333333333,1.5999999999999996,13.6,3.040038548015044,111.12624456065464,0.3421046353629576,0.1769941429813634,-0.1651104923815942,0.1651104923815942,6.448870032886587,11.7045993843284,5.255729351441813,5.255729351441813,2.1155132948043303,3.537563069226391,1.4220497744220606,1.4220497744220606,645.8289596602972,712.5566210045662,66.727661344269,66.727661344269,0.3633768003955634,0.4114839791493083,0.0481071787537448,0.0481071787537448,0.2805553338745088,0.1885324106286633,-0.0920229232458455,0.0920229232458455,0.0995128420832286,0.0706025047024773,-0.0289103373807513,0.0289103373807513,4.159081780752651,7.2567876750221885,3.097705894269538,3.097705894269538,13.465817409766448,22.21187214611871,8.746054736352264,8.746054736352264,18.62093630573248,38.09081050228309,19.46987419655061,19.46987419655061,30.73014692144373,65.53934703196344,34.80920011051971,34.80920011051971,1.6639993521933627,1.722797391119089,0.0587980389257263,0.0587980389257263,1.0,0.0,0.0,0.0285412948317094,0.049889879906368,retrain,1.937436819076538,0.0,0.0,True,2.2315332889556885,2.2653441429138184,2.062992811203003,adapt,2.2315332889556885,0.0213485850746586,0.16854047775268555,retrain,2.062992811203003
graphwavenet_transfer,NEU,EAS,0.0151858329772958,0.0392527580261239,0.3255549404609843,0.2192852597585832,3.944982666666665,0.0123693278963548,3.562609333333332,362.0859238385529,0.0801966666666666,23.6,71.0,20.742974666106296,110.8114152256408,0.3421046353629576,0.2619645284658203,-0.0801401068971373,0.0801401068971373,6.448870032886587,22.32134072090326,15.872470688016676,15.872470688016676,2.1155132948043303,3.243094697249479,1.127581402445149,1.127581402445149,645.8289596602972,3905.359090909091,3259.5301312487936,3259.5301312487936,0.3633768003955634,0.5445014743036944,0.181124673908131,0.181124673908131,0.2805553338745088,0.3575663621177918,0.0770110282432829,0.0770110282432829,0.0995128420832286,0.1647095879545876,0.065196745871359,0.065196745871359,4.159081780752651,5.973304597322264,1.8142228165696137,1.8142228165696137,13.465817409766448,19.794090909090905,6.328273499324457,6.328273499324457,18.62093630573248,81.67781818181815,63.05688187608567,63.05688187608567,30.73014692144373,152.75432727272724,122.0241803512835,122.0241803512835,1.6639993521933627,1.867813398543564,0.2038140463502014,0.2038140463502014,1.0,0.0,0.0,0.0591646088779731,0.251712165309272,retrain,5.9496283531188965,0.0,0.0,True,6.474150657653809,6.49059009552002,6.446907043457031,adapt,6.474150657653809,0.1925475564312989,0.027243614196777344,retrain,6.446907043457031
graphwavenet_transfer,NEU,EAU,-0.0032932758331298,0.0370926856994628,0.1531251642158752,0.1277256996279793,1.065779333333332,0.0246613971450508,0.0366953333333337,41.26018935559154,0.1361933333333333,2.299999999999999,14.5,3.849268168393619,164.64679029066758,0.3421046353629576,0.2062810595178484,-0.1358235758451092,0.1358235758451092,6.448870032886587,11.241205060945532,4.792335028058945,4.792335028058945,2.1155132948043303,3.3685489949547898,1.2530357001504595,1.2530357001504595,645.8289596602972,834.2655601659751,188.43660050567792,188.43660050567792,0.3633768003955634,0.4070551376247937,0.0436783372292302,0.0436783372292302,0.2805553338745088,0.2822674911951668,0.0017121573206579,0.0017121573206579,0.0995128420832286,0.1358043125815428,0.0362914704983142,0.0362914704983142,4.159081780752651,7.157240483743252,2.998158702990602,2.998158702990602,13.465817409766448,21.85435684647302,8.388539436706573,8.388539436706573,18.62093630573248,37.27962655601658,18.6586902502841,18.6586902502841,30.73014692144373,65.89961825726138,35.16947133581765,35.16947133581765,1.6639993521933627,1.7478079051967732,0.0838085530034105,0.0838085530034105,1.0,0.0,0.0,0.0299296711665919,0.0544173000900517,retrain,3.15310001373291,0.0,0.0,True,2.4360439777374268,2.449135065078736,2.4267327785491943,adapt,2.4360439777374268,0.024487628923459796,0.009311199188232422,retrain,2.4267327785491943
graphwavenet_transfer,NEU,ENA,0.034879446029663,0.2733700275421142,0.1204666355322599,0.0912638502539332,1.2154583333333342,0.0103736066585717,0.7911556666666666,53.22521512402789,0.0783666666666666,6.6,18.4,3.2538559711562844,94.7228781846377,0.3421046353629576,0.2636865078570336,-0.0784181275059239,0.0784181275059239,6.448870032886587,11.86802551155998,5.419155478673392,5.419155478673392,2.1155132948043303,2.7719647735757627,0.6564514787714324,0.6564514787714324,645.8289596602972,625.5614942528736,-20.26746540742363,20.26746540742363,0.3633768003955634,0.3332258746454959,-0.0301509257500675,0.0301509257500675,0.2805553338745088,0.1688618357303399,-0.1116934981441689,0.1116934981441689,0.0995128420832286,0.0494158020227599,-0.0500970400604686,0.0500970400604686,4.159081780752651,4.632001828479278,0.4729200477266273,0.4729200477266273,13.465817409766448,12.88812260536398,-0.5776948044024675,0.5776948044024675,18.62093630573248,37.795498084291175,19.174561778558694,19.174561778558694,30.73014692144373,64.34408812260534,33.61394120116161,33.61394120116161,1.6639993521933627,1.6986412128113502,0.0346418606179874,0.0346418606179874,1.0,0.0,0.0,0.0274560606547662,0.0619601337602481,retrain,3.0396201610565186,0.0,0.0,True,3.0600292682647705,3.089829206466675,2.8372068405151367,adapt,3.0600292682647705,0.0345040731054819,0.2228224277496338,retrain,2.8372068405151367
graphwavenet_transfer,NEU,MED,0.0087343454360961,0.0086196660995483,0.1263997953195209,0.1122231362803315,0.9145256666666788,0.0303762592669469,0.5346216666666668,18.350350202163888,0.1563699999999999,0.9000000000000004,5.699999999999999,3.97316682889048,18.63900222761006,0.3421046353629576,0.1861451202091436,-0.155959515153814,0.155959515153814,6.448870032886587,9.53591246713893,3.087042434252343,3.087042434252343,2.1155132948043303,3.542390644885146,1.4268773500808156,1.4268773500808156,645.8289596602972,735.0091463414634,89.18018668116622,89.18018668116622,0.3633768003955634,0.4203848180768059,0.0570080176812424,0.0570080176812424,0.2805553338745088,0.3160164627808042,0.0354611289062953,0.0354611289062953,0.0995128420832286,0.0875235951849466,-0.011989246898282,0.011989246898282,4.159081780752651,8.405440814641642,4.246359033888991,4.246359033888991,13.465817409766448,28.08231707317072,14.616499663404271,14.616499663404271,18.62093630573248,30.50050304878048,11.879566743048,11.879566743048,30.73014692144373,54.294249999999984,23.56410307855625,23.56410307855625,1.6639993521933627,1.7647267297942557,0.100727377600893,0.100727377600893,1.0,0.0,0.0,0.0416791931185168,0.0326846619609947,adapt,1.664103388786316,0.0,0.0,True,1.7461341619491575,1.7554410696029663,1.748983383178711,adapt,1.7461341619491575,-0.0089945311575221,-0.0028492212295534447,adapt,1.7461341619491575
graphwavenet_transfer,NEU,NCA,0.0140291452407836,0.0283777713775634,0.4576474431068056,0.2992586729119221,1.424669333333333,0.0646242029690018,1.2568846666666669,2.957683353911559,0.2388166666666666,6.300000000000001,0.8999999999999986,4.660385343481388,123.03747422185748,0.3421046353629576,0.1028719844975235,-0.2392326508654341,0.2392326508654341,6.448870032886587,10.49152713485848,4.042657101971892,4.042657101971892,2.1155132948043303,4.969572135421824,2.854058840617494,2.854058840617494,645.8289596602972,618.7291666666666,-27.09979299363056,27.09979299363056,0.3633768003955634,0.5612455220231938,0.1978687216276303,0.1978687216276303,0.2805553338745088,0.2626767940245775,-0.0178785398499313,0.0178785398499313,0.0995128420832286,0.0995697692237094,5.692714048080583e-05,5.692714048080583e-05,4.159081780752651,15.03081858212739,10.87173680137474,10.87173680137474,13.465817409766448,56.083333333333314,42.61751592356687,42.61751592356687,18.62093630573248,34.16208333333332,15.54114702760084,15.54114702760084,30.73014692144373,58.53818749999997,27.80804057855624,27.80804057855624,1.6639993521933627,1.7067006980768993,0.0427013458835365,0.0427013458835365,1.0,0.0,0.0,0.0284525176654193,0.0532231361490102,retrain,1.0432987213134766,0.0,0.0,True,0.973292887210846,0.98887038230896,0.9604099988937378,adapt,0.973292887210846,0.024770618483590898,0.012882888317108154,retrain,0.9604099988937378
graphwavenet_transfer,NEU,NWN,0.0487387180328369,0.1291213035583491,0.0327852438243196,0.0318548299884077,0.7121876666666669,0.0056672577548024,0.2424996666666663,31.33467016821989,0.0631666666666666,2.299999999999999,12.299999999999995,1.7355019433796166,144.80471231560347,0.3421046353629576,0.2785900849393239,-0.0635145504236336,0.0635145504236336,6.448870032886587,7.260695173095203,0.8118251402086161,0.8118251402086161,2.1155132948043303,2.6677455388637004,0.5522322440593701,0.5522322440593701,645.8289596602972,938.5775956284152,292.74863596811804,292.74863596811804,0.3633768003955634,0.4608008032662643,0.0974240028707009,0.0974240028707009,0.2805553338745088,0.2662126818999085,-0.0143426519746003,0.0143426519746003,0.0995128420832286,0.1568075500848776,0.057294708001649,0.057294708001649,4.159081780752651,5.861973518724925,1.7028917379722746,1.7028917379722746,13.465817409766448,19.06967213114753,5.603854721381083,5.603854721381083,18.62093630573248,22.29953551912568,3.6785992133931984,3.6785992133931984,30.73014692144373,37.55597267759563,6.825825756151904,6.825825756151904,1.6639993521933627,1.6943305976016485,0.0303312454082858,0.0303312454082858,1.0,0.0,0.0,0.0271870854540756,0.0860554436103662,retrain,2.310877084732056,0.0,0.0,True,2.36500883102417,2.4182069301605225,2.2787129878997803,adapt,2.36500883102417,0.0588683581562906,0.08629584312438965,retrain,2.2787129878997803
graphwavenet_transfer,NEU,SAU,0.0024664402008056,0.0098745822906489,0.0639276505113579,0.0581135788537044,0.6876120000000006,0.0149814472995131,0.5840846666666668,2.60703094004489,0.1171933333333333,1.700000000000001,1.1000000000000014,2.485593260056896,157.19668461607165,0.3421046353629576,0.2251135958726356,-0.116991039490322,0.116991039490322,6.448870032886587,7.577741041097264,1.1288710082106768,1.1288710082106768,2.1155132948043303,3.160801830704409,1.0452885359000788,1.0452885359000788,645.8289596602972,477.93219373219375,-167.89676592810343,167.89676592810343,0.3633768003955634,0.3646288409592436,0.0012520405636801,0.0012520405636801,0.2805553338745088,0.2589121709437478,-0.021643162930761,0.021643162930761,0.0995128420832286,0.106673368514571,0.0071605264313424,0.0071605264313424,4.159081780752651,6.636155047751923,2.4770732669992723,2.4770732669992723,13.465817409766448,20.68717948717948,7.221362077413033,7.221362077413033,18.62093630573248,23.68501424501424,5.064077939281759,5.064077939281759,30.73014692144373,44.18354985754985,13.45340293610612,13.45340293610612,1.6639993521933627,1.870246544887621,0.2062471926942584,0.2062471926942584,1.0,0.0,0.0,0.0280360891394284,0.053455043321508,retrain,2.110327243804932,0.0,0.0,True,1.6792454719543457,1.6896312236785889,1.6707956790924072,adapt,1.6792454719543457,0.025418954182079602,0.008449792861938477,retrain,1.6707956790924072
graphwavenet_transfer,NEU,WCE,0.001960277557373,0.0018258094787593,0.0048169406261648,0.004688979841334,0.1300246666666656,0.000797728377494,0.1065466666666665,0.6292753152888864,0.0197299999999999,0.3000000000000007,0.3999999999999986,1.7450830251376692,8.370414778311103,0.3421046353629576,0.3237542919443535,-0.018350343418604,0.018350343418604,6.448870032886587,6.723463276341766,0.274593243455179,0.274593243455179,2.1155132948043303,2.2419690223348,0.1264557275304696,0.1264557275304696,645.8289596602972,592.1126040507456,-53.71635560955156,53.71635560955156,0.3633768003955634,0.362656014520309,-0.0007207858752544,0.0007207858752544,0.2805553338745088,0.2678747838496824,-0.0126805500248264,0.0126805500248264,0.0995128420832286,0.0929587726977534,-0.0065540693854751,0.0065540693854751,4.159081780752651,4.294581852097624,0.1355000713449738,0.1355000713449738,13.465817409766448,13.442510572000884,-0.0233068377655634,0.0233068377655634,18.62093630573248,19.799445804584906,1.1785094988524245,1.1785094988524245,30.73014692144373,33.70830558646783,2.9781586650241003,2.9781586650241003,1.6639993521933627,1.713310364181826,0.0493110119884632,0.0493110119884632,1.0,0.0,0.0,0.0259057092472892,0.0547740236911442,retrain,2.015121936798096,0.0001344680786137,6.673395279186492e-05,False,2.255997657775879,2.2567195892333984,2.259613513946533,adapt,2.255997657775879,0.028868314443855004,-0.003615856170654297,adapt,2.255997657775879
graphwavenet_transfer,NEU,WNA,0.0257945060729976,0.0557234287261965,0.3612235093684073,0.226160595311277,0.4950826666666661,0.0074197649268636,0.0940673333333332,12.492670100572887,0.0684866666666666,0.7999999999999989,6.0,4.352830920224582,127.06894947565732,0.3421046353629576,0.2731899847020255,-0.0689146506609321,0.0689146506609321,6.448870032886587,7.961223747682733,1.512353714796146,1.512353714796146,2.1155132948043303,2.7543234792434683,0.6388101844391381,0.6388101844391381,645.8289596602972,934.4202051282052,288.59124546790804,288.59124546790804,0.3633768003955634,0.429573714296412,0.0661969139008485,0.0661969139008485,0.2805553338745088,0.2938980646746185,0.0133427308001096,0.0133427308001096,0.0995128420832286,0.1470825091117854,0.0475696670285567,0.0475696670285567,4.159081780752651,6.78196426151767,2.6228824807650195,2.6228824807650195,13.465817409766448,23.09020512820512,9.624387718438673,9.624387718438673,18.62093630573248,23.724938461538457,5.104002155805976,5.104002155805976,30.73014692144373,39.250704615384606,8.520557693940876,8.520557693940876,1.6639993521933627,1.6554989468068897,-0.008500405386473,0.008500405386473,1.0,0.0,0.0,0.0283475134426014,0.0525941977113566,retrain,1.8405015468597408,0.0,0.0,True,2.023162841796875,2.0518016815185547,1.9843186140060425,adapt,2.023162841796875,0.0242466842687552,0.03884422779083252,retrain,1.9843186140060425
graphwavenet_transfer,NWN,CNA,0.0879628658294677,0.222095251083374,0.1094109884519611,0.0747677822866292,0.5199483333333345,0.0108738875885712,0.4589936666666663,1.7764245184507743,0.1022466666666666,0.6999999999999993,1.3000000000000045,3.5708264789205124,40.562142814563344,0.2785900849393239,0.1769941429813634,-0.1015959419579605,0.1015959419579605,7.260695173095203,11.7045993843284,4.443904211233197,4.443904211233197,2.6677455388637004,3.537563069226391,0.8698175303626905,0.8698175303626905,938.5775956284152,712.5566210045662,-226.02097462384904,226.02097462384904,0.4608008032662643,0.4114839791493083,-0.049316824116956,0.049316824116956,0.2662126818999085,0.1885324106286633,-0.0776802712712451,0.0776802712712451,0.1568075500848776,0.0706025047024773,-0.0862050453824003,0.0862050453824003,5.861973518724925,7.2567876750221885,1.3948141562972634,1.3948141562972634,19.06967213114753,22.21187214611871,3.1422000149711806,3.1422000149711806,22.29953551912568,38.09081050228309,15.791274983157413,15.791274983157413,37.55597267759563,65.53934703196344,27.98337435436781,27.98337435436781,1.6943305976016485,1.722797391119089,0.0284667935174405,0.0284667935174405,1.0,0.0,0.0,0.0257895242703048,0.0485382080646258,retrain,1.937436819076538,0.0,0.0,True,2.204129934310913,2.288743734359741,2.062992811203003,adapt,2.204129934310913,0.022748683794320997,0.14113712310791016,retrain,2.062992811203003
graphwavenet_transfer,NWN,EAS,0.0058026313781738,-0.0032815933227539,0.189945794069555,0.1117198813376448,3.3961209999999986,0.0029094575617674,3.320109666666666,330.751253670333,0.0170299999999999,21.3,58.7,20.7525751864546,252.6687070192516,0.2785900849393239,0.2619645284658203,-0.0166255564735036,0.0166255564735036,7.260695173095203,22.32134072090326,15.060645547808058,15.060645547808058,2.6677455388637004,3.243094697249479,0.5753491583857788,0.5753491583857788,938.5775956284152,3905.359090909091,2966.781495280676,2966.781495280676,0.4608008032662643,0.5445014743036944,0.0837006710374301,0.0837006710374301,0.2662126818999085,0.3575663621177918,0.0913536802178833,0.0913536802178833,0.1568075500848776,0.1647095879545876,0.0079020378697099,0.0079020378697099,5.861973518724925,5.973304597322264,0.1113310785973391,0.1113310785973391,19.06967213114753,19.794090909090905,0.7244187779433737,0.7244187779433737,22.29953551912568,81.67781818181815,59.37828266269247,59.37828266269247,37.55597267759563,152.75432727272724,115.1983545951316,115.1983545951316,1.6943305976016485,1.867813398543564,0.1734828009419156,0.1734828009419156,1.0,0.0,0.0,0.0482450686759916,0.2113248061136744,retrain,5.9496283531188965,0.0090842247009277,0.0015291906775797,False,6.455050945281982,6.598493099212647,6.446907043457031,adapt,6.455050945281982,0.1630797374376828,0.008143901824951172,retrain,6.446907043457031
graphwavenet_transfer,NWN,EAU,0.0570433139801025,0.0936770439147949,0.0705039721820224,0.055708284263429,0.3708349999999986,0.0067899266791311,0.2058043333333326,9.925519187371648,0.0730266666666666,0.0,2.200000000000003,3.661759486066516,296.968235281046,0.2785900849393239,0.2062810595178484,-0.0723090254214755,0.0723090254214755,7.260695173095203,11.241205060945532,3.980509887850329,3.980509887850329,2.6677455388637004,3.3685489949547898,0.7008034560910894,0.7008034560910894,938.5775956284152,834.2655601659751,-104.31203546244012,104.31203546244012,0.4608008032662643,0.4070551376247937,-0.0537456656414706,0.0537456656414706,0.2662126818999085,0.2822674911951668,0.0160548092952583,0.0160548092952583,0.1568075500848776,0.1358043125815428,-0.0210032375033348,0.0210032375033348,5.861973518724925,7.157240483743252,1.2952669650183273,1.2952669650183273,19.06967213114753,21.85435684647302,2.78468471532549,2.78468471532549,22.29953551912568,37.27962655601658,14.9800910368909,14.9800910368909,37.55597267759563,65.89961825726138,28.343645579665747,28.343645579665747,1.6943305976016485,1.7478079051967732,0.0534773075951247,0.0534773075951247,1.0,0.0,0.0,0.0266016273043815,0.0519234102755033,retrain,3.15310001373291,0.0,0.0,True,2.430630207061768,2.507312059402466,2.4267327785491943,adapt,2.430630207061768,0.0253217829711218,0.0038974285125736863,retrain,2.4267327785491943
graphwavenet_transfer,NWN,ENA,0.1284244060516357,0.2679166793823242,0.0415661374998263,0.0284521770745116,0.630425333333334,0.0017239319886379,0.5486560000000003,21.890544955808,0.0151999999999999,4.300000000000001,6.100000000000001,2.8334670781801767,55.533369801321,0.2785900849393239,0.2636865078570336,-0.0149035770822902,0.0149035770822902,7.260695173095203,11.86802551155998,4.607330338464776,4.607330338464776,2.6677455388637004,2.7719647735757627,0.1042192347120622,0.1042192347120622,938.5775956284152,625.5614942528736,-313.01610137554167,313.01610137554167,0.4608008032662643,0.3332258746454959,-0.1275749286207684,0.1275749286207684,0.2662126818999085,0.1688618357303399,-0.0973508461695686,0.0973508461695686,0.1568075500848776,0.0494158020227599,-0.1073917480621177,0.1073917480621177,5.861973518724925,4.632001828479278,-1.2299716902456472,1.2299716902456472,19.06967213114753,12.88812260536398,-6.18154952578355,6.18154952578355,22.29953551912568,37.795498084291175,15.495962565165495,15.495962565165495,37.55597267759563,64.34408812260534,26.78811544500971,26.78811544500971,1.6943305976016485,1.6986412128113502,0.0043106152097016,0.0043106152097016,1.0,0.0,0.0,0.0247936288079763,0.0622931235147316,retrain,3.0396201610565186,0.0,0.0,True,2.981032133102417,3.089020013809204,2.8372068405151367,adapt,2.981032133102417,0.0374994947067553,0.14382529258728027,retrain,2.8372068405151367
graphwavenet_transfer,NWN,MED,0.0391805171966552,0.0386691093444824,0.0542577436402828,0.0471878274969365,0.7895700000000113,0.0101449722907493,0.7771213333333331,12.984319966056006,0.0932033333333333,3.2,6.599999999999998,3.7990692614582713,142.1048479597585,0.2785900849393239,0.1861451202091436,-0.0924449647301803,0.0924449647301803,7.260695173095203,9.53591246713893,2.2752172940437267,2.2752172940437267,2.6677455388637004,3.542390644885146,0.8746451060214455,0.8746451060214455,938.5775956284152,735.0091463414634,-203.56844928695185,203.56844928695185,0.4608008032662643,0.4203848180768059,-0.0404159851894584,0.0404159851894584,0.2662126818999085,0.3160164627808042,0.0498037808808957,0.0498037808808957,0.1568075500848776,0.0875235951849466,-0.069283954899931,0.069283954899931,5.861973518724925,8.405440814641642,2.5434672959167166,2.5434672959167166,19.06967213114753,28.08231707317072,9.01264494202319,9.01264494202319,22.29953551912568,30.50050304878048,8.2009675296548,8.2009675296548,37.55597267759563,54.294249999999984,16.73827732240435,16.73827732240435,1.6943305976016485,1.7647267297942557,0.0703961321926072,0.0703961321926072,1.0,0.0,0.0,0.0321504987265818,0.0360963482238951,retrain,1.6642180681228638,0.0005114078521728,0.0003073906382568,False,1.7467880249023438,1.790297031402588,1.748983383178711,adapt,1.7467880249023438,0.003945849497313296,-0.0021953582763671875,adapt,1.7467880249023438
graphwavenet_transfer,NWN,NCA,0.0238256454467773,0.0306053161621093,0.2516817734203442,0.1735971373871446,1.5014383333333323,0.0325290641142297,1.4993843333333332,28.37698681430833,0.17565,8.6,11.4,5.597053402863254,36.25401422795071,0.2785900849393239,0.1028719844975235,-0.1757181004418004,0.1757181004418004,7.260695173095203,10.49152713485848,3.2308319617632764,3.2308319617632764,2.6677455388637004,4.969572135421824,2.301826596558124,2.301826596558124,938.5775956284152,618.7291666666666,-319.8484289617486,319.8484289617486,0.4608008032662643,0.5612455220231938,0.1004447187569294,0.1004447187569294,0.2662126818999085,0.2626767940245775,-0.0035358878753309,0.0035358878753309,0.1568075500848776,0.0995697692237094,-0.0572377808611681,0.0572377808611681,5.861973518724925,15.03081858212739,9.168845063402465,9.168845063402465,19.06967213114753,56.083333333333314,37.01366120218579,37.01366120218579,22.29953551912568,34.16208333333332,11.86254781420764,11.86254781420764,37.55597267759563,58.53818749999997,20.982214822404337,20.982214822404337,1.6943305976016485,1.7067006980768993,0.0123701004752507,0.0123701004752507,1.0,0.0,0.0,0.0274164157869007,0.0529956535706412,retrain,1.0432987213134766,0.0,0.0,True,0.9654260277748108,0.9879860281944276,0.9604099988937378,adapt,0.9654260277748108,0.025579237783740497,0.005016028881072998,retrain,0.9604099988937378
graphwavenet_transfer,NWN,NEU,0.0403366088867187,0.0462119579315185,0.0318548299884077,0.0327852438243196,0.7121876666666669,0.0049976397276054,0.2424996666666663,31.33467016821989,0.0631666666666666,2.299999999999999,12.299999999999995,1.7355019433796166,144.80471231560347,0.2785900849393239,0.3421046353629576,0.0635145504236336,0.0635145504236336,7.260695173095203,6.448870032886587,-0.8118251402086161,0.8118251402086161,2.6677455388637004,2.1155132948043303,-0.5522322440593701,0.5522322440593701,938.5775956284152,645.8289596602972,-292.74863596811804,292.74863596811804,0.4608008032662643,0.3633768003955634,-0.0974240028707009,0.0974240028707009,0.2662126818999085,0.2805553338745088,0.0143426519746003,0.0143426519746003,0.1568075500848776,0.0995128420832286,-0.057294708001649,0.057294708001649,5.861973518724925,4.159081780752651,-1.7028917379722746,1.7028917379722746,19.06967213114753,13.465817409766448,-5.603854721381083,5.603854721381083,22.29953551912568,18.62093630573248,-3.6785992133931984,3.6785992133931984,37.55597267759563,30.73014692144373,-6.825825756151904,6.825825756151904,1.6943305976016485,1.6639993521933627,-0.0303312454082858,0.0303312454082858,1.0,0.0,0.0,0.0222285426673832,0.0525969810091959,retrain,2.1495509147644043,0.0,0.0,True,2.326026439666748,2.3663554191589355,2.3169517517089844,adapt,2.326026439666748,0.0303684383418127,0.009074687957763672,retrain,2.3169517517089844
graphwavenet_transfer,NWN,SAU,0.0557105541229248,0.0558173656463618,0.0377207030090556,0.0375157484199401,0.8265843333333328,0.0026172435095686,0.8265843333333331,28.727639228175004,0.0540266666666666,4.0,11.199999999999996,3.471128043451192,286.2769648557052,0.2785900849393239,0.2251135958726356,-0.0534764890666883,0.0534764890666883,7.260695173095203,7.577741041097264,0.3170458680020607,0.3170458680020607,2.6677455388637004,3.160801830704409,0.4930562918407086,0.4930562918407086,938.5775956284152,477.93219373219375,-460.6454018962215,460.6454018962215,0.4608008032662643,0.3646288409592436,-0.0961719623070207,0.0961719623070207,0.2662126818999085,0.2589121709437478,-0.0073005109561606,0.0073005109561606,0.1568075500848776,0.106673368514571,-0.0501341815703065,0.0501341815703065,5.861973518724925,6.636155047751923,0.7741815290269978,0.7741815290269978,19.06967213114753,20.68717948717948,1.6175073560319504,1.6175073560319504,22.29953551912568,23.68501424501424,1.3854787258885608,1.3854787258885608,37.55597267759563,44.18354985754985,6.627577179954216,6.627577179954216,1.6943305976016485,1.870246544887621,0.1759159472859726,0.1759159472859726,1.0,0.0,0.0,0.0253606911457469,0.0519991253683818,retrain,2.110327243804932,0.0,0.0,True,1.674224615097046,1.7150015830993652,1.6707956790924072,adapt,1.674224615097046,0.0266384342226349,0.003428936004638672,retrain,1.6707956790924072
graphwavenet_transfer,NWN,WCE,0.0650463104248051,0.066123247146606,0.0179947067075612,0.0179648586833318,0.630561000000001,0.0025822014004919,0.3490463333333329,30.705394852931008,0.0434366666666666,2.6,11.9,3.05329518084622,144.0016477034404,0.2785900849393239,0.3237542919443535,0.0451642070050296,0.0451642070050296,7.260695173095203,6.723463276341766,-0.5372318967534371,0.5372318967534371,2.6677455388637004,2.2419690223348,-0.4257765165289005,0.4257765165289005,938.5775956284152,592.1126040507456,-346.4649915776696,346.4649915776696,0.4608008032662643,0.362656014520309,-0.0981447887459553,0.0981447887459553,0.2662126818999085,0.2678747838496824,0.0016621019497738,0.0016621019497738,0.1568075500848776,0.0929587726977534,-0.0638487773871241,0.0638487773871241,5.861973518724925,4.294581852097624,-1.567391666627301,1.567391666627301,19.06967213114753,13.442510572000884,-5.627161559146646,5.627161559146646,22.29953551912568,19.799445804584906,-2.500089714540774,2.500089714540774,37.55597267759563,33.70830558646783,-3.847667091127804,3.847667091127804,1.6943305976016485,1.713310364181826,0.0189797665801774,0.0189797665801774,1.0,0.0,0.0,0.0223472332897431,0.0541473972517705,retrain,2.015121936798096,0.0,0.0,True,2.2610418796539307,2.319748640060425,2.259613513946533,adapt,2.2610418796539307,0.0318001639620274,0.001428365707397461,retrain,2.259613513946533
graphwavenet_transfer,NWN,WNA,0.0044250488281256,0.0093276500701913,0.1876266341437067,0.1286080795672765,0.4181583333333339,0.0007665549718098,0.3365669999999996,18.842000067647007,0.0053199999999999,1.5,6.299999999999997,4.228118597879599,24.772908795692988,0.2785900849393239,0.2731899847020255,-0.0054001002372984,0.0054001002372984,7.260695173095203,7.961223747682733,0.7005285745875298,0.7005285745875298,2.6677455388637004,2.7543234792434683,0.0865779403797679,0.0865779403797679,938.5775956284152,934.4202051282052,-4.157390500209999,4.157390500209999,0.4608008032662643,0.429573714296412,-0.0312270889698523,0.0312270889698523,0.2662126818999085,0.2938980646746185,0.02768538277471,0.02768538277471,0.1568075500848776,0.1470825091117854,-0.0097250409730922,0.0097250409730922,5.861973518724925,6.78196426151767,0.919990742792745,0.919990742792745,19.06967213114753,23.09020512820512,4.02053299705759,4.02053299705759,22.29953551912568,23.724938461538457,1.4254029424127772,1.4254029424127772,37.55597267759563,39.250704615384606,1.694731937788973,1.694731937788973,1.6943305976016485,1.6554989468068897,-0.0388316507947588,0.0388316507947588,1.0,0.0,0.0,0.0245891684385619,0.0491167781478255,retrain,1.8405015468597408,0.0,0.0,True,1.9947681427001955,1.997520089149475,1.9843186140060425,adapt,1.9947681427001955,0.0245276097092636,0.010449528694153054,retrain,1.9843186140060425
graphwavenet_transfer,SAU,CNA,0.0077636241912846,0.1688473224639897,0.1894942544182992,0.0809107646366135,0.667710000000001,0.0035553180129148,0.3675906666666668,30.50406374662578,0.04822,3.3000000000000007,12.5,2.2465145581162864,246.39227192623088,0.2251135958726356,0.1769941429813634,-0.0481194528912722,0.0481194528912722,7.577741041097264,11.7045993843284,4.126858343231136,4.126858343231136,3.160801830704409,3.537563069226391,0.3767612385219818,0.3767612385219818,477.93219373219375,712.5566210045662,234.62442727237243,234.62442727237243,0.3646288409592436,0.4114839791493083,0.0468551381900647,0.0468551381900647,0.2589121709437478,0.1885324106286633,-0.0703797603150845,0.0703797603150845,0.106673368514571,0.0706025047024773,-0.0360708638120937,0.0360708638120937,6.636155047751923,7.2567876750221885,0.6206326272702656,0.6206326272702656,20.68717948717948,22.21187214611871,1.5246926589392302,1.5246926589392302,23.68501424501424,38.09081050228309,14.40579625726885,14.40579625726885,44.18354985754985,65.53934703196344,21.355797174413595,21.355797174413595,1.870246544887621,1.722797391119089,-0.147449153768532,0.147449153768532,1.0,0.0,0.0,0.0243038486473968,0.0469430783882158,retrain,1.937436819076538,0.0,0.0,True,2.228383779525757,2.240031242370605,2.062992811203003,adapt,2.228383779525757,0.022639229740819,0.1653909683227539,retrain,2.062992811203003
graphwavenet_transfer,SAU,EAS,0.0591020584106445,0.0596346855163574,0.3118211228942141,0.1799364265440521,4.152901333333331,0.0046344103645761,4.146693999999999,359.47889289850804,0.0369966666666666,25.3,69.9,21.4357089001579,64.57329658741189,0.2251135958726356,0.2619645284658203,0.0368509325931847,0.0368509325931847,7.577741041097264,22.32134072090326,14.743599679805998,14.743599679805998,3.160801830704409,3.243094697249479,0.0822928665450701,0.0822928665450701,477.93219373219375,3905.359090909091,3427.426897176897,3427.426897176897,0.3646288409592436,0.5445014743036944,0.1798726333444508,0.1798726333444508,0.2589121709437478,0.3575663621177918,0.098654191174044,0.098654191174044,0.106673368514571,0.1647095879545876,0.0580362194400165,0.0580362194400165,6.636155047751923,5.973304597322264,-0.6628504504296586,0.6628504504296586,20.68717948717948,19.794090909090905,-0.8930885780885767,0.8930885780885767,23.68501424501424,81.67781818181815,57.99280393680391,57.99280393680391,44.18354985754985,152.75432727272724,108.5707774151774,108.5707774151774,1.870246544887621,1.867813398543564,-0.002433146344057,0.002433146344057,1.0,0.0,0.0,0.0493934542520878,0.2295516804664915,retrain,5.9496283531188965,0.0,0.0,True,6.443240642547607,6.484784126281738,6.446907043457031,adapt,6.443240642547607,0.1801582262144037,-0.003666400909423828,adapt,6.443240642547607
graphwavenet_transfer,SAU,EAU,0.0052466392517085,0.0361034870147705,0.0357605646480699,0.0325959685214423,0.720112666666665,0.0017675703522039,0.6207800000000006,38.653158415546656,0.019,4.0,13.4,4.210088849956815,14.532548435721534,0.2251135958726356,0.2062810595178484,-0.0188325363547872,0.0188325363547872,7.577741041097264,11.241205060945532,3.663464019848268,3.663464019848268,3.160801830704409,3.3685489949547898,0.2077471642503807,0.2077471642503807,477.93219373219375,834.2655601659751,356.3333664337813,356.3333664337813,0.3646288409592436,0.4070551376247937,0.04242629666555,0.04242629666555,0.2589121709437478,0.2822674911951668,0.023355320251419,0.023355320251419,0.106673368514571,0.1358043125815428,0.0291309440669717,0.0291309440669717,6.636155047751923,7.157240483743252,0.5210854359913295,0.5210854359913295,20.68717948717948,21.85435684647302,1.1671773592935395,1.1671773592935395,23.68501424501424,37.27962655601658,13.59461231100234,13.59461231100234,44.18354985754985,65.89961825726138,21.71606839971153,21.71606839971153,1.870246544887621,1.7478079051967732,-0.1224386396908479,0.1224386396908479,1.0,0.0,0.0,0.0252652027401386,0.0512075658984983,retrain,3.15310001373291,0.0,0.0,True,2.4277188777923584,2.4279470443725586,2.4267327785491943,adapt,2.4277188777923584,0.0259423631583597,0.0009860992431640625,retrain,2.4267327785491943
graphwavenet_transfer,SAU,ENA,0.0086615085601806,0.2494699954986572,0.1266619395298021,0.0712416571496251,1.3752403333333336,0.0033819188998249,1.3752403333333334,50.61818418398301,0.0388266666666666,8.3,17.299999999999997,4.734081521809201,230.7533668271362,0.2251135958726356,0.2636865078570336,0.038572911984398,0.038572911984398,7.577741041097264,11.86802551155998,4.290284470462716,4.290284470462716,3.160801830704409,2.7719647735757627,-0.3888370571286463,0.3888370571286463,477.93219373219375,625.5614942528736,147.6293005206798,147.6293005206798,0.3646288409592436,0.3332258746454959,-0.0314029663137476,0.0314029663137476,0.2589121709437478,0.1688618357303399,-0.0900503352134079,0.0900503352134079,0.106673368514571,0.0494158020227599,-0.0572575664918111,0.0572575664918111,6.636155047751923,4.632001828479278,-2.004153219272645,2.004153219272645,20.68717948717948,12.88812260536398,-7.799056881815501,7.799056881815501,23.68501424501424,37.795498084291175,14.110483839276936,14.110483839276936,44.18354985754985,64.34408812260534,20.160538265055493,20.160538265055493,1.870246544887621,1.6986412128113502,-0.1716053320762709,0.1716053320762709,1.0,0.0,0.0,0.0235537414121532,0.0277964149754248,retrain,3.0396201610565186,0.0,0.0,True,3.058608293533325,3.070123672485352,2.8372068405151367,adapt,3.058608293533325,0.004242673563271598,0.22140145301818848,retrain,2.8372068405151367
graphwavenet_transfer,SAU,MED,0.0028934478759765,0.0002447366714477,0.0238833990409489,0.021546424576935,0.3160063333333449,0.0030556462440756,0.049463,15.743319262118998,0.0391766666666666,0.8000000000000007,4.599999999999998,3.5633458426877147,150.2175969564558,0.2251135958726356,0.1861451202091436,-0.038968475663492,0.038968475663492,7.577741041097264,9.53591246713893,1.958171426041666,1.958171426041666,3.160801830704409,3.542390644885146,0.3815888141807368,0.3815888141807368,477.93219373219375,735.0091463414634,257.07695260926965,257.07695260926965,0.3646288409592436,0.4203848180768059,0.0557559771175623,0.0557559771175623,0.2589121709437478,0.3160164627808042,0.0571042918370564,0.0571042918370564,0.106673368514571,0.0875235951849466,-0.0191497733296244,0.0191497733296244,6.636155047751923,8.405440814641642,1.7692857668897188,1.7692857668897188,20.68717948717948,28.08231707317072,7.39513758599124,7.39513758599124,23.68501424501424,30.50050304878048,6.81548880376624,6.81548880376624,44.18354985754985,54.294249999999984,10.110700142450137,10.110700142450137,1.870246544887621,1.7647267297942557,-0.1055198150933653,0.1055198150933653,1.0,0.0,0.0,-0.000117085349405,9.14790730112483e-05,retrain,1.6642180681228638,0.0026487112045288,0.0015941021020279,False,1.7464255094528198,1.7446253299713137,1.748983383178711,deploy,1.7446253299713137,9.14790730112483e-05,-0.004358053207397239,deploy,1.7446253299713137
graphwavenet_transfer,SAU,NCA,0.0006881952285766,0.0123952627182006,0.312114375939931,0.1465606040094893,0.741513333333332,0.0178110118863956,0.6728000000000001,0.3506524138666691,0.1216233333333333,4.6,0.2000000000000028,2.8123950007823195,254.75010756009087,0.2251135958726356,0.1028719844975235,-0.1222416113751121,0.1222416113751121,7.577741041097264,10.49152713485848,2.913786093761216,2.913786093761216,3.160801830704409,4.969572135421824,1.8087703047174155,1.8087703047174155,477.93219373219375,618.7291666666666,140.79697293447288,140.79697293447288,0.3646288409592436,0.5612455220231938,0.1966166810639502,0.1966166810639502,0.2589121709437478,0.2626767940245775,0.0037646230808296,0.0037646230808296,0.106673368514571,0.0995697692237094,-0.0071035992908616,0.0071035992908616,6.636155047751923,15.03081858212739,8.394663534375468,8.394663534375468,20.68717948717948,56.083333333333314,35.39615384615384,35.39615384615384,23.68501424501424,34.16208333333332,10.47706908831908,10.47706908831908,44.18354985754985,58.53818749999997,14.354637642450122,14.354637642450122,1.870246544887621,1.7067006980768993,-0.1635458468107218,0.1635458468107218,1.0,0.0,0.0,0.026348504990056,0.0514462553636368,retrain,1.0432987213134766,0.0,0.0,True,0.9709945321083068,0.9719640016555786,0.9604099988937378,adapt,0.9709945321083068,0.025097750373580797,0.01058453321456898,retrain,0.9604099988937378
graphwavenet_transfer,SAU,NEU,0.0158960819244384,0.0242512226104736,0.0581135788537044,0.0639276505113579,0.6876120000000006,0.0140932996340954,0.5840846666666668,2.60703094004489,0.1171933333333333,1.700000000000001,1.1000000000000014,2.485593260056896,157.19668461607165,0.2251135958726356,0.3421046353629576,0.116991039490322,0.116991039490322,7.577741041097264,6.448870032886587,-1.1288710082106768,1.1288710082106768,3.160801830704409,2.1155132948043303,-1.0452885359000788,1.0452885359000788,477.93219373219375,645.8289596602972,167.89676592810343,167.89676592810343,0.3646288409592436,0.3633768003955634,-0.0012520405636801,0.0012520405636801,0.2589121709437478,0.2805553338745088,0.021643162930761,0.021643162930761,0.106673368514571,0.0995128420832286,-0.0071605264313424,0.0071605264313424,6.636155047751923,4.159081780752651,-2.4770732669992723,2.4770732669992723,20.68717948717948,13.465817409766448,-7.221362077413033,7.221362077413033,23.68501424501424,18.62093630573248,-5.064077939281759,5.064077939281759,44.18354985754985,30.73014692144373,-13.45340293610612,13.45340293610612,1.870246544887621,1.6639993521933627,-0.2062471926942584,0.2062471926942584,1.0,0.0,0.0,0.0183300883380942,0.0507756766006197,retrain,2.1495509147644043,0.0,0.0,True,2.327200174331665,2.330089807510376,2.3169517517089844,adapt,2.327200174331665,0.0324455882625255,0.010248422622680664,retrain,2.3169517517089844
graphwavenet_transfer,SAU,NWN,0.0850756168365478,0.1661603450775142,0.0375157484199401,0.0377207030090556,0.8265843333333328,0.0025826834860922,0.8265843333333331,28.727639228175004,0.0540266666666666,4.0,11.199999999999996,3.471128043451192,286.2769648557052,0.2251135958726356,0.2785900849393239,0.0534764890666883,0.0534764890666883,7.577741041097264,7.260695173095203,-0.3170458680020607,0.3170458680020607,3.160801830704409,2.6677455388637004,-0.4930562918407086,0.4930562918407086,477.93219373219375,938.5775956284152,460.6454018962215,460.6454018962215,0.3646288409592436,0.4608008032662643,0.0961719623070207,0.0961719623070207,0.2589121709437478,0.2662126818999085,0.0073005109561606,0.0073005109561606,0.106673368514571,0.1568075500848776,0.0501341815703065,0.0501341815703065,6.636155047751923,5.861973518724925,-0.7741815290269978,0.7741815290269978,20.68717948717948,19.06967213114753,-1.6175073560319504,1.6175073560319504,23.68501424501424,22.29953551912568,-1.3854787258885608,1.3854787258885608,44.18354985754985,37.55597267759563,-6.627577179954216,6.627577179954216,1.870246544887621,1.6943305976016485,-0.1759159472859726,0.1759159472859726,1.0,0.0,0.0,0.0168713534931974,0.0470583708612266,retrain,2.310877084732056,0.0,0.0,True,2.3536126613616943,2.425020933151245,2.2787129878997803,adapt,2.3536126613616943,0.030187017368029197,0.07489967346191406,retrain,2.2787129878997803
graphwavenet_transfer,SAU,WCE,0.0020287036895751,0.0047707557678218,0.043238860610518,0.0454004759251397,0.5577106666666679,0.0094761779890082,0.4775380000000002,1.9777556247560035,0.0974633333333333,1.4000000000000004,0.7000000000000028,2.1098114704192703,153.18087546489804,0.2251135958726356,0.3237542919443535,0.0986406960717179,0.0986406960717179,7.577741041097264,6.723463276341766,-0.8542777647554978,0.8542777647554978,3.160801830704409,2.2419690223348,-0.9188328083696092,0.9188328083696092,477.93219373219375,592.1126040507456,114.18041031855188,114.18041031855188,0.3646288409592436,0.362656014520309,-0.0019728264389345,0.0019728264389345,0.2589121709437478,0.2678747838496824,0.0089626129059345,0.0089626129059345,0.106673368514571,0.0929587726977534,-0.0137145958168175,0.0137145958168175,6.636155047751923,4.294581852097624,-2.3415731956542984,2.3415731956542984,20.68717948717948,13.442510572000884,-7.244668915178597,7.244668915178597,23.68501424501424,19.799445804584906,-3.885568440429335,3.885568440429335,44.18354985754985,33.70830558646783,-10.47524427108202,10.47524427108202,1.870246544887621,1.713310364181826,-0.1569361807057951,0.1569361807057951,1.0,0.0,0.0,0.0190064220921996,0.0525502028823603,retrain,2.015121936798096,0.0,0.0,True,2.260014533996582,2.260749340057373,2.259613513946533,adapt,2.260014533996582,0.033543780790160696,0.0004010200500488281,retrain,2.259613513946533
graphwavenet_transfer,SAU,WNA,0.0362355709075925,0.0636581182479862,0.3053528705494534,0.1981207360911411,0.5119079999999995,0.0024914382673553,0.4900173333333335,9.885639160527996,0.0487066666666666,2.5,4.899999999999999,4.537337495811759,263.3615337797457,0.2251135958726356,0.2731899847020255,0.0480763888293898,0.0480763888293898,7.577741041097264,7.961223747682733,0.3834827065854691,0.3834827065854691,3.160801830704409,2.7543234792434683,-0.4064783514609407,0.4064783514609407,477.93219373219375,934.4202051282052,456.4880113960115,456.4880113960115,0.3646288409592436,0.429573714296412,0.0649448733371684,0.0649448733371684,0.2589121709437478,0.2938980646746185,0.0349858937308706,0.0349858937308706,0.106673368514571,0.1470825091117854,0.0404091405972143,0.0404091405972143,6.636155047751923,6.78196426151767,0.1458092137657471,0.1458092137657471,20.68717948717948,23.09020512820512,2.403025641025639,2.403025641025639,23.68501424501424,23.724938461538457,0.0399242165242164,0.0399242165242164,44.18354985754985,39.250704615384606,-4.932845242165243,4.932845242165243,1.870246544887621,1.6554989468068897,-0.2147475980807314,0.2147475980807314,1.0,0.0,0.0,0.0239562931873438,0.0491526672943224,retrain,1.8405015468597408,0.0,0.0,True,2.0151937007904053,2.0482170581817627,1.9843186140060425,adapt,2.0151937007904053,0.025196374106978597,0.030875086784362793,retrain,1.9843186140060425
graphwavenet_transfer,WCE,CNA,0.0193738937377929,0.1836123466491699,0.1805545493114656,0.1285985773790662,1.0544073333333357,0.0176754678283397,0.1099473333333334,32.48181937138178,0.1456833333333333,1.9000000000000004,13.200000000000005,2.1753711160294373,108.91918606578405,0.3237542919443535,0.1769941429813634,-0.1467601489629901,0.1467601489629901,6.723463276341766,11.7045993843284,4.981136107986634,4.981136107986634,2.2419690223348,3.537563069226391,1.295594046891591,1.295594046891591,592.1126040507456,712.5566210045662,120.44401695382057,120.44401695382057,0.362656014520309,0.4114839791493083,0.0488279646289993,0.0488279646289993,0.2678747838496824,0.1885324106286633,-0.079342373221019,0.079342373221019,0.0929587726977534,0.0706025047024773,-0.0223562679952761,0.0223562679952761,4.294581852097624,7.2567876750221885,2.962205822924564,2.962205822924564,13.442510572000884,22.21187214611871,8.769361574117827,8.769361574117827,19.799445804584906,38.09081050228309,18.291364697698185,18.291364697698185,33.70830558646783,65.53934703196344,31.83104144549561,31.83104144549561,1.713310364181826,1.722797391119089,0.0094870269372631,0.0094870269372631,1.0,0.0,0.0,0.027972392966574,0.0495373864481842,retrain,1.937436819076538,0.0,0.0,True,2.2309882640838623,2.2519025802612305,2.062992811203003,adapt,2.2309882640838623,0.0215649934816102,0.16799545288085938,retrain,2.062992811203003
graphwavenet_transfer,WCE,EAS,0.0589051246643066,0.0834388732910156,0.2547065115486623,0.1849696563061156,3.923719999999999,0.0059647696928566,3.669155999999999,361.4566485232641,0.0604666666666666,23.9,70.6,20.11159506976076,109.60718008895698,0.3237542919443535,0.2619645284658203,-0.0617897634785332,0.0617897634785332,6.723463276341766,22.32134072090326,15.597877444561496,15.597877444561496,2.2419690223348,3.243094697249479,1.0011256749146793,1.0011256749146793,592.1126040507456,3905.359090909091,3313.246486858345,3313.246486858345,0.362656014520309,0.5445014743036944,0.1818454597833854,0.1818454597833854,0.2678747838496824,0.3575663621177918,0.0896915782681094,0.0896915782681094,0.0929587726977534,0.1647095879545876,0.0717508152568341,0.0717508152568341,4.294581852097624,5.973304597322264,1.6787227452246398,1.6787227452246398,13.442510572000884,19.794090909090905,6.35158033709002,6.35158033709002,19.799445804584906,81.67781818181815,61.87837237723325,61.87837237723325,33.70830558646783,152.75432727272724,119.0460216862594,119.0460216862594,1.713310364181826,1.867813398543564,0.1545030343617381,0.1545030343617381,1.0,0.0,0.0,0.0576645054863358,0.2507030239197185,retrain,5.9496283531188965,0.0,0.0,True,6.459256172180176,6.541453361511231,6.446907043457031,adapt,6.459256172180176,0.19303851843338268,0.012349128723144531,retrain,6.446907043457031
graphwavenet_transfer,WCE,EAU,-0.0059733390808109,0.0540604591369628,0.1118607657002493,0.0931734141560568,0.971953333333333,0.0125755065748762,0.1432420000000003,40.630914040302656,0.1164633333333333,2.6,14.1,4.281183983654968,161.2106366479405,0.3237542919443535,0.2062810595178484,-0.1174732324265051,0.1174732324265051,6.723463276341766,11.241205060945532,4.517741784603766,4.517741784603766,2.2419690223348,3.3685489949547898,1.12657997261999,1.12657997261999,592.1126040507456,834.2655601659751,242.15295611522947,242.15295611522947,0.362656014520309,0.4070551376247937,0.0443991231044846,0.0443991231044846,0.2678747838496824,0.2822674911951668,0.0143927073454844,0.0143927073454844,0.0929587726977534,0.1358043125815428,0.0428455398837893,0.0428455398837893,4.294581852097624,7.157240483743252,2.862658631645628,2.862658631645628,13.442510572000884,21.85435684647302,8.411846274472136,8.411846274472136,19.799445804584906,37.27962655601658,17.480180751431675,17.480180751431675,33.70830558646783,65.89961825726138,32.19131267079355,32.19131267079355,1.713310364181826,1.7478079051967732,0.0344975410149472,0.0344975410149472,1.0,0.0,0.0,0.0295060060754511,0.0545347870298894,retrain,3.15310001373291,0.0,0.0,True,2.4395737648010254,2.445974588394165,2.4267327785491943,adapt,2.4395737648010254,0.025028780954438296,0.012840986251831055,retrain,2.4267327785491943
graphwavenet_transfer,WCE,ENA,0.0165023803710933,0.2550890445709228,0.0804179053525321,0.0648971559979256,1.1792243333333348,0.004232493368024,0.8977023333333332,52.59593980873901,0.0586366666666666,6.9,18.0,3.3618316783574302,92.34946629686614,0.3237542919443535,0.2636865078570336,-0.0600677840873198,0.0600677840873198,6.723463276341766,11.86802551155998,5.144562235218213,5.144562235218213,2.2419690223348,2.7719647735757627,0.5299957512409628,0.5299957512409628,592.1126040507456,625.5614942528736,33.44889020212793,33.44889020212793,0.362656014520309,0.3332258746454959,-0.029430139874813,0.029430139874813,0.2678747838496824,0.1688618357303399,-0.0990129481193425,0.0990129481193425,0.0929587726977534,0.0494158020227599,-0.0435429706749935,0.0435429706749935,4.294581852097624,4.632001828479278,0.3374199763816534,0.3374199763816534,13.442510572000884,12.88812260536398,-0.554387966636904,0.554387966636904,19.799445804584906,37.795498084291175,17.99605227970627,17.99605227970627,33.70830558646783,64.34408812260534,30.635782536137512,30.635782536137512,1.713310364181826,1.6986412128113502,-0.0146691513704757,0.0146691513704757,1.0,0.0,0.0,0.0268249482719574,0.0497786416399366,retrain,3.0396201610565186,0.0,0.0,True,3.0601532459259038,3.0754096508026123,2.8372068405151367,adapt,3.0601532459259038,0.022953693367979203,0.22294640541076705,retrain,2.8372068405151367
graphwavenet_transfer,WCE,MED,0.0044031143188476,0.0072435140609741,0.0893883809280714,0.0789246502486998,0.7927943333333463,0.0166090448798907,0.4280750000000002,17.721074886875,0.13664,0.5999999999999996,5.300000000000001,4.580067926506824,10.322635159608035,0.3237542919443535,0.1861451202091436,-0.1376091717352099,0.1376091717352099,6.723463276341766,9.53591246713893,2.812449190797164,2.812449190797164,2.2419690223348,3.542390644885146,1.300421622550346,1.300421622550346,592.1126040507456,735.0091463414634,142.89654229071778,142.89654229071778,0.362656014520309,0.4203848180768059,0.0577288035564969,0.0577288035564969,0.2678747838496824,0.3160164627808042,0.0481416789311218,0.0481416789311218,0.0929587726977534,0.0875235951849466,-0.0054351775128068,0.0054351775128068,4.294581852097624,8.405440814641642,4.110858962544017,4.110858962544017,13.442510572000884,28.08231707317072,14.639806501169836,14.639806501169836,19.799445804584906,30.50050304878048,10.701057244195574,10.701057244195574,33.70830558646783,54.294249999999984,20.585944413532157,20.585944413532157,1.713310364181826,1.7647267297942557,0.0514163656124297,0.0514163656124297,1.0,0.0,0.0,0.0325543840964776,0.0171321229940797,adapt,1.6670584678649902,0.0028403997421264,0.00170674732869,False,1.7506226301193235,1.7556896209716797,1.748983383178711,adapt,1.7506226301193235,-0.015422261102397902,0.001639246940612571,retrain,1.748983383178711
graphwavenet_transfer,WCE,NCA,0.0067309141159057,0.0204253196716308,0.3579202238961932,0.2387278431099952,1.2955813333333333,0.0432128866080683,1.1503380000000003,2.3284080386226726,0.2190866666666666,6.0,0.5,4.401611401113482,120.48428220340084,0.3237542919443535,0.1028719844975235,-0.22088230744683,0.22088230744683,6.723463276341766,10.49152713485848,3.7680638585167134,3.7680638585167134,2.2419690223348,4.969572135421824,2.7276031130870244,2.7276031130870244,592.1126040507456,618.7291666666666,26.616562615921,26.616562615921,0.362656014520309,0.5612455220231938,0.1985895075028848,0.1985895075028848,0.2678747838496824,0.2626767940245775,-0.0051979898251048,0.0051979898251048,0.0929587726977534,0.0995697692237094,0.0066109965259559,0.0066109965259559,4.294581852097624,15.03081858212739,10.736236730029766,10.736236730029766,13.442510572000884,56.083333333333314,42.64082276133243,42.64082276133243,19.799445804584906,34.16208333333332,14.362637528748415,14.362637528748415,33.70830558646783,58.53818749999997,24.82988191353214,24.82988191353214,1.713310364181826,1.7067006980768993,-0.0066096661049266,0.0066096661049266,1.0,0.0,0.0,0.0284744514906624,0.0534367427732798,retrain,1.0432987213134766,0.0,0.0,True,0.9727507829666138,0.9831119179725648,0.9604099988937378,adapt,0.9727507829666138,0.024962291282617396,0.012340784072875977,retrain,0.9604099988937378
graphwavenet_transfer,WCE,NEU,0.012830495834351,0.0238971710205078,0.004688979841334,0.0048169406261648,0.1300246666666656,0.0016143069824017,0.1065466666666665,0.6292753152888864,0.0197299999999999,0.3000000000000007,0.3999999999999986,1.7450830251376692,8.370414778311103,0.3237542919443535,0.3421046353629576,0.018350343418604,0.018350343418604,6.723463276341766,6.448870032886587,-0.274593243455179,0.274593243455179,2.2419690223348,2.1155132948043303,-0.1264557275304696,0.1264557275304696,592.1126040507456,645.8289596602972,53.71635560955156,53.71635560955156,0.362656014520309,0.3633768003955634,0.0007207858752544,0.0007207858752544,0.2678747838496824,0.2805553338745088,0.0126805500248264,0.0126805500248264,0.0929587726977534,0.0995128420832286,0.0065540693854751,0.0065540693854751,4.294581852097624,4.159081780752651,-0.1355000713449738,0.1355000713449738,13.442510572000884,13.465817409766448,0.0233068377655634,0.0233068377655634,19.799445804584906,18.62093630573248,-1.1785094988524245,1.1785094988524245,33.70830558646783,30.73014692144373,-2.9781586650241003,2.9781586650241003,1.713310364181826,1.6639993521933627,-0.0493110119884632,0.0493110119884632,1.0,0.0,0.0,0.0246027436731165,0.0529345739693811,retrain,2.1495509147644043,0.0,0.0,True,2.3280935287475586,2.33958101272583,2.3169517517089844,adapt,2.3280935287475586,0.028331830296264602,0.011141777038574219,retrain,2.3169517517089844
graphwavenet_transfer,WCE,NWN,0.0900752544403076,0.1881356239318843,0.0179648586833318,0.0179947067075612,0.630561000000001,0.0009437131754188,0.3490463333333329,30.705394852931008,0.0434366666666666,2.6,11.9,3.05329518084622,144.0016477034404,0.3237542919443535,0.2785900849393239,-0.0451642070050296,0.0451642070050296,6.723463276341766,7.260695173095203,0.5372318967534371,0.5372318967534371,2.2419690223348,2.6677455388637004,0.4257765165289005,0.4257765165289005,592.1126040507456,938.5775956284152,346.4649915776696,346.4649915776696,0.362656014520309,0.4608008032662643,0.0981447887459553,0.0981447887459553,0.2678747838496824,0.2662126818999085,-0.0016621019497738,0.0016621019497738,0.0929587726977534,0.1568075500848776,0.0638487773871241,0.0638487773871241,4.294581852097624,5.861973518724925,1.567391666627301,1.567391666627301,13.442510572000884,19.06967213114753,5.627161559146646,5.627161559146646,19.799445804584906,22.29953551912568,2.500089714540774,2.500089714540774,33.70830558646783,37.55597267759563,3.847667091127804,3.847667091127804,1.713310364181826,1.6943305976016485,-0.0189797665801774,0.0189797665801774,1.0,0.0,0.0,0.0256739815309595,0.0749804338834572,retrain,2.310877084732056,0.0,0.0,True,2.377388000488281,2.476623773574829,2.2787129878997803,adapt,2.377388000488281,0.0493064523524977,0.09867501258850053,retrain,2.2787129878997803
graphwavenet_transfer,WCE,SAU,0.0011136531829833,0.009109497070312,0.0454004759251397,0.043238860610518,0.5577106666666679,0.0060440145127342,0.4775380000000002,1.9777556247560035,0.0974633333333333,1.4000000000000004,0.7000000000000028,2.1098114704192703,153.18087546489804,0.3237542919443535,0.2251135958726356,-0.0986406960717179,0.0986406960717179,6.723463276341766,7.577741041097264,0.8542777647554978,0.8542777647554978,2.2419690223348,3.160801830704409,0.9188328083696092,0.9188328083696092,592.1126040507456,477.93219373219375,-114.18041031855188,114.18041031855188,0.362656014520309,0.3646288409592436,0.0019728264389345,0.0019728264389345,0.2678747838496824,0.2589121709437478,-0.0089626129059345,0.0089626129059345,0.0929587726977534,0.106673368514571,0.0137145958168175,0.0137145958168175,4.294581852097624,6.636155047751923,2.3415731956542984,2.3415731956542984,13.442510572000884,20.68717948717948,7.244668915178597,7.244668915178597,19.799445804584906,23.68501424501424,3.885568440429335,3.885568440429335,33.70830558646783,44.18354985754985,10.47524427108202,10.47524427108202,1.713310364181826,1.870246544887621,0.1569361807057951,0.1569361807057951,1.0,0.0,0.0,0.0275588847141113,0.0532010589648039,retrain,2.110327243804932,0.0,0.0,True,1.6805086135864258,1.68681001663208,1.6707956790924072,adapt,1.6805086135864258,0.0256421742506926,0.009712934494018555,retrain,1.6707956790924072
graphwavenet_transfer,WCE,WNA,0.0385581254959106,0.0772817134857182,0.2854199338119119,0.1895615450914866,0.4197073333333337,0.002103811274289,0.0124793333333332,11.863394785284,0.0487566666666666,1.0999999999999996,5.600000000000001,4.672393146533508,125.2403999273524,0.3237542919443535,0.2731899847020255,-0.050564307242328,0.050564307242328,6.723463276341766,7.961223747682733,1.237760471340967,1.237760471340967,2.2419690223348,2.7543234792434683,0.5123544569086684,0.5123544569086684,592.1126040507456,934.4202051282052,342.3076010774596,342.3076010774596,0.362656014520309,0.429573714296412,0.066917699776103,0.066917699776103,0.2678747838496824,0.2938980646746185,0.0260232808249361,0.0260232808249361,0.0929587726977534,0.1470825091117854,0.0541237364140319,0.0541237364140319,4.294581852097624,6.78196426151767,2.4873824094200456,2.4873824094200456,13.442510572000884,23.09020512820512,9.647694556204236,9.647694556204236,19.799445804584906,23.724938461538457,3.9254926569535513,3.9254926569535513,33.70830558646783,39.250704615384606,5.542399028916776,5.542399028916776,1.713310364181826,1.6554989468068897,-0.0578114173749362,0.0578114173749362,1.0,0.0,0.0,0.0276971601027703,0.0523255524705973,retrain,1.8405015468597408,0.0,0.0,True,2.032327175140381,2.0818185806274414,1.9843186140060425,adapt,2.032327175140381,0.024628392367827,0.04800856113433838,retrain,1.9843186140060425
graphwavenet_transfer,WNA,CNA,0.0314743518829345,0.1756596565246582,0.1322158104542097,0.0954135315000274,0.6887813333333355,0.0065039410474707,0.1224266666666666,20.61842458609778,0.0969266666666666,0.8000000000000007,7.600000000000001,4.955349578696576,17.049387248412483,0.2731899847020255,0.1769941429813634,-0.096195841720662,0.096195841720662,7.961223747682733,11.7045993843284,3.743375636645667,3.743375636645667,2.7543234792434683,3.537563069226391,0.7832395899829225,0.7832395899829225,934.4202051282052,712.5566210045662,-221.86358412363904,221.86358412363904,0.429573714296412,0.4114839791493083,-0.0180897351471037,0.0180897351471037,0.2938980646746185,0.1885324106286633,-0.1053656540459551,0.1053656540459551,0.1470825091117854,0.0706025047024773,-0.076480004409308,0.076480004409308,6.78196426151767,7.2567876750221885,0.4748234135045184,0.4748234135045184,23.09020512820512,22.21187214611871,-0.878332982086409,0.878332982086409,23.724938461538457,38.09081050228309,14.365872040744634,14.365872040744634,39.250704615384606,65.53934703196344,26.28864241657884,26.28864241657884,1.6554989468068897,1.722797391119089,0.0672984443121993,0.0672984443121993,1.0,0.0,0.0,0.0250802073387672,0.0480094940296141,retrain,1.937436819076538,0.0,0.0,True,2.207969903945923,2.249895572662353,2.062992811203003,adapt,2.207969903945923,0.022929286690846904,0.14497709274291992,retrain,2.062992811203003
graphwavenet_transfer,WNA,EAS,0.008152961730957,0.0053162574768066,0.1750483202778628,0.1952729147520343,3.720244666666666,0.0033498349054854,3.6566766666666655,349.59325373798004,0.0117099999999999,22.8,65.0,23.29106588149178,232.31901396258823,0.2731899847020255,0.2619645284658203,-0.0112254562362051,0.0112254562362051,7.961223747682733,22.32134072090326,14.360116973220528,14.360116973220528,2.7543234792434683,3.243094697249479,0.4887712180060108,0.4887712180060108,934.4202051282052,3905.359090909091,2970.9388857808854,2970.9388857808854,0.429573714296412,0.5445014743036944,0.1149277600072824,0.1149277600072824,0.2938980646746185,0.3575663621177918,0.0636682974431733,0.0636682974431733,0.1470825091117854,0.1647095879545876,0.0176270788428022,0.0176270788428022,6.78196426151767,5.973304597322264,-0.8086596641954058,0.8086596641954058,23.09020512820512,19.794090909090905,-3.296114219114216,3.296114219114216,23.724938461538457,81.67781818181815,57.9528797202797,57.9528797202797,39.250704615384606,152.75432727272724,113.50362265734265,113.50362265734265,1.6554989468068897,1.867813398543564,0.2123144517366744,0.2123144517366744,1.0,0.0,0.0,0.0475962034752927,0.2094274243549812,retrain,5.9496283531188965,0.0028367042541503,0.0004770142324881,False,6.452266216278076,6.543144702911377,6.446907043457031,adapt,6.452266216278076,0.16183122087968851,0.005359172821044922,retrain,6.446907043457031
graphwavenet_transfer,WNA,EAU,0.0033400058746337,0.0364665985107421,0.1637512076572204,0.1708235023358533,0.6012993333333326,0.0040391037585127,0.130762666666667,28.76751925501865,0.0677066666666666,1.5,8.5,2.2985796845226703,274.3909442611336,0.2731899847020255,0.2062810595178484,-0.0669089251841771,0.0669089251841771,7.961223747682733,11.241205060945532,3.279981313262799,3.279981313262799,2.7543234792434683,3.3685489949547898,0.6142255157113214,0.6142255157113214,934.4202051282052,834.2655601659751,-100.15464496223012,100.15464496223012,0.429573714296412,0.4070551376247937,-0.0225185766716183,0.0225185766716183,0.2938980646746185,0.2822674911951668,-0.0116305734794516,0.0116305734794516,0.1470825091117854,0.1358043125815428,-0.0112781965302425,0.0112781965302425,6.78196426151767,7.157240483743252,0.3752762222255823,0.3752762222255823,23.09020512820512,21.85435684647302,-1.2358482817320997,1.2358482817320997,23.724938461538457,37.27962655601658,13.554688094478124,13.554688094478124,39.250704615384606,65.89961825726138,26.64891364187677,26.64891364187677,1.6554989468068897,1.7478079051967732,0.0923089583898835,0.0923089583898835,1.0,0.0,0.0,0.0258856472258521,0.0509570936762959,retrain,3.15310001373291,0.0,0.0,True,2.427323818206787,2.4877636432647705,2.4267327785491943,adapt,2.427323818206787,0.025071446450443804,0.0005910396575927734,retrain,2.4267327785491943
graphwavenet_transfer,WNA,ENA,0.0480329990386962,0.2317464351654052,0.1382535252089499,0.1365913250618108,0.965987666666668,0.0014495350558483,0.8852229999999999,40.732545023455,0.00988,5.800000000000001,12.4,5.0988910823768325,33.44857135742529,0.2731899847020255,0.2636865078570336,-0.0095034768449918,0.0095034768449918,7.961223747682733,11.86802551155998,3.906801763877247,3.906801763877247,2.7543234792434683,2.7719647735757627,0.0176412943322943,0.0176412943322943,934.4202051282052,625.5614942528736,-308.85871087533167,308.85871087533167,0.429573714296412,0.3332258746454959,-0.096347839650916,0.096347839650916,0.2938980646746185,0.1688618357303399,-0.1250362289442786,0.1250362289442786,0.1470825091117854,0.0494158020227599,-0.0976667070890254,0.0976667070890254,6.78196426151767,4.632001828479278,-2.149962433038392,2.149962433038392,23.09020512820512,12.88812260536398,-10.20208252284114,10.20208252284114,23.724938461538457,37.795498084291175,14.070559622752718,14.070559622752718,39.250704615384606,64.34408812260534,25.093383507220736,25.093383507220736,1.6554989468068897,1.6986412128113502,0.0431422660044604,0.0431422660044604,1.0,0.0,0.0,0.0243154128174476,0.0470728496321347,retrain,3.0396201610565186,0.0,0.0,True,3.0092952251434326,3.07401442527771,2.8372068405151367,adapt,3.0092952251434326,0.022757436814687098,0.1720883846282959,retrain,2.8372068405151367
graphwavenet_transfer,WNA,MED,0.0173010826110837,0.0163381099700925,0.1700821440182764,0.1783485102701103,0.519315666666679,0.0061155463604496,0.4405543333333335,5.857680101591001,0.0878833333333333,1.6999999999999993,0.3000000000000007,2.41521312176924,122.1791754254358,0.2731899847020255,0.1861451202091436,-0.0870448644928819,0.0870448644928819,7.961223747682733,9.53591246713893,1.574688719456197,1.574688719456197,2.7543234792434683,3.542390644885146,0.7880671656416776,0.7880671656416776,934.4202051282052,735.0091463414634,-199.41105878674185,199.41105878674185,0.429573714296412,0.4203848180768059,-0.0091888962196061,0.0091888962196061,0.2938980646746185,0.3160164627808042,0.0221183981061857,0.0221183981061857,0.1470825091117854,0.0875235951849466,-0.0595589139268387,0.0595589139268387,6.78196426151767,8.405440814641642,1.6234765531239717,1.6234765531239717,23.09020512820512,28.08231707317072,4.9921119449656,4.9921119449656,23.724938461538457,30.50050304878048,6.775564587242023,6.775564587242023,39.250704615384606,54.294249999999984,15.043545384615378,15.043545384615378,1.6554989468068897,1.7647267297942557,0.109227782987366,0.109227782987366,1.0,0.0,0.0,0.0012453039324646,0.0024343667935111,retrain,1.6642180681228638,0.0009629726409912,0.0005789687003557,False,1.7482727766036987,1.7896920442581177,1.748983383178711,adapt,1.7482727766036987,0.0011890628610465,-0.000710606575012207,adapt,1.7482727766036987
graphwavenet_transfer,WNA,NCA,0.0027729272842407,0.0063763856887817,0.1700005540521379,0.1114378890026565,1.1762033333333328,0.0220584325871986,1.1628173333333336,9.534986746661328,0.17033,7.1,5.100000000000001,5.762711567736889,11.95513233006116,0.2731899847020255,0.1028719844975235,-0.170318000204502,0.170318000204502,7.961223747682733,10.49152713485848,2.5303033871757465,2.5303033871757465,2.7543234792434683,4.969572135421824,2.215248656178356,2.215248656178356,934.4202051282052,618.7291666666666,-315.6910384615386,315.6910384615386,0.429573714296412,0.5612455220231938,0.1316718077267817,0.1316718077267817,0.2938980646746185,0.2626767940245775,-0.0312212706500409,0.0312212706500409,0.1470825091117854,0.0995697692237094,-0.0475127398880759,0.0475127398880759,6.78196426151767,15.03081858212739,8.24885432060972,8.24885432060972,23.09020512820512,56.083333333333314,32.993128205128194,32.993128205128194,23.724938461538457,34.16208333333332,10.437144871794864,10.437144871794864,39.250704615384606,58.53818749999997,19.287482884615365,19.287482884615365,1.6554989468068897,1.7067006980768993,0.0512017512700095,0.0512017512700095,1.0,0.0,0.0,0.0272774373196231,0.0531417490135153,retrain,1.0432987213134766,0.0,0.0,True,0.9628620147705078,0.9698814749717712,0.9604099988937378,adapt,0.9628620147705078,0.0258643116938922,0.0024520158767700195,retrain,0.9604099988937378
graphwavenet_transfer,WNA,NEU,0.0154290199279789,0.0155422687530517,0.226160595311277,0.3612235093684073,0.4950826666666661,0.0031632057640373,0.0940673333333332,12.492670100572887,0.0684866666666666,0.7999999999999989,6.0,4.352830920224582,127.06894947565732,0.2731899847020255,0.3421046353629576,0.0689146506609321,0.0689146506609321,7.961223747682733,6.448870032886587,-1.512353714796146,1.512353714796146,2.7543234792434683,2.1155132948043303,-0.6388101844391381,0.6388101844391381,934.4202051282052,645.8289596602972,-288.59124546790804,288.59124546790804,0.429573714296412,0.3633768003955634,-0.0661969139008485,0.0661969139008485,0.2938980646746185,0.2805553338745088,-0.0133427308001096,0.0133427308001096,0.1470825091117854,0.0995128420832286,-0.0475696670285567,0.0475696670285567,6.78196426151767,4.159081780752651,-2.6228824807650195,2.6228824807650195,23.09020512820512,13.465817409766448,-9.624387718438673,9.624387718438673,23.724938461538457,18.62093630573248,-5.104002155805976,5.104002155805976,39.250704615384606,30.73014692144373,-8.520557693940876,8.520557693940876,1.6554989468068897,1.6639993521933627,0.008500405386473,0.008500405386473,1.0,0.0,0.0,0.0214115362152728,0.0517106165962072,retrain,2.1495509147644043,0.0,0.0,True,2.318936347961426,2.3579089641571045,2.3169517517089844,adapt,2.318936347961426,0.0302990803809344,0.0019845962524414062,retrain,2.3169517517089844
graphwavenet_transfer,WNA,NWN,0.0139782428741455,0.051193237304687,0.1286080795672765,0.1876266341437067,0.4181583333333339,0.0003390018143138,0.3365669999999996,18.842000067647007,0.0053199999999999,1.5,6.299999999999997,4.228118597879599,24.772908795692988,0.2731899847020255,0.2785900849393239,0.0054001002372984,0.0054001002372984,7.961223747682733,7.260695173095203,-0.7005285745875298,0.7005285745875298,2.7543234792434683,2.6677455388637004,-0.0865779403797679,0.0865779403797679,934.4202051282052,938.5775956284152,4.157390500209999,4.157390500209999,0.429573714296412,0.4608008032662643,0.0312270889698523,0.0312270889698523,0.2938980646746185,0.2662126818999085,-0.02768538277471,0.02768538277471,0.1470825091117854,0.1568075500848776,0.0097250409730922,0.0097250409730922,6.78196426151767,5.861973518724925,-0.919990742792745,0.919990742792745,23.09020512820512,19.06967213114753,-4.02053299705759,4.02053299705759,23.724938461538457,22.29953551912568,-1.4254029424127772,1.4254029424127772,39.250704615384606,37.55597267759563,-1.694731937788973,1.694731937788973,1.6554989468068897,1.6943305976016485,0.0388316507947588,0.0388316507947588,1.0,0.0,0.0,0.0184828052678439,0.0009944662571444,adapt,2.3480920791625977,0.0372149944305415,0.0161042725623187,False,2.3089025020599365,2.3075788021087646,2.2787129878997803,adapt,2.3089025020599365,-0.017488339010699502,0.03018951416015625,retrain,2.2787129878997803
graphwavenet_transfer,WNA,SAU,0.0331590175628671,0.03556489944458,0.1981207360911411,0.3053528705494534,0.5119079999999995,0.0018625305511683,0.4900173333333335,9.885639160527996,0.0487066666666666,2.5,4.899999999999999,4.537337495811759,263.3615337797457,0.2731899847020255,0.2251135958726356,-0.0480763888293898,0.0480763888293898,7.961223747682733,7.577741041097264,-0.3834827065854691,0.3834827065854691,2.7543234792434683,3.160801830704409,0.4064783514609407,0.4064783514609407,934.4202051282052,477.93219373219375,-456.4880113960115,456.4880113960115,0.429573714296412,0.3646288409592436,-0.0649448733371684,0.0649448733371684,0.2938980646746185,0.2589121709437478,-0.0349858937308706,0.0349858937308706,0.1470825091117854,0.106673368514571,-0.0404091405972143,0.0404091405972143,6.78196426151767,6.636155047751923,-0.1458092137657471,0.1458092137657471,23.09020512820512,20.68717948717948,-2.403025641025639,2.403025641025639,23.724938461538457,23.68501424501424,-0.0399242165242164,0.0399242165242164,39.250704615384606,44.18354985754985,4.932845242165243,4.932845242165243,1.6554989468068897,1.870246544887621,0.2147475980807314,0.2147475980807314,1.0,0.0,0.0,0.0248879371442511,0.0513691330197635,retrain,2.110327243804932,0.0,0.0,True,1.6741279363632202,1.7328461408615112,1.6707956790924072,adapt,1.6741279363632202,0.0264811958755124,0.0033322572708129883,retrain,1.6707956790924072
graphwavenet_transfer,WNA,WCE,0.0322937965393066,0.0310685634613032,0.1895615450914866,0.2854199338119119,0.4197073333333337,0.0017932946565111,0.0124793333333332,11.863394785284,0.0487566666666666,1.0999999999999996,5.600000000000001,4.672393146533508,125.2403999273524,0.2731899847020255,0.3237542919443535,0.050564307242328,0.050564307242328,7.961223747682733,6.723463276341766,-1.237760471340967,1.237760471340967,2.7543234792434683,2.2419690223348,-0.5123544569086684,0.5123544569086684,934.4202051282052,592.1126040507456,-342.3076010774596,342.3076010774596,0.429573714296412,0.362656014520309,-0.066917699776103,0.066917699776103,0.2938980646746185,0.2678747838496824,-0.0260232808249361,0.0260232808249361,0.1470825091117854,0.0929587726977534,-0.0541237364140319,0.0541237364140319,6.78196426151767,4.294581852097624,-2.4873824094200456,2.4873824094200456,23.09020512820512,13.442510572000884,-9.647694556204236,9.647694556204236,23.724938461538457,19.799445804584906,-3.9254926569535513,3.9254926569535513,39.250704615384606,33.70830558646783,-5.542399028916776,5.542399028916776,1.6554989468068897,1.713310364181826,0.0578114173749362,0.0578114173749362,1.0,0.0,0.0,0.0214650200641746,0.053482597758623,retrain,2.015121936798096,0.0012252330780033,0.0006083892365184,False,2.259079694747925,2.3129007816314697,2.259613513946533,adapt,2.259079694747925,0.03201757769444839,-0.0005338191986083984,adapt,2.259079694747925
patchtst_small,CNA,EAS,0.0728139877319336,0.1418228149414062,0.0971609620504097,0.0895437202433365,3.77910333333333,0.0093099883973224,3.779103333333332,328.97482915188226,0.0852166666666666,22.0,57.4,20.05107734207234,215.4384963339484,0.1769941429813634,0.2619645284658203,0.0849703854844569,0.0849703854844569,11.7045993843284,22.32134072090326,10.616741336574862,10.616741336574862,3.537563069226391,3.243094697249479,-0.2944683719769116,0.2944683719769116,712.5566210045662,3905.359090909091,3192.8024699045245,3192.8024699045245,0.4114839791493083,0.5445014743036944,0.1330174951543861,0.1330174951543861,0.1885324106286633,0.3575663621177918,0.1690339514891285,0.1690339514891285,0.0706025047024773,0.1647095879545876,0.0941070832521103,0.0941070832521103,7.2567876750221885,5.973304597322264,-1.2834830776999242,1.2834830776999242,22.21187214611871,19.794090909090905,-2.417781237027807,2.417781237027807,38.09081050228309,81.67781818181815,43.58700767953506,43.58700767953506,65.53934703196344,152.75432727272724,87.2149802407638,87.2149802407638,1.722797391119089,1.867813398543564,0.145016007424475,0.145016007424475,0.0,1.0,0.0,0.0454213078568938,0.2135763613742685,retrain,6.070199966430664,0.0,0.0,True,6.482006072998047,6.55499267578125,6.36970329284668,adapt,6.482006072998047,0.1681550535173747,0.11230278015136719,retrain,6.36970329284668
patchtst_small,CNA,EAU,0.0060737133026123,0.053858995437622,0.0379621567819372,0.0761158539867689,0.2531913333333306,0.0007974552014509,0.2531893333333337,8.149094668920874,0.0292199999999999,0.6999999999999993,0.8999999999999986,4.911264224874982,257.372756195551,0.1769941429813634,0.2062810595178484,0.0292869165364849,0.0292869165364849,11.7045993843284,11.241205060945532,-0.4633943233828681,0.4633943233828681,3.537563069226391,3.3685489949547898,-0.1690140742716011,0.1690140742716011,712.5566210045662,834.2655601659751,121.70893916140892,121.70893916140892,0.4114839791493083,0.4070551376247937,-0.0044288415245146,0.0044288415245146,0.1885324106286633,0.2822674911951668,0.0937350805665035,0.0937350805665035,0.0706025047024773,0.1358043125815428,0.0652018078790655,0.0652018078790655,7.2567876750221885,7.157240483743252,-0.099547191278936,0.099547191278936,22.21187214611871,21.85435684647302,-0.3575152996456907,0.3575152996456907,38.09081050228309,37.27962655601658,-0.8111839462665102,0.8111839462665102,65.53934703196344,65.89961825726138,0.3602712252979358,0.3602712252979358,1.722797391119089,1.7478079051967732,0.0250105140776841,0.0250105140776841,0.0,1.0,0.0,0.0248145412154517,0.0506935535449375,retrain,3.168861150741577,0.0,0.0,True,2.426712274551392,2.429020404815674,2.403032064437866,adapt,2.426712274551392,0.0258790123294858,0.023680210113525835,retrain,2.403032064437866
patchtst_small,CNA,ENA,-0.0004699230194087,0.0035822391510018,0.0334082620266965,0.0364817955864977,1.0076643333333328,0.0090104074135062,1.0076496666666666,20.114120437357226,0.0870466666666666,5.0,4.799999999999997,3.6336247778337984,16.632134644836842,0.1769941429813634,0.2636865078570336,0.0866923648756702,0.0866923648756702,11.7045993843284,11.86802551155998,0.1634261272315793,0.1634261272315793,3.537563069226391,2.7719647735757627,-0.7655982956506282,0.7655982956506282,712.5566210045662,625.5614942528736,-86.99512675169262,86.99512675169262,0.4114839791493083,0.3332258746454959,-0.0782581045038123,0.0782581045038123,0.1885324106286633,0.1688618357303399,-0.0196705748983234,0.0196705748983234,0.0706025047024773,0.0494158020227599,-0.0211867026797173,0.0211867026797173,7.2567876750221885,4.632001828479278,-2.6247858465429106,2.6247858465429106,22.21187214611871,12.88812260536398,-9.323749540754733,9.323749540754733,38.09081050228309,37.795498084291175,-0.2953124179919157,0.2953124179919157,65.53934703196344,64.34408812260534,-1.1952589093581023,1.1952589093581023,1.722797391119089,1.6986412128113502,-0.0241561783077388,0.0241561783077388,0.0,1.0,0.0,0.0226865371828271,-0.0410897683023948,adapt,3.303769111633301,0.0040521621704106,0.0012280332623894,False,3.0479040145874023,3.047151803970337,3.043553590774536,adapt,3.0479040145874023,-0.0637763054852219,0.004350423812866211,retrain,3.043553590774536
patchtst_small,CNA,MED,0.0078393220901489,0.0157467126846313,0.0309612292765704,0.0760398456920254,0.3779263333333431,0.0003019042878396,0.3181276666666668,14.76074448450678,0.0090433333333333,2.5,7.900000000000002,4.496722296328454,105.49791444936236,0.1769941429813634,0.1861451202091436,0.0091509772277801,0.0091509772277801,11.7045993843284,9.53591246713893,-2.1686869171894703,2.1686869171894703,3.537563069226391,3.542390644885146,0.004827575658755,0.004827575658755,712.5566210045662,735.0091463414634,22.452525336897224,22.452525336897224,0.4114839791493083,0.4203848180768059,0.0089008389274976,0.0089008389274976,0.1885324106286633,0.3160164627808042,0.1274840521521409,0.1274840521521409,0.0706025047024773,0.0875235951849466,0.0169210904824693,0.0169210904824693,7.2567876750221885,8.405440814641642,1.1486531396194533,1.1486531396194533,22.21187214611871,28.08231707317072,5.870444927052009,5.870444927052009,38.09081050228309,30.50050304878048,-7.590307453502611,7.590307453502611,65.53934703196344,54.294249999999984,-11.24509703196346,11.24509703196346,1.722797391119089,1.7647267297942557,0.0419293386751666,0.0419293386751666,0.0,1.0,0.0,-0.0020643053833574,-0.0410686464525097,deploy,1.7315782308578491,0.0157467126846313,0.0091773070478366,False,1.7496546506881714,1.755823254585266,1.7459125518798828,deploy,1.755823254585266,-0.0410686464525097,0.009910702705383079,retrain,1.7459125518798828
patchtst_small,CNA,NCA,-0.0011531114578247,0.0012001991271972,0.0395424399890317,0.0335876249909874,1.041053999999999,0.0048546603767587,1.040390666666667,30.15341133275911,0.0734033333333333,7.9,12.700000000000005,4.460699954893447,12.762112366273143,0.1769941429813634,0.1028719844975235,-0.0741221584838399,0.0741221584838399,11.7045993843284,10.49152713485848,-1.2130722494699206,1.2130722494699206,3.537563069226391,4.969572135421824,1.4320090661954334,1.4320090661954334,712.5566210045662,618.7291666666666,-93.82745433789955,93.82745433789955,0.4114839791493083,0.5612455220231938,0.1497615428738855,0.1497615428738855,0.1885324106286633,0.2626767940245775,0.0741443833959142,0.0741443833959142,0.0706025047024773,0.0995697692237094,0.0289672645212321,0.0289672645212321,7.2567876750221885,15.03081858212739,7.774030907105201,7.774030907105201,22.21187214611871,56.083333333333314,33.87146118721461,33.87146118721461,38.09081050228309,34.16208333333332,-3.92872716894977,3.92872716894977,65.53934703196344,58.53818749999997,-7.001159531963474,7.001159531963474,1.722797391119089,1.7067006980768993,-0.0160966930421897,0.0160966930421897,0.0,1.0,0.0,0.0264931073050062,0.0512839284349635,retrain,1.0825204849243164,0.0,0.0,True,0.9714696407318116,0.9703246355056764,0.969182550907135,adapt,0.9714696407318116,0.024790821129957303,0.0022870898246766247,retrain,0.969182550907135
patchtst_small,CNA,NEU,0.0894968509674072,0.1340174674987793,0.1738147864446911,0.2502726223931507,1.159181333333335,0.0256981012421066,0.2164939999999999,33.11109468667067,0.1654133333333333,1.5999999999999996,13.6,3.040038548015044,111.12624456065464,0.1769941429813634,0.3421046353629576,0.1651104923815942,0.1651104923815942,11.7045993843284,6.448870032886587,-5.255729351441813,5.255729351441813,3.537563069226391,2.1155132948043303,-1.4220497744220606,1.4220497744220606,712.5566210045662,645.8289596602972,-66.727661344269,66.727661344269,0.4114839791493083,0.3633768003955634,-0.0481071787537448,0.0481071787537448,0.1885324106286633,0.2805553338745088,0.0920229232458455,0.0920229232458455,0.0706025047024773,0.0995128420832286,0.0289103373807513,0.0289103373807513,7.2567876750221885,4.159081780752651,-3.097705894269538,3.097705894269538,22.21187214611871,13.465817409766448,-8.746054736352264,8.746054736352264,38.09081050228309,18.62093630573248,-19.46987419655061,19.46987419655061,65.53934703196344,30.73014692144373,-34.80920011051971,34.80920011051971,1.722797391119089,1.6639993521933627,-0.0587980389257263,0.0587980389257263,0.0,1.0,0.0,0.019275735591701,0.0499125433909129,retrain,2.143090009689331,0.0,0.0,True,2.3785088062286377,2.4768011569976807,2.339433431625366,adapt,2.3785088062286377,0.030636807799211904,0.039075374603271484,retrain,2.339433431625366
patchtst_small,CNA,NWN,0.055621862411499,0.192267894744873,0.0747677822866292,0.1094109884519611,0.5199483333333345,0.0097102724947912,0.4589936666666663,1.7764245184507743,0.1022466666666666,0.6999999999999993,1.3000000000000045,3.5708264789205124,40.562142814563344,0.1769941429813634,0.2785900849393239,0.1015959419579605,0.1015959419579605,11.7045993843284,7.260695173095203,-4.443904211233197,4.443904211233197,3.537563069226391,2.6677455388637004,-0.8698175303626905,0.8698175303626905,712.5566210045662,938.5775956284152,226.02097462384904,226.02097462384904,0.4114839791493083,0.4608008032662643,0.049316824116956,0.049316824116956,0.1885324106286633,0.2662126818999085,0.0776802712712451,0.0776802712712451,0.0706025047024773,0.1568075500848776,0.0862050453824003,0.0862050453824003,7.2567876750221885,5.861973518724925,-1.3948141562972634,1.3948141562972634,22.21187214611871,19.06967213114753,-3.1422000149711806,3.1422000149711806,38.09081050228309,22.29953551912568,-15.791274983157413,15.791274983157413,65.53934703196344,37.55597267759563,-27.98337435436781,27.98337435436781,1.722797391119089,1.6943305976016485,-0.0284667935174405,0.0284667935174405,0.0,1.0,0.0,0.0185361563481795,0.0390375821770216,retrain,2.406428337097168,0.0,0.0,True,2.5302188396453857,2.585966825485229,2.37490463256836,adapt,2.5302188396453857,0.0205014258288421,0.15531420707702592,retrain,2.37490463256836
patchtst_small,CNA,SAU,0.02593994140625,0.063164472579956,0.0809107646366135,0.1894942544182992,0.667710000000001,0.0036113750945154,0.3675906666666668,30.50406374662578,0.04822,3.3000000000000007,12.5,2.2465145581162864,246.39227192623088,0.1769941429813634,0.2251135958726356,0.0481194528912722,0.0481194528912722,11.7045993843284,7.577741041097264,-4.126858343231136,4.126858343231136,3.537563069226391,3.160801830704409,-0.3767612385219818,0.3767612385219818,712.5566210045662,477.93219373219375,-234.62442727237243,234.62442727237243,0.4114839791493083,0.3646288409592436,-0.0468551381900647,0.0468551381900647,0.1885324106286633,0.2589121709437478,0.0703797603150845,0.0703797603150845,0.0706025047024773,0.106673368514571,0.0360708638120937,0.0360708638120937,7.2567876750221885,6.636155047751923,-0.6206326272702656,0.6206326272702656,22.21187214611871,20.68717948717948,-1.5246926589392302,1.5246926589392302,38.09081050228309,23.68501424501424,-14.40579625726885,14.40579625726885,65.53934703196344,44.18354985754985,-21.355797174413595,21.355797174413595,1.722797391119089,1.870246544887621,0.147449153768532,0.147449153768532,0.0,1.0,0.0,0.0234209079650205,0.0491245970238454,retrain,2.093613386154175,0.0,0.0,True,1.6969668865203855,1.709210753440857,1.6734929084777832,adapt,1.6969668865203855,0.025703689058824898,0.023473978042602317,retrain,1.6734929084777832
patchtst_small,CNA,WCE,0.053592681884766,0.0627126693725586,0.1285985773790662,0.1805545493114656,1.0544073333333357,0.020364886705334,0.1099473333333334,32.48181937138178,0.1456833333333333,1.9000000000000004,13.200000000000005,2.1753711160294373,108.91918606578405,0.1769941429813634,0.3237542919443535,0.1467601489629901,0.1467601489629901,11.7045993843284,6.723463276341766,-4.981136107986634,4.981136107986634,3.537563069226391,2.2419690223348,-1.295594046891591,1.295594046891591,712.5566210045662,592.1126040507456,-120.44401695382057,120.44401695382057,0.4114839791493083,0.362656014520309,-0.0488279646289993,0.0488279646289993,0.1885324106286633,0.2678747838496824,0.079342373221019,0.079342373221019,0.0706025047024773,0.0929587726977534,0.0223562679952761,0.0223562679952761,7.2567876750221885,4.294581852097624,-2.962205822924564,2.962205822924564,22.21187214611871,13.442510572000884,-8.769361574117827,8.769361574117827,38.09081050228309,19.799445804584906,-18.291364697698185,18.291364697698185,65.53934703196344,33.70830558646783,-31.83104144549561,31.83104144549561,1.722797391119089,1.713310364181826,-0.0094870269372631,0.0094870269372631,0.0,1.0,0.0,0.0202578971576497,0.051971632319912,retrain,2.0280632972717285,0.0,0.0,True,2.260622262954712,2.316047430038452,2.2469515800476074,adapt,2.260622262954712,0.03171373516226231,0.013670682907104492,retrain,2.2469515800476074
patchtst_small,CNA,WNA,0.0078200101852417,0.0791277885437007,0.0954135315000274,0.1322158104542097,0.6887813333333355,0.0084195215880169,0.1224266666666666,20.61842458609778,0.0969266666666666,0.8000000000000007,7.600000000000001,4.955349578696576,17.049387248412483,0.1769941429813634,0.2731899847020255,0.096195841720662,0.096195841720662,11.7045993843284,7.961223747682733,-3.743375636645667,3.743375636645667,3.537563069226391,2.7543234792434683,-0.7832395899829225,0.7832395899829225,712.5566210045662,934.4202051282052,221.86358412363904,221.86358412363904,0.4114839791493083,0.429573714296412,0.0180897351471037,0.0180897351471037,0.1885324106286633,0.2938980646746185,0.1053656540459551,0.1053656540459551,0.0706025047024773,0.1470825091117854,0.076480004409308,0.076480004409308,7.2567876750221885,6.78196426151767,-0.4748234135045184,0.4748234135045184,22.21187214611871,23.09020512820512,0.878332982086409,0.878332982086409,38.09081050228309,23.724938461538457,-14.365872040744634,14.365872040744634,65.53934703196344,39.250704615384606,-26.28864241657884,26.28864241657884,1.722797391119089,1.6554989468068897,-0.0672984443121993,0.0672984443121993,0.0,1.0,0.0,0.0238111403417604,0.0486813242613439,retrain,1.874338269233704,0.0,0.0,True,2.1497912406921387,2.160684585571289,2.0634307861328125,adapt,2.1497912406921387,0.024870183919583504,0.08636045455932617,retrain,2.0634307861328125
patchtst_small,EAS,CNA,0.0472152233123783,0.0542747974395756,0.0895437202433365,0.0971609620504097,3.77910333333333,0.0074628810684929,3.779103333333332,328.97482915188226,0.0852166666666666,22.0,57.4,20.05107734207234,215.4384963339484,0.2619645284658203,0.1769941429813634,-0.0849703854844569,0.0849703854844569,22.32134072090326,11.7045993843284,-10.616741336574862,10.616741336574862,3.243094697249479,3.537563069226391,0.2944683719769116,0.2944683719769116,3905.359090909091,712.5566210045662,-3192.8024699045245,3192.8024699045245,0.5445014743036944,0.4114839791493083,-0.1330174951543861,0.1330174951543861,0.3575663621177918,0.1885324106286633,-0.1690339514891285,0.1690339514891285,0.1647095879545876,0.0706025047024773,-0.0941070832521103,0.0941070832521103,5.973304597322264,7.2567876750221885,1.2834830776999242,1.2834830776999242,19.794090909090905,22.21187214611871,2.417781237027807,2.417781237027807,81.67781818181815,38.09081050228309,-43.58700767953506,43.58700767953506,152.75432727272724,65.53934703196344,-87.2149802407638,87.2149802407638,1.867813398543564,1.722797391119089,-0.145016007424475,0.145016007424475,0.0,1.0,0.0,0.0261436245204968,0.0485268738045894,retrain,2.076446771621704,0.0,0.0,True,2.237628221511841,2.289724588394165,2.229208707809448,adapt,2.237628221511841,0.0223832492840926,0.008419513702393022,retrain,2.229208707809448
patchtst_small,EAS,EAU,0.0049633979797367,-0.0071630477905273,0.1101539039973052,0.1474563237592649,3.525914,0.0044061812644071,3.5259139999999984,320.82573448296137,0.0559966666666666,21.3,56.5,22.201750715171283,64.55131955899269,0.2619645284658203,0.2062810595178484,-0.0556834689479719,0.0556834689479719,22.32134072090326,11.241205060945532,-11.08013565995773,11.08013565995773,3.243094697249479,3.3685489949547898,0.1254542977053105,0.1254542977053105,3905.359090909091,834.2655601659751,-3071.0935307431155,3071.0935307431155,0.5445014743036944,0.4070551376247937,-0.1374463366789007,0.1374463366789007,0.3575663621177918,0.2822674911951668,-0.075298870922625,0.075298870922625,0.1647095879545876,0.1358043125815428,-0.0289052753730447,0.0289052753730447,5.973304597322264,7.157240483743252,1.183935886420988,1.183935886420988,19.794090909090905,21.85435684647302,2.060265937382116,2.060265937382116,81.67781818181815,37.27962655601658,-44.39819162580157,44.39819162580157,152.75432727272724,65.89961825726138,-86.85470901546586,86.85470901546586,1.867813398543564,1.7478079051967732,-0.1200054933467908,0.1200054933467908,0.0,1.0,0.0,0.0272884375646756,0.0511615607486358,retrain,3.168861150741577,0.0121264457702641,0.0038414522928287,False,2.4064977169036865,2.4165964126586914,2.403032064437866,adapt,2.4064977169036865,0.0238731231839602,0.0034656524658203125,retrain,2.403032064437866
patchtst_small,EAS,ENA,0.0575020313262939,0.0607476234436039,0.0725748530462452,0.1183390026441268,2.787583666666664,0.0009278325896906,2.7714536666666656,308.860708714525,0.0018299999999999,17.0,52.6,18.78741017129765,198.87778734810945,0.2619645284658203,0.2636865078570336,0.0017219793912133,0.0017219793912133,22.32134072090326,11.86802551155998,-10.453315209343282,10.453315209343282,3.243094697249479,2.7719647735757627,-0.4711299236737165,0.4711299236737165,3905.359090909091,625.5614942528736,-3279.797596656217,3279.797596656217,0.5445014743036944,0.3332258746454959,-0.2112755996581985,0.2112755996581985,0.3575663621177918,0.1688618357303399,-0.1887045263874519,0.1887045263874519,0.1647095879545876,0.0494158020227599,-0.1152937859318277,0.1152937859318277,5.973304597322264,4.632001828479278,-1.3413027688429864,1.3413027688429864,19.794090909090905,12.88812260536398,-6.905968303726924,6.905968303726924,81.67781818181815,37.795498084291175,-43.88232009752698,43.88232009752698,152.75432727272724,64.34408812260534,-88.4102391501219,88.4102391501219,1.867813398543564,1.6986412128113502,-0.1691721857322139,0.1691721857322139,0.0,1.0,0.0,0.0252977907623903,0.0730907614108087,retrain,3.29971694946289,0.0,0.0,True,3.0463316440582275,3.100640296936035,3.043553590774536,adapt,3.0463316440582275,0.04779297064841839,0.0027780532836914062,retrain,3.043553590774536
patchtst_small,EAS,MED,0.0064034461975102,-0.0068885087966916,0.1268476155388327,0.1798219161932554,4.099964333333338,0.0079402328542217,4.097230999999999,343.73557363638906,0.0761733333333333,24.5,65.3,23.794120782473577,110.56668173530544,0.2619645284658203,0.1861451202091436,-0.0758194082566767,0.0758194082566767,22.32134072090326,9.53591246713893,-12.785428253764332,12.785428253764332,3.243094697249479,3.542390644885146,0.2992959476356667,0.2992959476356667,3905.359090909091,735.0091463414634,-3170.3499445676275,3170.3499445676275,0.5445014743036944,0.4203848180768059,-0.1241166562268885,0.1241166562268885,0.3575663621177918,0.3160164627808042,-0.0415498993369876,0.0415498993369876,0.1647095879545876,0.0875235951849466,-0.077185992769641,0.077185992769641,5.973304597322264,8.405440814641642,2.432136217319377,2.432136217319377,19.794090909090905,28.08231707317072,8.288226164079816,8.288226164079816,81.67781818181815,30.50050304878048,-51.17731513303767,51.17731513303767,152.75432727272724,54.294249999999984,-98.46007727272726,98.46007727272726,1.867813398543564,1.7647267297942557,-0.1030866687493083,0.1030866687493083,0.0,1.0,0.0,0.0361931772809315,-0.0247329512116806,adapt,1.702539563179016,0.0,0.0,True,1.7367125749588013,1.7422120571136477,1.7459125518798828,adapt,1.7367125749588013,-0.0609261284926121,-0.009199976921081543,adapt,1.7367125749588013
patchtst_small,EAS,NCA,0.0193784236907959,0.0258654356002807,0.2082199191936613,0.152086662681703,4.819493999999999,0.0224393103320417,4.819493999999999,359.12824048464137,0.15862,29.9,70.1,23.63704841599716,225.8789053346837,0.2619645284658203,0.1028719844975235,-0.1590925439682968,0.1590925439682968,22.32134072090326,10.49152713485848,-11.829813586044782,11.829813586044782,3.243094697249479,4.969572135421824,1.7264774381723451,1.7264774381723451,3905.359090909091,618.7291666666666,-3286.6299242424243,3286.6299242424243,0.5445014743036944,0.5612455220231938,0.0167440477194993,0.0167440477194993,0.3575663621177918,0.2626767940245775,-0.0948895680932143,0.0948895680932143,0.1647095879545876,0.0995697692237094,-0.0651398187308782,0.0651398187308782,5.973304597322264,15.03081858212739,9.057513984805126,9.057513984805126,19.794090909090905,56.083333333333314,36.28924242424241,36.28924242424241,81.67781818181815,34.16208333333332,-47.51573484848483,47.51573484848483,152.75432727272724,58.53818749999997,-94.21613977272727,94.21613977272727,1.867813398543564,1.7067006980768993,-0.1611127004666648,0.1611127004666648,0.0,1.0,0.0,0.0281174786819825,0.0522690005519461,retrain,1.0825204849243164,0.0,0.0,True,0.9744786024093628,0.9914700984954834,0.969182550907135,adapt,0.9744786024093628,0.024151521869963603,0.005296051502227783,retrain,0.969182550907135
patchtst_small,EAS,NEU,0.0165903568267826,0.021570205688477,0.2192852597585832,0.3255549404609843,3.944982666666665,0.0078927344266297,3.562609333333332,362.0859238385529,0.0801966666666666,23.6,71.0,20.742974666106296,110.8114152256408,0.2619645284658203,0.3421046353629576,0.0801401068971373,0.0801401068971373,22.32134072090326,6.448870032886587,-15.872470688016676,15.872470688016676,3.243094697249479,2.1155132948043303,-1.127581402445149,1.127581402445149,3905.359090909091,645.8289596602972,-3259.5301312487936,3259.5301312487936,0.5445014743036944,0.3633768003955634,-0.181124673908131,0.181124673908131,0.3575663621177918,0.2805553338745088,-0.0770110282432829,0.0770110282432829,0.1647095879545876,0.0995128420832286,-0.065196745871359,0.065196745871359,5.973304597322264,4.159081780752651,-1.8142228165696137,1.8142228165696137,19.794090909090905,13.465817409766448,-6.328273499324457,6.328273499324457,81.67781818181815,18.62093630573248,-63.05688187608567,63.05688187608567,152.75432727272724,30.73014692144373,-122.0241803512835,122.0241803512835,1.867813398543564,1.6639993521933627,-0.2038140463502014,0.2038140463502014,0.0,1.0,0.0,0.0266447632398287,0.0521246091083462,retrain,2.143090009689331,0.0,0.0,True,2.3521275520324707,2.3637149333953857,2.339433431625366,adapt,2.3521275520324707,0.025479845868517502,0.012694120407104492,retrain,2.339433431625366
patchtst_small,EAS,NWN,0.0185303688049316,0.0293142795562744,0.1117198813376448,0.189945794069555,3.3961209999999986,0.0035671417010954,3.320109666666666,330.751253670333,0.0170299999999999,21.3,58.7,20.7525751864546,252.6687070192516,0.2619645284658203,0.2785900849393239,0.0166255564735036,0.0166255564735036,22.32134072090326,7.260695173095203,-15.060645547808058,15.060645547808058,3.243094697249479,2.6677455388637004,-0.5753491583857788,0.5753491583857788,3905.359090909091,938.5775956284152,-2966.781495280676,2966.781495280676,0.5445014743036944,0.4608008032662643,-0.0837006710374301,0.0837006710374301,0.3575663621177918,0.2662126818999085,-0.0913536802178833,0.0913536802178833,0.1647095879545876,0.1568075500848776,-0.0079020378697099,0.0079020378697099,5.973304597322264,5.861973518724925,-0.1113310785973391,0.1113310785973391,19.794090909090905,19.06967213114753,-0.7244187779433737,0.7244187779433737,81.67781818181815,22.29953551912568,-59.37828266269247,59.37828266269247,152.75432727272724,37.55597267759563,-115.1983545951316,115.1983545951316,1.867813398543564,1.6943305976016485,-0.1734828009419156,0.1734828009419156,0.0,1.0,0.0,0.0233326811949521,0.0054702424304485,adapt,2.4172122478485107,0.0107839107513427,0.0044812931202228,False,2.392719984054565,2.4184775352478027,2.37490463256836,adapt,2.392719984054565,-0.0178624387645036,0.017815351486205167,retrain,2.37490463256836
patchtst_small,EAS,SAU,0.0023241043090829,0.0070130825042729,0.1799364265440521,0.3118211228942141,4.152901333333331,0.0060220610749499,4.146693999999999,359.47889289850804,0.0369966666666666,25.3,69.9,21.4357089001579,64.57329658741189,0.2619645284658203,0.2251135958726356,-0.0368509325931847,0.0368509325931847,22.32134072090326,7.577741041097264,-14.743599679805998,14.743599679805998,3.243094697249479,3.160801830704409,-0.0822928665450701,0.0822928665450701,3905.359090909091,477.93219373219375,-3427.426897176897,3427.426897176897,0.5445014743036944,0.3646288409592436,-0.1798726333444508,0.1798726333444508,0.3575663621177918,0.2589121709437478,-0.098654191174044,0.098654191174044,0.1647095879545876,0.106673368514571,-0.0580362194400165,0.0580362194400165,5.973304597322264,6.636155047751923,0.6628504504296586,0.6628504504296586,19.794090909090905,20.68717948717948,0.8930885780885767,0.8930885780885767,81.67781818181815,23.68501424501424,-57.99280393680391,57.99280393680391,152.75432727272724,44.18354985754985,-108.5707774151774,108.5707774151774,1.867813398543564,1.870246544887621,0.002433146344057,0.002433146344057,0.0,1.0,0.0,0.0269819517240425,0.0522026697802013,retrain,2.093613386154175,0.0,0.0,True,1.6798558235168457,1.686031460762024,1.6734929084777832,adapt,1.6798558235168457,0.0252207180561588,0.0063629150390625,retrain,1.6734929084777832
patchtst_small,EAS,WCE,0.0037794113159179,0.0034630298614501,0.1849696563061156,0.2547065115486623,3.923719999999999,0.0066845076779016,3.669155999999999,361.4566485232641,0.0604666666666666,23.9,70.6,20.11159506976076,109.60718008895698,0.2619645284658203,0.3237542919443535,0.0617897634785332,0.0617897634785332,22.32134072090326,6.723463276341766,-15.597877444561496,15.597877444561496,3.243094697249479,2.2419690223348,-1.0011256749146793,1.0011256749146793,3905.359090909091,592.1126040507456,-3313.246486858345,3313.246486858345,0.5445014743036944,0.362656014520309,-0.1818454597833854,0.1818454597833854,0.3575663621177918,0.2678747838496824,-0.0896915782681094,0.0896915782681094,0.1647095879545876,0.0929587726977534,-0.0717508152568341,0.0717508152568341,5.973304597322264,4.294581852097624,-1.6787227452246398,1.6787227452246398,19.794090909090905,13.442510572000884,-6.35158033709002,6.35158033709002,81.67781818181815,19.799445804584906,-61.87837237723325,61.87837237723325,152.75432727272724,33.70830558646783,-119.0460216862594,119.0460216862594,1.867813398543564,1.713310364181826,-0.1545030343617381,0.1545030343617381,0.0,1.0,0.0,0.0271051347257118,0.0539564970438908,retrain,2.0280632972717285,0.0003163814544677,0.0001560261056248,False,2.246536493301392,2.2493932247161865,2.2469515800476074,adapt,2.246536493301392,0.026851362318179,-0.0004150867462153762,adapt,2.246536493301392
patchtst_small,EAS,WNA,0.0094025135040283,0.026114702224731,0.1952729147520343,0.1750483202778628,3.720244666666666,0.0037453412308765,3.6566766666666655,349.59325373798004,0.0117099999999999,22.8,65.0,23.29106588149178,232.31901396258823,0.2619645284658203,0.2731899847020255,0.0112254562362051,0.0112254562362051,22.32134072090326,7.961223747682733,-14.360116973220528,14.360116973220528,3.243094697249479,2.7543234792434683,-0.4887712180060108,0.4887712180060108,3905.359090909091,934.4202051282052,-2970.9388857808854,2970.9388857808854,0.5445014743036944,0.429573714296412,-0.1149277600072824,0.1149277600072824,0.3575663621177918,0.2938980646746185,-0.0636682974431733,0.0636682974431733,0.1647095879545876,0.1470825091117854,-0.0176270788428022,0.0176270788428022,5.973304597322264,6.78196426151767,0.8086596641954058,0.8086596641954058,19.794090909090905,23.09020512820512,3.296114219114216,3.296114219114216,81.67781818181815,23.724938461538457,-57.9528797202797,57.9528797202797,152.75432727272724,39.250704615384606,-113.50362265734265,113.50362265734265,1.867813398543564,1.6554989468068897,-0.2123144517366744,0.2123144517366744,0.0,1.0,0.0,0.0256902460188945,0.0483452569218,retrain,1.874338269233704,0.0,0.0,True,2.074925184249878,2.085273027420044,2.0634307861328125,adapt,2.074925184249878,0.0226550109029055,0.01149439811706543,retrain,2.0634307861328125
patchtst_small,EAU,CNA,0.0134902000427246,0.0175666809082031,0.0761158539867689,0.0379621567819372,0.2531913333333306,0.0008475960134513,0.2531893333333337,8.149094668920874,0.0292199999999999,0.6999999999999993,0.8999999999999986,4.911264224874982,257.372756195551,0.2062810595178484,0.1769941429813634,-0.0292869165364849,0.0292869165364849,11.241205060945532,11.7045993843284,0.4633943233828681,0.4633943233828681,3.3685489949547898,3.537563069226391,0.1690140742716011,0.1690140742716011,834.2655601659751,712.5566210045662,-121.70893916140892,121.70893916140892,0.4070551376247937,0.4114839791493083,0.0044288415245146,0.0044288415245146,0.2822674911951668,0.1885324106286633,-0.0937350805665035,0.0937350805665035,0.1358043125815428,0.0706025047024773,-0.0652018078790655,0.0652018078790655,7.157240483743252,7.2567876750221885,0.099547191278936,0.099547191278936,21.85435684647302,22.21187214611871,0.3575152996456907,0.3575152996456907,37.27962655601658,38.09081050228309,0.8111839462665102,0.8111839462665102,65.89961825726138,65.53934703196344,-0.3602712252979358,0.3602712252979358,1.7478079051967732,1.722797391119089,-0.0250105140776841,0.0250105140776841,0.0,1.0,0.0,0.0236843534556168,0.0461202139773479,retrain,2.076446771621704,0.0,0.0,True,2.2342846393585205,2.2497828006744385,2.229208707809448,adapt,2.2342846393585205,0.022435860521731098,0.00507593154907271,retrain,2.229208707809448
patchtst_small,EAU,EAS,0.0483489036560049,0.0023574829101562,0.1474563237592649,0.1101539039973052,3.525914,0.0046818439713782,3.5259139999999984,320.82573448296137,0.0559966666666666,21.3,56.5,22.201750715171283,64.55131955899269,0.2062810595178484,0.2619645284658203,0.0556834689479719,0.0556834689479719,11.241205060945532,22.32134072090326,11.08013565995773,11.08013565995773,3.3685489949547898,3.243094697249479,-0.1254542977053105,0.1254542977053105,834.2655601659751,3905.359090909091,3071.0935307431155,3071.0935307431155,0.4070551376247937,0.5445014743036944,0.1374463366789007,0.1374463366789007,0.2822674911951668,0.3575663621177918,0.075298870922625,0.075298870922625,0.1358043125815428,0.1647095879545876,0.0289052753730447,0.0289052753730447,7.157240483743252,5.973304597322264,-1.183935886420988,1.183935886420988,21.85435684647302,19.794090909090905,-2.060265937382116,2.060265937382116,37.27962655601658,81.67781818181815,44.39819162580157,44.39819162580157,65.89961825726138,152.75432727272724,86.85470901546586,86.85470901546586,1.7478079051967732,1.867813398543564,0.1200054933467908,0.1200054933467908,0.0,1.0,0.0,0.043392102346881,0.1768101232404208,retrain,6.070199966430664,0.0459914207458487,0.0076344337014681,False,6.361953258514404,6.41090202331543,6.36970329284668,adapt,6.361953258514404,0.13341802089353982,-0.007750034332275391,adapt,6.361953258514404
patchtst_small,EAU,ENA,0.016871690750122,0.0207159519195561,0.0699281253883997,0.0605569771759698,0.7690436666666646,0.0040336855992846,0.7544603333333328,11.965025768436348,0.0578266666666666,4.300000000000001,3.899999999999999,4.629887749757627,241.5222881464511,0.2062810595178484,0.2636865078570336,0.0574054483391852,0.0574054483391852,11.241205060945532,11.86802551155998,0.6268204506144475,0.6268204506144475,3.3685489949547898,2.7719647735757627,-0.5965842213790271,0.5965842213790271,834.2655601659751,625.5614942528736,-208.70406591310157,208.70406591310157,0.4070551376247937,0.3332258746454959,-0.0738292629792977,0.0738292629792977,0.2822674911951668,0.1688618357303399,-0.1134056554648269,0.1134056554648269,0.1358043125815428,0.0494158020227599,-0.0863885105587829,0.0863885105587829,7.157240483743252,4.632001828479278,-2.5252386552639745,2.5252386552639745,21.85435684647302,12.88812260536398,-8.96623424110904,8.96623424110904,37.27962655601658,37.795498084291175,0.5158715282745945,0.5158715282745945,65.89961825726138,64.34408812260534,-1.5555301346560384,1.5555301346560384,1.7478079051967732,1.6986412128113502,-0.049166692385423,0.049166692385423,0.0,1.0,0.0,0.0234615663961418,0.0128797105956896,adapt,3.303561210632324,0.003844261169434,0.0011650275548815,False,3.0471739768981934,3.060542106628418,3.043553590774536,adapt,3.0471739768981934,-0.0105818558004522,0.0036203861236572266,retrain,3.043553590774536
patchtst_small,EAU,MED,0.0015618801116945,-0.0122969150543212,0.0098257045396668,0.0102003626733577,0.5768350000000122,0.0007633484694098,0.5713170000000005,22.90983915342765,0.0201766666666666,3.2,8.8,3.109341123022417,159.00720004724002,0.2062810595178484,0.1861451202091436,-0.0201359393087048,0.0201359393087048,11.241205060945532,9.53591246713893,-1.705292593806602,1.705292593806602,3.3685489949547898,3.542390644885146,0.1738416499303561,0.1738416499303561,834.2655601659751,735.0091463414634,-99.2564138245117,99.2564138245117,0.4070551376247937,0.4203848180768059,0.0133296804520122,0.0133296804520122,0.2822674911951668,0.3160164627808042,0.0337489715856373,0.0337489715856373,0.1358043125815428,0.0875235951849466,-0.0482807173965962,0.0482807173965962,7.157240483743252,8.405440814641642,1.248200330898389,1.248200330898389,21.85435684647302,28.08231707317072,6.2279602266977,6.2279602266977,37.27962655601658,30.50050304878048,-6.7791235072361005,6.7791235072361005,65.89961825726138,54.294249999999984,-11.605368257261397,11.605368257261397,1.7478079051967732,1.7647267297942557,0.0169188245974825,0.0169188245974825,0.0,1.0,0.0,-0.0066842402481701,-0.0573688168322894,deploy,1.7035346031188965,0.0015618801116945,0.0009176880983937,False,1.7374264001846311,1.7343329191207886,1.7459125518798828,deploy,1.7343329191207886,-0.0573688168322894,-0.011579632759094238,deploy,1.7343329191207886
patchtst_small,EAU,NCA,0.0028078556060791,0.003379464149475,0.1504498385505568,0.0806612475883321,1.2936146666666666,0.0111022386835282,1.2935800000000006,38.30250600167999,0.1026233333333333,8.6,13.6,5.863859366780637,266.0758500565293,0.2062810595178484,0.1028719844975235,-0.1034090750203249,0.1034090750203249,11.241205060945532,10.49152713485848,-0.7496779260870525,0.7496779260870525,3.3685489949547898,4.969572135421824,1.6010231404670343,1.6010231404670343,834.2655601659751,618.7291666666666,-215.53639349930847,215.53639349930847,0.4070551376247937,0.5612455220231938,0.1541903843984001,0.1541903843984001,0.2822674911951668,0.2626767940245775,-0.0195906971705893,0.0195906971705893,0.1358043125815428,0.0995697692237094,-0.0362345433578333,0.0362345433578333,7.157240483743252,15.03081858212739,7.8735780983841375,7.8735780983841375,21.85435684647302,56.083333333333314,34.22897648686029,34.22897648686029,37.27962655601658,34.16208333333332,-3.11754322268326,3.11754322268326,65.89961825726138,58.53818749999997,-7.3614307572614095,7.3614307572614095,1.7478079051967732,1.7067006980768993,-0.0411072071198739,0.0411072071198739,0.0,1.0,0.0,0.0264272503875091,0.0506203201307326,retrain,1.0825204849243164,0.0,0.0,True,0.9695975184440612,0.9720715284347534,0.969182550907135,adapt,0.9695975184440612,0.0241930697432235,0.0004149675369261585,retrain,0.969182550907135
patchtst_small,EAU,NEU,0.0389981269836425,0.0502097606658935,0.1277256996279793,0.1531251642158752,1.065779333333332,0.0191541204406182,0.0366953333333337,41.26018935559154,0.1361933333333333,2.299999999999999,14.5,3.849268168393619,164.64679029066758,0.2062810595178484,0.3421046353629576,0.1358235758451092,0.1358235758451092,11.241205060945532,6.448870032886587,-4.792335028058945,4.792335028058945,3.3685489949547898,2.1155132948043303,-1.2530357001504595,1.2530357001504595,834.2655601659751,645.8289596602972,-188.43660050567792,188.43660050567792,0.4070551376247937,0.3633768003955634,-0.0436783372292302,0.0436783372292302,0.2822674911951668,0.2805553338745088,-0.0017121573206579,0.0017121573206579,0.1358043125815428,0.0995128420832286,-0.0362914704983142,0.0362914704983142,7.157240483743252,4.159081780752651,-2.998158702990602,2.998158702990602,21.85435684647302,13.465817409766448,-8.388539436706573,8.388539436706573,37.27962655601658,18.62093630573248,-18.6586902502841,18.6586902502841,65.89961825726138,30.73014692144373,-35.16947133581765,35.16947133581765,1.7478079051967732,1.6639993521933627,-0.0838085530034105,0.0838085530034105,0.0,1.0,0.0,0.0191918838034744,0.0494234335813821,retrain,2.143090009689331,0.0,0.0,True,2.3590028285980225,2.388734102249145,2.339433431625366,adapt,2.3590028285980225,0.030231549777907697,0.01956939697265625,retrain,2.339433431625366
patchtst_small,EAU,NWN,0.064961433410644,0.0802946090698242,0.055708284263429,0.0705039721820224,0.3708349999999986,0.0054758428264638,0.2058043333333326,9.925519187371648,0.0730266666666666,0.0,2.200000000000003,3.661759486066516,296.968235281046,0.2062810595178484,0.2785900849393239,0.0723090254214755,0.0723090254214755,11.241205060945532,7.260695173095203,-3.980509887850329,3.980509887850329,3.3685489949547898,2.6677455388637004,-0.7008034560910894,0.7008034560910894,834.2655601659751,938.5775956284152,104.31203546244012,104.31203546244012,0.4070551376247937,0.4608008032662643,0.0537456656414706,0.0537456656414706,0.2822674911951668,0.2662126818999085,-0.0160548092952583,0.0160548092952583,0.1358043125815428,0.1568075500848776,0.0210032375033348,0.0210032375033348,7.157240483743252,5.861973518724925,-1.2952669650183273,1.2952669650183273,21.85435684647302,19.06967213114753,-2.78468471532549,2.78468471532549,37.27962655601658,22.29953551912568,-14.9800910368909,14.9800910368909,65.89961825726138,37.55597267759563,-28.343645579665747,28.343645579665747,1.7478079051967732,1.6943305976016485,-0.0534773075951247,0.0534773075951247,0.0,1.0,0.0,0.0165504369317764,0.0081927381200916,adapt,2.421761512756348,0.0153331756591801,0.0063717566082504,False,2.3965578079223637,2.47089958190918,2.37490463256836,adapt,2.3965578079223637,-0.008357698811684801,0.021653175354003906,retrain,2.37490463256836
patchtst_small,EAU,SAU,0.0047574043273925,0.0110893249511718,0.0325959685214423,0.0357605646480699,0.720112666666665,0.0012724433038611,0.6207800000000006,38.653158415546656,0.019,4.0,13.4,4.210088849956815,14.532548435721534,0.2062810595178484,0.2251135958726356,0.0188325363547872,0.0188325363547872,11.241205060945532,7.577741041097264,-3.663464019848268,3.663464019848268,3.3685489949547898,3.160801830704409,-0.2077471642503807,0.2077471642503807,834.2655601659751,477.93219373219375,-356.3333664337813,356.3333664337813,0.4070551376247937,0.3646288409592436,-0.04242629666555,0.04242629666555,0.2822674911951668,0.2589121709437478,-0.023355320251419,0.023355320251419,0.1358043125815428,0.106673368514571,-0.0291309440669717,0.0291309440669717,7.157240483743252,6.636155047751923,-0.5210854359913295,0.5210854359913295,21.85435684647302,20.68717948717948,-1.1671773592935395,1.1671773592935395,37.27962655601658,23.68501424501424,-13.59461231100234,13.59461231100234,65.89961825726138,44.18354985754985,-21.71606839971153,21.71606839971153,1.7478079051967732,1.870246544887621,0.1224386396908479,0.1224386396908479,0.0,1.0,0.0,0.0235118294671825,0.0488088566383795,retrain,2.093613386154175,0.0,0.0,True,1.6778053045272827,1.678380846977234,1.6734929084777832,adapt,1.6778053045272827,0.025297027171197,0.004312396049499512,retrain,1.6734929084777832
patchtst_small,EAU,WCE,0.0109431743621826,0.0135598182678222,0.0931734141560568,0.1118607657002493,0.971953333333333,0.0139753253352898,0.1432420000000003,40.630914040302656,0.1164633333333333,2.6,14.1,4.281183983654968,161.2106366479405,0.2062810595178484,0.3237542919443535,0.1174732324265051,0.1174732324265051,11.241205060945532,6.723463276341766,-4.517741784603766,4.517741784603766,3.3685489949547898,2.2419690223348,-1.12657997261999,1.12657997261999,834.2655601659751,592.1126040507456,-242.15295611522947,242.15295611522947,0.4070551376247937,0.362656014520309,-0.0443991231044846,0.0443991231044846,0.2822674911951668,0.2678747838496824,-0.0143927073454844,0.0143927073454844,0.1358043125815428,0.0929587726977534,-0.0428455398837893,0.0428455398837893,7.157240483743252,4.294581852097624,-2.862658631645628,2.862658631645628,21.85435684647302,13.442510572000884,-8.411846274472136,8.411846274472136,37.27962655601658,19.799445804584906,-17.480180751431675,17.480180751431675,65.89961825726138,33.70830558646783,-32.19131267079355,32.19131267079355,1.7478079051967732,1.713310364181826,-0.0344975410149472,0.0344975410149472,0.0,1.0,0.0,0.0201698771072796,0.0517242710826542,retrain,2.0280632972717285,0.0,0.0,True,2.250988721847534,2.2607686519622803,2.2469515800476074,adapt,2.250988721847534,0.0315543939753746,0.004037141799926758,retrain,2.2469515800476074
patchtst_small,EAU,WNA,0.0184352397918701,0.0293055772781367,0.1708235023358533,0.1637512076572204,0.6012993333333326,0.0041625132786726,0.130762666666667,28.76751925501865,0.0677066666666666,1.5,8.5,2.2985796845226703,274.3909442611336,0.2062810595178484,0.2731899847020255,0.0669089251841771,0.0669089251841771,11.241205060945532,7.961223747682733,-3.279981313262799,3.279981313262799,3.3685489949547898,2.7543234792434683,-0.6142255157113214,0.6142255157113214,834.2655601659751,934.4202051282052,100.15464496223012,100.15464496223012,0.4070551376247937,0.429573714296412,0.0225185766716183,0.0225185766716183,0.2822674911951668,0.2938980646746185,0.0116305734794516,0.0116305734794516,0.1358043125815428,0.1470825091117854,0.0112781965302425,0.0112781965302425,7.157240483743252,6.78196426151767,-0.3752762222255823,0.3752762222255823,21.85435684647302,23.09020512820512,1.2358482817320997,1.2358482817320997,37.27962655601658,23.724938461538457,-13.554688094478124,13.554688094478124,65.89961825726138,39.250704615384606,-26.64891364187677,26.64891364187677,1.7478079051967732,1.6554989468068897,-0.0923089583898835,0.0923089583898835,0.0,1.0,0.0,0.0232390155708075,0.0463683484331405,retrain,1.874338269233704,0.0,0.0,True,2.0743348598480225,2.100160837173462,2.0634307861328125,adapt,2.0743348598480225,0.023129332862333,0.010904073715209961,retrain,2.0634307861328125
patchtst_small,ENA,CNA,0.0028450489044189,0.0025279521942138,0.0364817955864977,0.0334082620266965,1.0076643333333328,0.0047825766254154,1.0076496666666666,20.114120437357226,0.0870466666666666,5.0,4.799999999999997,3.6336247778337984,16.632134644836842,0.2636865078570336,0.1769941429813634,-0.0866923648756702,0.0866923648756702,11.86802551155998,11.7045993843284,-0.1634261272315793,0.1634261272315793,2.7719647735757627,3.537563069226391,0.7655982956506282,0.7655982956506282,625.5614942528736,712.5566210045662,86.99512675169262,86.99512675169262,0.3332258746454959,0.4114839791493083,0.0782581045038123,0.0782581045038123,0.1688618357303399,0.1885324106286633,0.0196705748983234,0.0196705748983234,0.0494158020227599,0.0706025047024773,0.0211867026797173,0.0211867026797173,4.632001828479278,7.2567876750221885,2.6247858465429106,2.6247858465429106,12.88812260536398,22.21187214611871,9.323749540754733,9.323749540754733,37.795498084291175,38.09081050228309,0.2953124179919157,0.2953124179919157,64.34408812260534,65.53934703196344,1.1952589093581023,1.1952589093581023,1.6986412128113502,1.722797391119089,0.0241561783077388,0.0241561783077388,0.0,1.0,0.0,0.0270032420203256,0.0479537965611691,retrain,2.076446771621704,0.000317096710205,0.0001527345396758,False,2.2288858890533447,2.231585025787353,2.229208707809448,adapt,2.2288858890533447,0.020950554540843498,-0.00032281875610307154,adapt,2.2288858890533447
patchtst_small,ENA,EAS,0.0738930702209472,0.1172332763671875,0.1183390026441268,0.0725748530462452,2.787583666666664,0.0011903186565178,2.7714536666666656,308.860708714525,0.0018299999999999,17.0,52.6,18.78741017129765,198.87778734810945,0.2636865078570336,0.2619645284658203,-0.0017219793912133,0.0017219793912133,11.86802551155998,22.32134072090326,10.453315209343282,10.453315209343282,2.7719647735757627,3.243094697249479,0.4711299236737165,0.4711299236737165,625.5614942528736,3905.359090909091,3279.797596656217,3279.797596656217,0.3332258746454959,0.5445014743036944,0.2112755996581985,0.2112755996581985,0.1688618357303399,0.3575663621177918,0.1887045263874519,0.1887045263874519,0.0494158020227599,0.1647095879545876,0.1152937859318277,0.1152937859318277,4.632001828479278,5.973304597322264,1.3413027688429864,1.3413027688429864,12.88812260536398,19.794090909090905,6.905968303726924,6.905968303726924,37.795498084291175,81.67781818181815,43.88232009752698,43.88232009752698,64.34408812260534,152.75432727272724,88.4102391501219,88.4102391501219,1.6986412128113502,1.867813398543564,0.1691721857322139,0.1691721857322139,0.0,1.0,0.0,0.053425144816,0.2358695318035134,retrain,6.070199966430664,0.0,0.0,True,6.4489850997924805,6.529131889343262,6.36970329284668,adapt,6.4489850997924805,0.1824443869875134,0.07928180694580078,retrain,6.36970329284668
patchtst_small,ENA,EAU,0.0007503032684326,0.0412826538085937,0.0605569771759698,0.0699281253883997,0.7690436666666646,0.0022464299309512,0.7544603333333328,11.965025768436348,0.0578266666666666,4.300000000000001,3.899999999999999,4.629887749757627,241.5222881464511,0.2636865078570336,0.2062810595178484,-0.0574054483391852,0.0574054483391852,11.86802551155998,11.241205060945532,-0.6268204506144475,0.6268204506144475,2.7719647735757627,3.3685489949547898,0.5965842213790271,0.5965842213790271,625.5614942528736,834.2655601659751,208.70406591310157,208.70406591310157,0.3332258746454959,0.4070551376247937,0.0738292629792977,0.0738292629792977,0.1688618357303399,0.2822674911951668,0.1134056554648269,0.1134056554648269,0.0494158020227599,0.1358043125815428,0.0863885105587829,0.0863885105587829,4.632001828479278,7.157240483743252,2.5252386552639745,2.5252386552639745,12.88812260536398,21.85435684647302,8.96623424110904,8.96623424110904,37.795498084291175,37.27962655601658,-0.5158715282745945,0.5158715282745945,64.34408812260534,65.89961825726138,1.5555301346560384,1.5555301346560384,1.6986412128113502,1.7478079051967732,0.049166692385423,0.049166692385423,0.0,1.0,0.0,0.0291806393932344,0.0543964217866765,retrain,3.168861150741577,0.0,0.0,True,2.42238712310791,2.4223880767822266,2.403032064437866,adapt,2.42238712310791,0.0252157823934421,0.019355058670043945,retrain,2.403032064437866
patchtst_small,ENA,MED,0.0039441585540771,0.0069199800491333,0.0545109011467251,0.0719449175485476,1.3340900000000104,0.0046529999665401,1.3257773333333334,34.874864921864,0.0780033333333333,7.5,12.7,5.654966772088928,88.86699762037007,0.2636865078570336,0.1861451202091436,-0.07754138764789,0.07754138764789,11.86802551155998,9.53591246713893,-2.3321130444210496,2.3321130444210496,2.7719647735757627,3.542390644885146,0.7704258713093832,0.7704258713093832,625.5614942528736,735.0091463414634,109.44765208858983,109.44765208858983,0.3332258746454959,0.4203848180768059,0.0871589434313099,0.0871589434313099,0.1688618357303399,0.3160164627808042,0.1471546270504643,0.1471546270504643,0.0494158020227599,0.0875235951849466,0.0381077931621866,0.0381077931621866,4.632001828479278,8.405440814641642,3.773438986162364,3.773438986162364,12.88812260536398,28.08231707317072,15.19419446780674,15.19419446780674,37.795498084291175,30.50050304878048,-7.294995035510695,7.294995035510695,64.34408812260534,54.294249999999984,-10.049838122605358,10.049838122605358,1.6986412128113502,1.7647267297942557,0.0660855169829055,0.0660855169829055,0.0,1.0,0.0,0.0265593893890915,-0.0039172145726927,adapt,1.718807339668274,0.0029758214950561,0.0017343319921202,False,1.746993064880371,1.748085618019104,1.7459125518798828,adapt,1.746993064880371,-0.030476603961784202,0.0010805130004882812,retrain,1.7459125518798828
patchtst_small,ENA,NCA,0.0013130903244018,0.0015056133270263,0.1583314537454483,0.1250180052400897,2.048167000000002,0.0199651316203557,2.0480403333333337,50.267531770116335,0.16045,12.9,17.5,7.192232105523477,28.3461812586143,0.2636865078570336,0.1028719844975235,-0.1608145233595101,0.1608145233595101,11.86802551155998,10.49152713485848,-1.3764983767015,1.3764983767015,2.7719647735757627,4.969572135421824,2.1976073618460616,2.1976073618460616,625.5614942528736,618.7291666666666,-6.8323275862069295,6.8323275862069295,0.3332258746454959,0.5612455220231938,0.2280196473776978,0.2280196473776978,0.1688618357303399,0.2626767940245775,0.0938149582942376,0.0938149582942376,0.0494158020227599,0.0995697692237094,0.0501539672009495,0.0501539672009495,4.632001828479278,15.03081858212739,10.398816753648113,10.398816753648113,12.88812260536398,56.083333333333314,43.19521072796933,43.19521072796933,37.795498084291175,34.16208333333332,-3.6334147509578543,3.6334147509578543,64.34408812260534,58.53818749999997,-5.805900622605371,5.805900622605371,1.6986412128113502,1.7067006980768993,0.0080594852655491,0.0080594852655491,0.0,1.0,0.0,0.029113907758254,0.053995091577428,retrain,1.0825204849243164,0.0,0.0,True,0.969314694404602,0.970718801021576,0.969182550907135,adapt,0.969314694404602,0.024881183819174004,0.00013214349746704102,retrain,0.969182550907135
patchtst_small,ENA,NEU,0.07304048538208,0.1059992313385009,0.0912638502539332,0.1204666355322599,1.2154583333333342,0.0082548792067294,0.7911556666666666,53.22521512402789,0.0783666666666666,6.6,18.4,3.2538559711562844,94.7228781846377,0.2636865078570336,0.3421046353629576,0.0784181275059239,0.0784181275059239,11.86802551155998,6.448870032886587,-5.419155478673392,5.419155478673392,2.7719647735757627,2.1155132948043303,-0.6564514787714324,0.6564514787714324,625.5614942528736,645.8289596602972,20.26746540742363,20.26746540742363,0.3332258746454959,0.3633768003955634,0.0301509257500675,0.0301509257500675,0.1688618357303399,0.2805553338745088,0.1116934981441689,0.1116934981441689,0.0494158020227599,0.0995128420832286,0.0500970400604686,0.0500970400604686,4.632001828479278,4.159081780752651,-0.4729200477266273,0.4729200477266273,12.88812260536398,13.465817409766448,0.5776948044024675,0.5776948044024675,37.795498084291175,18.62093630573248,-19.174561778558694,19.174561778558694,64.34408812260534,30.73014692144373,-33.61394120116161,33.61394120116161,1.6986412128113502,1.6639993521933627,-0.0346418606179874,0.0346418606179874,0.0,1.0,0.0,0.0265341652906468,0.0529407704597836,retrain,2.143090009689331,0.0,0.0,True,2.3665170669555664,2.4470443725585938,2.339433431625366,adapt,2.3665170669555664,0.026406605169136798,0.027083635330200195,retrain,2.339433431625366
patchtst_small,ENA,NWN,0.0628082752227778,0.168771743774414,0.0284521770745116,0.0415661374998263,0.630425333333334,0.0016722182160568,0.5486560000000003,21.890544955808,0.0151999999999999,4.300000000000001,6.100000000000001,2.8334670781801767,55.533369801321,0.2636865078570336,0.2785900849393239,0.0149035770822902,0.0149035770822902,11.86802551155998,7.260695173095203,-4.607330338464776,4.607330338464776,2.7719647735757627,2.6677455388637004,-0.1042192347120622,0.1042192347120622,625.5614942528736,938.5775956284152,313.01610137554167,313.01610137554167,0.3332258746454959,0.4608008032662643,0.1275749286207684,0.1275749286207684,0.1688618357303399,0.2662126818999085,0.0973508461695686,0.0973508461695686,0.0494158020227599,0.1568075500848776,0.1073917480621177,0.1073917480621177,4.632001828479278,5.861973518724925,1.2299716902456472,1.2299716902456472,12.88812260536398,19.06967213114753,6.18154952578355,6.18154952578355,37.795498084291175,22.29953551912568,-15.495962565165495,15.495962565165495,64.34408812260534,37.55597267759563,-26.78811544500971,26.78811544500971,1.6986412128113502,1.6943305976016485,-0.0043106152097016,0.0043106152097016,0.0,1.0,0.0,0.0264542644823084,0.0879041462733148,retrain,2.406428337097168,0.0,0.0,True,2.500743865966797,2.563196897506714,2.37490463256836,adapt,2.500743865966797,0.061449881791006404,0.12583923339843706,retrain,2.37490463256836
patchtst_small,ENA,SAU,0.0165920257568359,0.0453944206237793,0.0712416571496251,0.1266619395298021,1.3752403333333336,0.0020502629294225,1.3752403333333334,50.61818418398301,0.0388266666666666,8.3,17.299999999999997,4.734081521809201,230.7533668271362,0.2636865078570336,0.2251135958726356,-0.038572911984398,0.038572911984398,11.86802551155998,7.577741041097264,-4.290284470462716,4.290284470462716,2.7719647735757627,3.160801830704409,0.3888370571286463,0.3888370571286463,625.5614942528736,477.93219373219375,-147.6293005206798,147.6293005206798,0.3332258746454959,0.3646288409592436,0.0314029663137476,0.0314029663137476,0.1688618357303399,0.2589121709437478,0.0900503352134079,0.0900503352134079,0.0494158020227599,0.106673368514571,0.0572575664918111,0.0572575664918111,4.632001828479278,6.636155047751923,2.004153219272645,2.004153219272645,12.88812260536398,20.68717948717948,7.799056881815501,7.799056881815501,37.795498084291175,23.68501424501424,-14.110483839276936,14.110483839276936,64.34408812260534,44.18354985754985,-20.160538265055493,20.160538265055493,1.6986412128113502,1.870246544887621,0.1716053320762709,0.1716053320762709,0.0,1.0,0.0,0.0273464399275374,0.0525822611653234,retrain,2.093613386154175,0.0,0.0,True,1.6926194429397583,1.6974334716796875,1.6734929084777832,adapt,1.6926194429397583,0.025235821237785998,0.019126534461975098,retrain,1.6734929084777832
patchtst_small,ENA,WCE,0.0380768775939941,0.0421242713928222,0.0648971559979256,0.0804179053525321,1.1792243333333348,0.0057302233412508,0.8977023333333332,52.59593980873901,0.0586366666666666,6.9,18.0,3.3618316783574302,92.34946629686614,0.2636865078570336,0.3237542919443535,0.0600677840873198,0.0600677840873198,11.86802551155998,6.723463276341766,-5.144562235218213,5.144562235218213,2.7719647735757627,2.2419690223348,-0.5299957512409628,0.5299957512409628,625.5614942528736,592.1126040507456,-33.44889020212793,33.44889020212793,0.3332258746454959,0.362656014520309,0.029430139874813,0.029430139874813,0.1688618357303399,0.2678747838496824,0.0990129481193425,0.0990129481193425,0.0494158020227599,0.0929587726977534,0.0435429706749935,0.0435429706749935,4.632001828479278,4.294581852097624,-0.3374199763816534,0.3374199763816534,12.88812260536398,13.442510572000884,0.554387966636904,0.554387966636904,37.795498084291175,19.799445804584906,-17.99605227970627,17.99605227970627,64.34408812260534,33.70830558646783,-30.635782536137512,30.635782536137512,1.6986412128113502,1.713310364181826,0.0146691513704757,0.0146691513704757,0.0,1.0,0.0,0.0272077294307114,0.0546110012389307,retrain,2.0280632972717285,0.0,0.0,True,2.254610061645508,2.293886184692383,2.2469515800476074,adapt,2.254610061645508,0.0274032718082193,0.007658481597900391,retrain,2.2469515800476074
patchtst_small,ENA,WNA,0.0102710723876955,0.0711113214492795,0.1365913250618108,0.1382535252089499,0.965987666666668,0.0012484780857737,0.8852229999999999,40.732545023455,0.00988,5.800000000000001,12.4,5.0988910823768325,33.44857135742529,0.2636865078570336,0.2731899847020255,0.0095034768449918,0.0095034768449918,11.86802551155998,7.961223747682733,-3.906801763877247,3.906801763877247,2.7719647735757627,2.7543234792434683,-0.0176412943322943,0.0176412943322943,625.5614942528736,934.4202051282052,308.85871087533167,308.85871087533167,0.3332258746454959,0.429573714296412,0.096347839650916,0.096347839650916,0.1688618357303399,0.2938980646746185,0.1250362289442786,0.1250362289442786,0.0494158020227599,0.1470825091117854,0.0976667070890254,0.0976667070890254,4.632001828479278,6.78196426151767,2.149962433038392,2.149962433038392,12.88812260536398,23.09020512820512,10.20208252284114,10.20208252284114,37.795498084291175,23.724938461538457,-14.070559622752718,14.070559622752718,64.34408812260534,39.250704615384606,-25.093383507220736,25.093383507220736,1.6986412128113502,1.6554989468068897,-0.0431422660044604,0.0431422660044604,0.0,1.0,0.0,0.0274461945764307,0.0520405893146719,retrain,1.874338269233704,0.0,0.0,True,2.1366755962371826,2.1507630348205566,2.0634307861328125,adapt,2.1366755962371826,0.0245943947382412,0.07324481010437012,retrain,2.0634307861328125
patchtst_small,MED,CNA,0.0279879570007324,0.0307621955871582,0.0760398456920254,0.0309612292765704,0.3779263333333431,0.000301685860873,0.3181276666666668,14.76074448450678,0.0090433333333333,2.5,7.900000000000002,4.496722296328454,105.49791444936236,0.1861451202091436,0.1769941429813634,-0.0091509772277801,0.0091509772277801,9.53591246713893,11.7045993843284,2.1686869171894703,2.1686869171894703,3.542390644885146,3.537563069226391,-0.004827575658755,0.004827575658755,735.0091463414634,712.5566210045662,-22.452525336897224,22.452525336897224,0.4203848180768059,0.4114839791493083,-0.0089008389274976,0.0089008389274976,0.3160164627808042,0.1885324106286633,-0.1274840521521409,0.1274840521521409,0.0875235951849466,0.0706025047024773,-0.0169210904824693,0.0169210904824693,8.405440814641642,7.2567876750221885,-1.1486531396194533,1.1486531396194533,28.08231707317072,22.21187214611871,-5.870444927052009,5.870444927052009,30.50050304878048,38.09081050228309,7.590307453502611,7.590307453502611,54.294249999999984,65.53934703196344,11.24509703196346,11.24509703196346,1.7647267297942557,1.722797391119089,-0.0419293386751666,0.0419293386751666,0.0,1.0,0.0,0.0219835261612745,0.0447401129526,retrain,2.076446771621704,0.0,0.0,True,2.2320661544799805,2.2608656883239746,2.229208707809448,adapt,2.2320661544799805,0.022756586791325497,0.0028574466705326707,retrain,2.229208707809448
patchtst_small,MED,EAS,0.0526819229125976,0.0504670143127441,0.1798219161932554,0.1268476155388327,4.099964333333338,0.0116281047596187,4.097230999999999,343.73557363638906,0.0761733333333333,24.5,65.3,23.794120782473577,110.56668173530544,0.1861451202091436,0.2619645284658203,0.0758194082566767,0.0758194082566767,9.53591246713893,22.32134072090326,12.785428253764332,12.785428253764332,3.542390644885146,3.243094697249479,-0.2992959476356667,0.2992959476356667,735.0091463414634,3905.359090909091,3170.3499445676275,3170.3499445676275,0.4203848180768059,0.5445014743036944,0.1241166562268885,0.1241166562268885,0.3160164627808042,0.3575663621177918,0.0415498993369876,0.0415498993369876,0.0875235951849466,0.1647095879545876,0.077185992769641,0.077185992769641,8.405440814641642,5.973304597322264,-2.432136217319377,2.432136217319377,28.08231707317072,19.794090909090905,-8.288226164079816,8.288226164079816,30.50050304878048,81.67781818181815,51.17731513303767,51.17731513303767,54.294249999999984,152.75432727272724,98.46007727272726,98.46007727272726,1.7647267297942557,1.867813398543564,0.1030866687493083,0.1030866687493083,0.0,1.0,0.0,0.0432538963965582,0.1939780998831168,retrain,6.070199966430664,0.0022149085998535,0.0003650154999961,False,6.403017520904541,6.461319446563721,6.36970329284668,adapt,6.403017520904541,0.15072420348655857,0.03331422805786133,retrain,6.36970329284668
patchtst_small,MED,EAU,0.0016348361968998,0.0226280689239506,0.0102003626733577,0.0098257045396668,0.5768350000000122,0.0013062406730577,0.5713170000000005,22.90983915342765,0.0201766666666666,3.2,8.8,3.109341123022417,159.00720004724002,0.1861451202091436,0.2062810595178484,0.0201359393087048,0.0201359393087048,9.53591246713893,11.241205060945532,1.705292593806602,1.705292593806602,3.542390644885146,3.3685489949547898,-0.1738416499303561,0.1738416499303561,735.0091463414634,834.2655601659751,99.2564138245117,99.2564138245117,0.4203848180768059,0.4070551376247937,-0.0133296804520122,0.0133296804520122,0.3160164627808042,0.2822674911951668,-0.0337489715856373,0.0337489715856373,0.0875235951849466,0.1358043125815428,0.0482807173965962,0.0482807173965962,8.405440814641642,7.157240483743252,-1.248200330898389,1.248200330898389,28.08231707317072,21.85435684647302,-6.2279602266977,6.2279602266977,30.50050304878048,37.27962655601658,6.7791235072361005,6.7791235072361005,54.294249999999984,65.89961825726138,11.605368257261397,11.605368257261397,1.7647267297942557,1.7478079051967732,-0.0169188245974825,0.0169188245974825,0.0,1.0,0.0,0.0234955521381033,0.0492385261307164,retrain,3.168861150741577,0.0,0.0,True,2.41628360748291,2.420273303985596,2.403032064437866,adapt,2.41628360748291,0.0257429739926131,0.013251543045043945,retrain,2.403032064437866
patchtst_small,MED,ENA,0.0212137699127192,0.0228948593139652,0.0719449175485476,0.0545109011467251,1.3340900000000104,0.0108063064365864,1.3257773333333334,34.874864921864,0.0780033333333333,7.5,12.7,5.654966772088928,88.86699762037007,0.1861451202091436,0.2636865078570336,0.07754138764789,0.07754138764789,9.53591246713893,11.86802551155998,2.3321130444210496,2.3321130444210496,3.542390644885146,2.7719647735757627,-0.7704258713093832,0.7704258713093832,735.0091463414634,625.5614942528736,-109.44765208858983,109.44765208858983,0.4203848180768059,0.3332258746454959,-0.0871589434313099,0.0871589434313099,0.3160164627808042,0.1688618357303399,-0.1471546270504643,0.1471546270504643,0.0875235951849466,0.0494158020227599,-0.0381077931621866,0.0381077931621866,8.405440814641642,4.632001828479278,-3.773438986162364,3.773438986162364,28.08231707317072,12.88812260536398,-15.19419446780674,15.19419446780674,30.50050304878048,37.795498084291175,7.294995035510695,7.294995035510695,54.294249999999984,64.34408812260534,10.049838122605358,10.049838122605358,1.7647267297942557,1.6986412128113502,-0.0660855169829055,0.0660855169829055,0.0,1.0,0.0,0.0221797235941981,-0.0093942769538556,adapt,3.301398038864136,0.001681089401246,0.0005094647289427,False,3.0445735454559326,3.062744617462158,3.043553590774536,adapt,3.0445735454559326,-0.0315740005480537,0.0010199546813964844,retrain,3.043553590774536
patchtst_small,MED,NCA,0.0124588012695312,0.0156965255737304,0.1428431196229395,0.0707861941512436,0.722263000000013,0.0046026484936585,0.7222630000000001,15.392666848252327,0.0824466666666666,5.4,4.800000000000001,4.310087516801724,116.55921234492422,0.1861451202091436,0.1028719844975235,-0.0832731357116201,0.0832731357116201,9.53591246713893,10.49152713485848,0.9556146677195496,0.9556146677195496,3.542390644885146,4.969572135421824,1.4271814905366784,1.4271814905366784,735.0091463414634,618.7291666666666,-116.27997967479678,116.27997967479678,0.4203848180768059,0.5612455220231938,0.1408607039463879,0.1408607039463879,0.3160164627808042,0.2626767940245775,-0.0533396687562267,0.0533396687562267,0.0875235951849466,0.0995697692237094,0.0120461740387628,0.0120461740387628,8.405440814641642,15.03081858212739,6.625377767485748,6.625377767485748,28.08231707317072,56.083333333333314,28.001016260162597,28.001016260162597,30.50050304878048,34.16208333333332,3.6615802845528407,3.6615802845528407,54.294249999999984,58.53818749999997,4.243937499999987,4.243937499999987,1.7647267297942557,1.7067006980768993,-0.0580260317173564,0.0580260317173564,0.0,1.0,0.0,0.0253851690810729,0.0499677943665567,retrain,1.0825204849243164,0.0,0.0,True,0.9733428955078124,0.9860777258872986,0.969182550907135,adapt,0.9733428955078124,0.024582625285483797,0.004160344600677379,retrain,0.969182550907135
patchtst_small,MED,NEU,0.0344750881195072,0.0537383556365971,0.1122231362803315,0.1263997953195209,0.9145256666666788,0.030821489904687,0.5346216666666668,18.350350202163888,0.1563699999999999,0.9000000000000004,5.699999999999999,3.97316682889048,18.63900222761006,0.1861451202091436,0.3421046353629576,0.155959515153814,0.155959515153814,9.53591246713893,6.448870032886587,-3.087042434252343,3.087042434252343,3.542390644885146,2.1155132948043303,-1.4268773500808156,1.4268773500808156,735.0091463414634,645.8289596602972,-89.18018668116622,89.18018668116622,0.4203848180768059,0.3633768003955634,-0.0570080176812424,0.0570080176812424,0.3160164627808042,0.2805553338745088,-0.0354611289062953,0.0354611289062953,0.0875235951849466,0.0995128420832286,0.011989246898282,0.011989246898282,8.405440814641642,4.159081780752651,-4.246359033888991,4.246359033888991,28.08231707317072,13.465817409766448,-14.616499663404271,14.616499663404271,30.50050304878048,18.62093630573248,-11.879566743048,11.879566743048,54.294249999999984,30.73014692144373,-23.56410307855625,23.56410307855625,1.7647267297942557,1.6639993521933627,-0.100727377600893,0.100727377600893,0.0,1.0,0.0,0.0158675411292191,0.0486150642000804,retrain,2.143090009689331,0.0,0.0,True,2.353426933288574,2.390352964401245,2.339433431625366,adapt,2.353426933288574,0.032747523070861304,0.013993501663208008,retrain,2.339433431625366
patchtst_small,MED,NWN,0.0495829582214359,0.1181907653808598,0.0471878274969365,0.0542577436402828,0.7895700000000113,0.011992685971486,0.7771213333333331,12.984319966056006,0.0932033333333333,3.2,6.599999999999998,3.7990692614582713,142.1048479597585,0.1861451202091436,0.2785900849393239,0.0924449647301803,0.0924449647301803,9.53591246713893,7.260695173095203,-2.2752172940437267,2.2752172940437267,3.542390644885146,2.6677455388637004,-0.8746451060214455,0.8746451060214455,735.0091463414634,938.5775956284152,203.56844928695185,203.56844928695185,0.4203848180768059,0.4608008032662643,0.0404159851894584,0.0404159851894584,0.3160164627808042,0.2662126818999085,-0.0498037808808957,0.0498037808808957,0.0875235951849466,0.1568075500848776,0.069283954899931,0.069283954899931,8.405440814641642,5.861973518724925,-2.5434672959167166,2.5434672959167166,28.08231707317072,19.06967213114753,-9.01264494202319,9.01264494202319,30.50050304878048,22.29953551912568,-8.2009675296548,8.2009675296548,54.294249999999984,37.55597267759563,-16.73827732240435,16.73827732240435,1.7647267297942557,1.6943305976016485,-0.0703961321926072,0.0703961321926072,0.0,1.0,0.0,0.0148618410426829,0.0183654887359209,retrain,2.406428337097168,0.0,0.0,True,2.460275173187256,2.510526657104492,2.37490463256836,adapt,2.460275173187256,0.0035036476932380003,0.08537054061889604,retrain,2.37490463256836
patchtst_small,MED,SAU,0.0022766590118412,0.0190894603729252,0.021546424576935,0.0238833990409489,0.3160063333333449,0.003927471637781,0.049463,15.743319262118998,0.0391766666666666,0.8000000000000007,4.599999999999998,3.5633458426877147,150.2175969564558,0.1861451202091436,0.2251135958726356,0.038968475663492,0.038968475663492,9.53591246713893,7.577741041097264,-1.958171426041666,1.958171426041666,3.542390644885146,3.160801830704409,-0.3815888141807368,0.3815888141807368,735.0091463414634,477.93219373219375,-257.07695260926965,257.07695260926965,0.4203848180768059,0.3646288409592436,-0.0557559771175623,0.0557559771175623,0.3160164627808042,0.2589121709437478,-0.0571042918370564,0.0571042918370564,0.0875235951849466,0.106673368514571,0.0191497733296244,0.0191497733296244,8.405440814641642,6.636155047751923,-1.7692857668897188,1.7692857668897188,28.08231707317072,20.68717948717948,-7.39513758599124,7.39513758599124,30.50050304878048,23.68501424501424,-6.81548880376624,6.81548880376624,54.294249999999984,44.18354985754985,-10.110700142450137,10.110700142450137,1.7647267297942557,1.870246544887621,0.1055198150933653,0.1055198150933653,0.0,1.0,0.0,0.0222287278596509,0.0484406175713979,retrain,2.093613386154175,0.0,0.0,True,1.68643057346344,1.6896376609802246,1.6734929084777832,adapt,1.68643057346344,0.026211889711747,0.012937664985656738,retrain,1.6734929084777832
patchtst_small,MED,WCE,0.0113470554351806,0.0089492797851562,0.0789246502486998,0.0893883809280714,0.7927943333333463,0.0240506119915384,0.4280750000000002,17.721074886875,0.13664,0.5999999999999996,5.300000000000001,4.580067926506824,10.322635159608035,0.1861451202091436,0.3237542919443535,0.1376091717352099,0.1376091717352099,9.53591246713893,6.723463276341766,-2.812449190797164,2.812449190797164,3.542390644885146,2.2419690223348,-1.300421622550346,1.300421622550346,735.0091463414634,592.1126040507456,-142.89654229071778,142.89654229071778,0.4203848180768059,0.362656014520309,-0.0577288035564969,0.0577288035564969,0.3160164627808042,0.2678747838496824,-0.0481416789311218,0.0481416789311218,0.0875235951849466,0.0929587726977534,0.0054351775128068,0.0054351775128068,8.405440814641642,4.294581852097624,-4.110858962544017,4.110858962544017,28.08231707317072,13.442510572000884,-14.639806501169836,14.639806501169836,30.50050304878048,19.799445804584906,-10.701057244195574,10.701057244195574,54.294249999999984,33.70830558646783,-20.585944413532157,20.585944413532157,1.7647267297942557,1.713310364181826,-0.0514163656124297,0.0514163656124297,0.0,1.0,0.0,0.0167306912391433,0.0507705578921384,retrain,2.0280632972717285,0.0023977756500244,0.0011836977153586,False,2.24810004234314,2.2585999965667725,2.2469515800476074,adapt,2.24810004234314,0.0340398666529951,0.0011484622955326707,retrain,2.2469515800476074
patchtst_small,MED,WNA,0.0077109336853025,0.0538984537124629,0.1783485102701103,0.1700821440182764,0.519315666666679,0.010544488976353,0.4405543333333335,5.857680101591001,0.0878833333333333,1.6999999999999993,0.3000000000000007,2.41521312176924,122.1791754254358,0.1861451202091436,0.2731899847020255,0.0870448644928819,0.0870448644928819,9.53591246713893,7.961223747682733,-1.574688719456197,1.574688719456197,3.542390644885146,2.7543234792434683,-0.7880671656416776,0.7880671656416776,735.0091463414634,934.4202051282052,199.41105878674185,199.41105878674185,0.4203848180768059,0.429573714296412,0.0091888962196061,0.0091888962196061,0.3160164627808042,0.2938980646746185,-0.0221183981061857,0.0221183981061857,0.0875235951849466,0.1470825091117854,0.0595589139268387,0.0595589139268387,8.405440814641642,6.78196426151767,-1.6234765531239717,1.6234765531239717,28.08231707317072,23.09020512820512,-4.9921119449656,4.9921119449656,30.50050304878048,23.724938461538457,-6.775564587242023,6.775564587242023,54.294249999999984,39.250704615384606,-15.043545384615378,15.043545384615378,1.7647267297942557,1.6554989468068897,-0.109227782987366,0.109227782987366,0.0,1.0,0.0,0.022429087414126,0.0468444408769912,retrain,1.874338269233704,0.0,0.0,True,2.118782997131348,2.127173662185669,2.0634307861328125,adapt,2.118782997131348,0.024415353462865202,0.0553522109985356,retrain,2.0634307861328125
patchtst_small,NCA,CNA,-5.984306335493628e-05,-0.0011594295501708,0.0335876249909874,0.0395424399890317,1.041053999999999,0.0047102842550759,1.040390666666667,30.15341133275911,0.0734033333333333,7.9,12.700000000000005,4.460699954893447,12.762112366273143,0.1028719844975235,0.1769941429813634,0.0741221584838399,0.0741221584838399,10.49152713485848,11.7045993843284,1.2130722494699206,1.2130722494699206,4.969572135421824,3.537563069226391,-1.4320090661954334,1.4320090661954334,618.7291666666666,712.5566210045662,93.82745433789955,93.82745433789955,0.5612455220231938,0.4114839791493083,-0.1497615428738855,0.1497615428738855,0.2626767940245775,0.1885324106286633,-0.0741443833959142,0.0741443833959142,0.0995697692237094,0.0706025047024773,-0.0289672645212321,0.0289672645212321,15.03081858212739,7.2567876750221885,-7.774030907105201,7.774030907105201,56.083333333333314,22.21187214611871,-33.87146118721461,33.87146118721461,34.16208333333332,38.09081050228309,3.92872716894977,3.92872716894977,58.53818749999997,65.53934703196344,7.001159531963474,7.001159531963474,1.7067006980768993,1.722797391119089,0.0160966930421897,0.0160966930421897,0.0,1.0,0.0,0.0160232383306751,0.040657493914073,retrain,2.076446771621704,0.0011594295501708,0.0005586838635143,False,2.228024482727051,2.227922201156616,2.229208707809448,adapt,2.228024482727051,0.0246342555833979,-0.0011842250823970168,deploy,2.227922201156616
patchtst_small,NCA,EAS,0.0629839897155761,0.14408540725708,0.152086662681703,0.2082199191936613,4.819493999999999,0.0253226226117426,4.819493999999999,359.12824048464137,0.15862,29.9,70.1,23.63704841599716,225.8789053346837,0.1028719844975235,0.2619645284658203,0.1590925439682968,0.1590925439682968,10.49152713485848,22.32134072090326,11.829813586044782,11.829813586044782,4.969572135421824,3.243094697249479,-1.7264774381723451,1.7264774381723451,618.7291666666666,3905.359090909091,3286.6299242424243,3286.6299242424243,0.5612455220231938,0.5445014743036944,-0.0167440477194993,0.0167440477194993,0.2626767940245775,0.3575663621177918,0.0948895680932143,0.0948895680932143,0.0995697692237094,0.1647095879545876,0.0651398187308782,0.0651398187308782,15.03081858212739,5.973304597322264,-9.057513984805126,9.057513984805126,56.083333333333314,19.794090909090905,-36.28924242424241,36.28924242424241,34.16208333333332,81.67781818181815,47.51573484848483,47.51573484848483,58.53818749999997,152.75432727272724,94.21613977272727,94.21613977272727,1.7067006980768993,1.867813398543564,0.1611127004666648,0.1611127004666648,0.0,1.0,0.0,0.0289119576115701,0.1727495737131706,retrain,6.070199966430664,0.0,0.0,True,6.490667343139648,6.5567708015441895,6.36970329284668,adapt,6.490667343139648,0.1438376161016005,0.12096405029296875,retrain,6.36970329284668
patchtst_small,NCA,EAU,0.0033779144287109,0.0549802780151367,0.0806612475883321,0.1504498385505568,1.2936146666666666,0.0082233440965111,1.2935800000000006,38.30250600167999,0.1026233333333333,8.6,13.6,5.863859366780637,266.0758500565293,0.1028719844975235,0.2062810595178484,0.1034090750203249,0.1034090750203249,10.49152713485848,11.241205060945532,0.7496779260870525,0.7496779260870525,4.969572135421824,3.3685489949547898,-1.6010231404670343,1.6010231404670343,618.7291666666666,834.2655601659751,215.53639349930847,215.53639349930847,0.5612455220231938,0.4070551376247937,-0.1541903843984001,0.1541903843984001,0.2626767940245775,0.2822674911951668,0.0195906971705893,0.0195906971705893,0.0995697692237094,0.1358043125815428,0.0362345433578333,0.0362345433578333,15.03081858212739,7.157240483743252,-7.8735780983841375,7.8735780983841375,56.083333333333314,21.85435684647302,-34.22897648686029,34.22897648686029,34.16208333333332,37.27962655601658,3.11754322268326,3.11754322268326,58.53818749999997,65.89961825726138,7.3614307572614095,7.3614307572614095,1.7067006980768993,1.7478079051967732,0.0411072071198739,0.0411072071198739,0.0,1.0,0.0,0.0169948948177081,0.043466669591209,retrain,3.168861150741577,0.0,0.0,True,2.428612232208252,2.429484605789185,2.403032064437866,adapt,2.428612232208252,0.0264717747735009,0.025580167770385742,retrain,2.403032064437866
patchtst_small,NCA,ENA,0.0021836757659912,0.0034866333007816,0.1250180052400897,0.1583314537454483,2.048167000000002,0.0248715000571779,2.0480403333333337,50.267531770116335,0.16045,12.9,17.5,7.192232105523477,28.3461812586143,0.1028719844975235,0.2636865078570336,0.1608145233595101,0.1608145233595101,10.49152713485848,11.86802551155998,1.3764983767015,1.3764983767015,4.969572135421824,2.7719647735757627,-2.1976073618460616,2.1976073618460616,618.7291666666666,625.5614942528736,6.8323275862069295,6.8323275862069295,0.5612455220231938,0.3332258746454959,-0.2280196473776978,0.2280196473776978,0.2626767940245775,0.1688618357303399,-0.0938149582942376,0.0938149582942376,0.0995697692237094,0.0494158020227599,-0.0501539672009495,0.0501539672009495,15.03081858212739,4.632001828479278,-10.398816753648113,10.398816753648113,56.083333333333314,12.88812260536398,-43.19521072796933,43.19521072796933,34.16208333333332,37.795498084291175,3.6334147509578543,3.6334147509578543,58.53818749999997,64.34408812260534,5.805900622605371,5.805900622605371,1.7067006980768993,1.6986412128113502,-0.0080594852655491,0.0080594852655491,0.0,1.0,0.0,0.0168734020607312,-0.0181228868861509,adapt,3.3010199069976807,0.0013029575347904,0.0003948694857001,False,3.0448803901672363,3.047297954559326,3.043553590774536,adapt,3.0448803901672363,-0.0349962889468821,0.0013267993927001953,retrain,3.043553590774536
patchtst_small,NCA,MED,0.0081851482391357,0.016918659210205,0.0707861941512436,0.1428431196229395,0.722263000000013,0.0049901067396023,0.7222630000000001,15.392666848252327,0.0824466666666666,5.4,4.800000000000001,4.310087516801724,116.55921234492422,0.1028719844975235,0.1861451202091436,0.0832731357116201,0.0832731357116201,10.49152713485848,9.53591246713893,-0.9556146677195496,0.9556146677195496,4.969572135421824,3.542390644885146,-1.4271814905366784,1.4271814905366784,618.7291666666666,735.0091463414634,116.27997967479678,116.27997967479678,0.5612455220231938,0.4203848180768059,-0.1408607039463879,0.1408607039463879,0.2626767940245775,0.3160164627808042,0.0533396687562267,0.0533396687562267,0.0995697692237094,0.0875235951849466,-0.0120461740387628,0.0120461740387628,15.03081858212739,8.405440814641642,-6.625377767485748,6.625377767485748,56.083333333333314,28.08231707317072,-28.001016260162597,28.001016260162597,34.16208333333332,30.50050304878048,-3.6615802845528407,3.6615802845528407,58.53818749999997,54.294249999999984,-4.243937499999987,4.243937499999987,1.7067006980768993,1.7647267297942557,0.0580260317173564,0.0580260317173564,0.0,1.0,0.0,-0.0438020132919622,-0.076714609141298,deploy,1.7327501773834229,0.016918659210205,0.0098603266293987,False,1.7502520084381104,1.7567358016967771,1.7459125518798828,deploy,1.7567358016967771,-0.076714609141298,0.01082324981689431,retrain,1.7459125518798828
patchtst_small,NCA,NEU,0.0844635963439941,0.1377863883972168,0.2992586729119221,0.4576474431068056,1.424669333333333,0.0473652420852603,1.2568846666666669,2.957683353911559,0.2388166666666666,6.300000000000001,0.8999999999999986,4.660385343481388,123.03747422185748,0.1028719844975235,0.3421046353629576,0.2392326508654341,0.2392326508654341,10.49152713485848,6.448870032886587,-4.042657101971892,4.042657101971892,4.969572135421824,2.1155132948043303,-2.854058840617494,2.854058840617494,618.7291666666666,645.8289596602972,27.09979299363056,27.09979299363056,0.5612455220231938,0.3633768003955634,-0.1978687216276303,0.1978687216276303,0.2626767940245775,0.2805553338745088,0.0178785398499313,0.0178785398499313,0.0995697692237094,0.0995128420832286,-5.692714048080583e-05,5.692714048080583e-05,15.03081858212739,4.159081780752651,-10.87173680137474,10.87173680137474,56.083333333333314,13.465817409766448,-42.61751592356687,42.61751592356687,34.16208333333332,18.62093630573248,-15.54114702760084,15.54114702760084,58.53818749999997,30.73014692144373,-27.80804057855624,27.80804057855624,1.7067006980768993,1.6639993521933627,-0.0427013458835365,0.0427013458835365,0.0,1.0,0.0,0.0026556307992272,0.0431221970801382,retrain,2.143090009689331,0.0,0.0,True,2.3875770568847656,2.480822324752808,2.339433431625366,adapt,2.3875770568847656,0.040466566280911005,0.048143625259399414,retrain,2.339433431625366
patchtst_small,NCA,NWN,0.0511524677276611,0.1942944526672363,0.1735971373871446,0.2516817734203442,1.5014383333333323,0.024600509562231,1.4993843333333332,28.37698681430833,0.17565,8.6,11.4,5.597053402863254,36.25401422795071,0.1028719844975235,0.2785900849393239,0.1757181004418004,0.1757181004418004,10.49152713485848,7.260695173095203,-3.2308319617632764,3.2308319617632764,4.969572135421824,2.6677455388637004,-2.301826596558124,2.301826596558124,618.7291666666666,938.5775956284152,319.8484289617486,319.8484289617486,0.5612455220231938,0.4608008032662643,-0.1004447187569294,0.1004447187569294,0.2626767940245775,0.2662126818999085,0.0035358878753309,0.0035358878753309,0.0995697692237094,0.1568075500848776,0.0572377808611681,0.0572377808611681,15.03081858212739,5.861973518724925,-9.168845063402465,9.168845063402465,56.083333333333314,19.06967213114753,-37.01366120218579,37.01366120218579,34.16208333333332,22.29953551912568,-11.86254781420764,11.86254781420764,58.53818749999997,37.55597267759563,-20.982214822404337,20.982214822404337,1.7067006980768993,1.6943305976016485,-0.0123701004752507,0.0123701004752507,0.0,1.0,0.0,0.0023114888303271,-0.0174827823788519,adapt,2.549570322036743,0.1431419849395752,0.0594831696140367,False,2.536417245864868,2.587851047515869,2.37490463256836,adapt,2.536417245864868,-0.019794271209179,0.16151261329650834,retrain,2.37490463256836
patchtst_small,NCA,SAU,0.025285005569458,0.0659482479095459,0.1465606040094893,0.312114375939931,0.741513333333332,0.0131542020682031,0.6728000000000001,0.3506524138666691,0.1216233333333333,4.6,0.2000000000000028,2.8123950007823195,254.75010756009087,0.1028719844975235,0.2251135958726356,0.1222416113751121,0.1222416113751121,10.49152713485848,7.577741041097264,-2.913786093761216,2.913786093761216,4.969572135421824,3.160801830704409,-1.8087703047174155,1.8087703047174155,618.7291666666666,477.93219373219375,-140.79697293447288,140.79697293447288,0.5612455220231938,0.3646288409592436,-0.1966166810639502,0.1966166810639502,0.2626767940245775,0.2589121709437478,-0.0037646230808296,0.0037646230808296,0.0995697692237094,0.106673368514571,0.0071035992908616,0.0071035992908616,15.03081858212739,6.636155047751923,-8.394663534375468,8.394663534375468,56.083333333333314,20.68717948717948,-35.39615384615384,35.39615384615384,34.16208333333332,23.68501424501424,-10.47706908831908,10.47706908831908,58.53818749999997,44.18354985754985,-14.354637642450122,14.354637642450122,1.7067006980768993,1.870246544887621,0.1635458468107218,0.1635458468107218,0.0,1.0,0.0,0.0158034216650436,0.0421241994835298,retrain,2.093613386154175,0.0,0.0,True,1.69734525680542,1.7106460332870483,1.6734929084777832,adapt,1.69734525680542,0.0263207778184862,0.02385234832763672,retrain,1.6734929084777832
patchtst_small,NCA,WCE,0.0503604412078861,0.0661921501159672,0.2387278431099952,0.3579202238961932,1.2955813333333333,0.040048079230855,1.1503380000000003,2.3284080386226726,0.2190866666666666,6.0,0.5,4.401611401113482,120.48428220340084,0.1028719844975235,0.3237542919443535,0.22088230744683,0.22088230744683,10.49152713485848,6.723463276341766,-3.7680638585167134,3.7680638585167134,4.969572135421824,2.2419690223348,-2.7276031130870244,2.7276031130870244,618.7291666666666,592.1126040507456,-26.616562615921,26.616562615921,0.5612455220231938,0.362656014520309,-0.1985895075028848,0.1985895075028848,0.2626767940245775,0.2678747838496824,0.0051979898251048,0.0051979898251048,0.0995697692237094,0.0929587726977534,-0.0066109965259559,0.0066109965259559,15.03081858212739,4.294581852097624,-10.736236730029766,10.736236730029766,56.083333333333314,13.442510572000884,-42.64082276133243,42.64082276133243,34.16208333333332,19.799445804584906,-14.362637528748415,14.362637528748415,58.53818749999997,33.70830558646783,-24.82988191353214,24.82988191353214,1.7067006980768993,1.713310364181826,0.0066096661049266,0.0066096661049266,0.0,1.0,0.0,0.0041341377086296,0.0458928304482596,retrain,2.0280632972717285,0.0,0.0,True,2.2661757469177246,2.319187879562378,2.2469515800476074,adapt,2.2661757469177246,0.041758692739629996,0.019224166870117188,retrain,2.2469515800476074
patchtst_small,NCA,WNA,0.0032643079757688,0.0794125795364375,0.1114378890026565,0.1700005540521379,1.1762033333333328,0.0224518749530011,1.1628173333333336,9.534986746661328,0.17033,7.1,5.100000000000001,5.762711567736889,11.95513233006116,0.1028719844975235,0.2731899847020255,0.170318000204502,0.170318000204502,10.49152713485848,7.961223747682733,-2.5303033871757465,2.5303033871757465,4.969572135421824,2.7543234792434683,-2.215248656178356,2.215248656178356,618.7291666666666,934.4202051282052,315.6910384615386,315.6910384615386,0.5612455220231938,0.429573714296412,-0.1316718077267817,0.1316718077267817,0.2626767940245775,0.2938980646746185,0.0312212706500409,0.0312212706500409,0.0995697692237094,0.1470825091117854,0.0475127398880759,0.0475127398880759,15.03081858212739,6.78196426151767,-8.24885432060972,8.24885432060972,56.083333333333314,23.09020512820512,-32.993128205128194,32.993128205128194,34.16208333333332,23.724938461538457,-10.437144871794864,10.437144871794864,58.53818749999997,39.250704615384606,-19.287482884615365,19.287482884615365,1.7067006980768993,1.6554989468068897,-0.0512017512700095,0.0512017512700095,0.0,1.0,0.0,0.0165781788410301,0.0420179793010348,retrain,1.874338269233704,0.0,0.0,True,2.15612530708313,2.1612308025360107,2.0634307861328125,adapt,2.15612530708313,0.0254398004600047,0.09269452095031738,retrain,2.0634307861328125
patchtst_small,NEU,CNA,0.0790202617645263,0.086066722869873,0.2502726223931507,0.1738147864446911,1.159181333333335,0.0318224400677829,0.2164939999999999,33.11109468667067,0.1654133333333333,1.5999999999999996,13.6,3.040038548015044,111.12624456065464,0.3421046353629576,0.1769941429813634,-0.1651104923815942,0.1651104923815942,6.448870032886587,11.7045993843284,5.255729351441813,5.255729351441813,2.1155132948043303,3.537563069226391,1.4220497744220606,1.4220497744220606,645.8289596602972,712.5566210045662,66.727661344269,66.727661344269,0.3633768003955634,0.4114839791493083,0.0481071787537448,0.0481071787537448,0.2805553338745088,0.1885324106286633,-0.0920229232458455,0.0920229232458455,0.0995128420832286,0.0706025047024773,-0.0289103373807513,0.0289103373807513,4.159081780752651,7.2567876750221885,3.097705894269538,3.097705894269538,13.465817409766448,22.21187214611871,8.746054736352264,8.746054736352264,18.62093630573248,38.09081050228309,19.46987419655061,19.46987419655061,30.73014692144373,65.53934703196344,34.80920011051971,34.80920011051971,1.6639993521933627,1.722797391119089,0.0587980389257263,0.0587980389257263,0.0,1.0,0.0,0.0284726488125541,0.0487372166241378,retrain,2.076446771621704,0.0,0.0,True,2.2366652488708496,2.3194353580474854,2.229208707809448,adapt,2.2366652488708496,0.020264567811583697,0.007456541061401811,retrain,2.229208707809448
patchtst_small,NEU,EAS,0.0059599876403808,-3.3855438232421875e-05,0.3255549404609843,0.2192852597585832,3.944982666666665,0.0123693278963548,3.562609333333332,362.0859238385529,0.0801966666666666,23.6,71.0,20.742974666106296,110.8114152256408,0.3421046353629576,0.2619645284658203,-0.0801401068971373,0.0801401068971373,6.448870032886587,22.32134072090326,15.872470688016676,15.872470688016676,2.1155132948043303,3.243094697249479,1.127581402445149,1.127581402445149,645.8289596602972,3905.359090909091,3259.5301312487936,3259.5301312487936,0.3633768003955634,0.5445014743036944,0.181124673908131,0.181124673908131,0.2805553338745088,0.3575663621177918,0.0770110282432829,0.0770110282432829,0.0995128420832286,0.1647095879545876,0.065196745871359,0.065196745871359,4.159081780752651,5.973304597322264,1.8142228165696137,1.8142228165696137,13.465817409766448,19.794090909090905,6.328273499324457,6.328273499324457,18.62093630573248,81.67781818181815,63.05688187608567,63.05688187608567,30.73014692144373,152.75432727272724,122.0241803512835,122.0241803512835,1.6639993521933627,1.867813398543564,0.2038140463502014,0.2038140463502014,0.0,1.0,0.0,0.0589030478128004,0.2292883543949646,retrain,6.070199966430664,0.0059938430786132,0.0009883969899262,False,6.385941505432129,6.395450115203857,6.36970329284668,adapt,6.385941505432129,0.1703853065821642,0.01623821258544922,retrain,6.36970329284668
patchtst_small,NEU,EAU,0.0094401836395263,0.0170598030090332,0.1531251642158752,0.1277256996279793,1.065779333333332,0.0246613971450508,0.0366953333333337,41.26018935559154,0.1361933333333333,2.299999999999999,14.5,3.849268168393619,164.64679029066758,0.3421046353629576,0.2062810595178484,-0.1358235758451092,0.1358235758451092,6.448870032886587,11.241205060945532,4.792335028058945,4.792335028058945,2.1155132948043303,3.3685489949547898,1.2530357001504595,1.2530357001504595,645.8289596602972,834.2655601659751,188.43660050567792,188.43660050567792,0.3633768003955634,0.4070551376247937,0.0436783372292302,0.0436783372292302,0.2805553338745088,0.2822674911951668,0.0017121573206579,0.0017121573206579,0.0995128420832286,0.1358043125815428,0.0362914704983142,0.0362914704983142,4.159081780752651,7.157240483743252,2.998158702990602,2.998158702990602,13.465817409766448,21.85435684647302,8.388539436706573,8.388539436706573,18.62093630573248,37.27962655601658,18.6586902502841,18.6586902502841,30.73014692144373,65.89961825726138,35.16947133581765,35.16947133581765,1.6639993521933627,1.7478079051967732,0.0838085530034105,0.0838085530034105,0.0,1.0,0.0,0.0298961810278307,0.0528235420169021,retrain,3.168861150741577,0.0,0.0,True,2.4113576412200928,2.441344738006592,2.403032064437866,adapt,2.4113576412200928,0.0229273609890714,0.008325576782226562,retrain,2.403032064437866
patchtst_small,NEU,ENA,0.0901310443878178,0.0995380878448495,0.1204666355322599,0.0912638502539332,1.2154583333333342,0.0103736066585717,0.7911556666666666,53.22521512402789,0.0783666666666666,6.6,18.4,3.2538559711562844,94.7228781846377,0.3421046353629576,0.2636865078570336,-0.0784181275059239,0.0784181275059239,6.448870032886587,11.86802551155998,5.419155478673392,5.419155478673392,2.1155132948043303,2.7719647735757627,0.6564514787714324,0.6564514787714324,645.8289596602972,625.5614942528736,-20.26746540742363,20.26746540742363,0.3633768003955634,0.3332258746454959,-0.0301509257500675,0.0301509257500675,0.2805553338745088,0.1688618357303399,-0.1116934981441689,0.1116934981441689,0.0995128420832286,0.0494158020227599,-0.0500970400604686,0.0500970400604686,4.159081780752651,4.632001828479278,0.4729200477266273,0.4729200477266273,13.465817409766448,12.88812260536398,-0.5776948044024675,0.5776948044024675,18.62093630573248,37.795498084291175,19.174561778558694,19.174561778558694,30.73014692144373,64.34408812260534,33.61394120116161,33.61394120116161,1.6639993521933627,1.6986412128113502,0.0346418606179874,0.0346418606179874,0.0,1.0,0.0,0.0273948350887692,0.0410561050378249,retrain,3.29971694946289,0.0,0.0,True,3.0512354373931885,3.1300504207611084,3.043553590774536,adapt,3.0512354373931885,0.013661269949055699,0.007681846618652344,retrain,3.043553590774536
patchtst_small,NEU,MED,0.0160789489746093,0.0074217319488525,0.1263997953195209,0.1122231362803315,0.9145256666666788,0.0303762592669469,0.5346216666666668,18.350350202163888,0.1563699999999999,0.9000000000000004,5.699999999999999,3.97316682889048,18.63900222761006,0.3421046353629576,0.1861451202091436,-0.155959515153814,0.155959515153814,6.448870032886587,9.53591246713893,3.087042434252343,3.087042434252343,2.1155132948043303,3.542390644885146,1.4268773500808156,1.4268773500808156,645.8289596602972,735.0091463414634,89.18018668116622,89.18018668116622,0.3633768003955634,0.4203848180768059,0.0570080176812424,0.0570080176812424,0.2805553338745088,0.3160164627808042,0.0354611289062953,0.0354611289062953,0.0995128420832286,0.0875235951849466,-0.011989246898282,0.011989246898282,4.159081780752651,8.405440814641642,4.246359033888991,4.246359033888991,13.465817409766448,28.08231707317072,14.616499663404271,14.616499663404271,18.62093630573248,30.50050304878048,11.879566743048,11.879566743048,30.73014692144373,54.294249999999984,23.56410307855625,23.56410307855625,1.6639993521933627,1.7647267297942557,0.100727377600893,0.100727377600893,0.0,1.0,0.0,0.0415427705081617,-0.0047330595416857,adapt,1.707174301147461,0.0,0.0,True,1.7429548501968384,1.761238694190979,1.7459125518798828,adapt,1.7429548501968384,-0.0462758300498474,-0.0029577016830444336,adapt,1.7429548501968384
patchtst_small,NEU,NCA,0.0325913429260253,0.0462985038757324,0.4576474431068056,0.2992586729119221,1.424669333333333,0.0646242029690018,1.2568846666666669,2.957683353911559,0.2388166666666666,6.300000000000001,0.8999999999999986,4.660385343481388,123.03747422185748,0.3421046353629576,0.1028719844975235,-0.2392326508654341,0.2392326508654341,6.448870032886587,10.49152713485848,4.042657101971892,4.042657101971892,2.1155132948043303,4.969572135421824,2.854058840617494,2.854058840617494,645.8289596602972,618.7291666666666,-27.09979299363056,27.09979299363056,0.3633768003955634,0.5612455220231938,0.1978687216276303,0.1978687216276303,0.2805553338745088,0.2626767940245775,-0.0178785398499313,0.0178785398499313,0.0995128420832286,0.0995697692237094,5.692714048080583e-05,5.692714048080583e-05,4.159081780752651,15.03081858212739,10.87173680137474,10.87173680137474,13.465817409766448,56.083333333333314,42.61751592356687,42.61751592356687,18.62093630573248,34.16208333333332,15.54114702760084,15.54114702760084,30.73014692144373,58.53818749999997,27.80804057855624,27.80804057855624,1.6639993521933627,1.7067006980768993,0.0427013458835365,0.0427013458835365,0.0,1.0,0.0,0.028385296117421,0.0515092791256707,retrain,1.0825204849243164,0.0,0.0,True,0.9848819375038148,1.0177465677261353,0.969182550907135,adapt,0.9848819375038148,0.0231239830082497,0.0156993865966798,retrain,0.969182550907135
patchtst_small,NEU,NWN,0.0092861652374267,0.0242340564727783,0.0327852438243196,0.0318548299884077,0.7121876666666669,0.0056672577548024,0.2424996666666663,31.33467016821989,0.0631666666666666,2.299999999999999,12.299999999999995,1.7355019433796166,144.80471231560347,0.3421046353629576,0.2785900849393239,-0.0635145504236336,0.0635145504236336,6.448870032886587,7.260695173095203,0.8118251402086161,0.8118251402086161,2.1155132948043303,2.6677455388637004,0.5522322440593701,0.5522322440593701,645.8289596602972,938.5775956284152,292.74863596811804,292.74863596811804,0.3633768003955634,0.4608008032662643,0.0974240028707009,0.0974240028707009,0.2805553338745088,0.2662126818999085,-0.0143426519746003,0.0143426519746003,0.0995128420832286,0.1568075500848776,0.057294708001649,0.057294708001649,4.159081780752651,5.861973518724925,1.7028917379722746,1.7028917379722746,13.465817409766448,19.06967213114753,5.603854721381083,5.603854721381083,18.62093630573248,22.29953551912568,3.6785992133931984,3.6785992133931984,30.73014692144373,37.55597267759563,6.825825756151904,6.825825756151904,1.6639993521933627,1.6943305976016485,0.0303312454082858,0.0303312454082858,0.0,1.0,0.0,0.0272586597343208,0.0507923466677208,retrain,2.406428337097168,0.0,0.0,True,2.397012710571289,2.4053409099578857,2.37490463256836,adapt,2.397012710571289,0.023533686933399998,0.022108078002929243,retrain,2.37490463256836
patchtst_small,NEU,SAU,0.0132195949554447,0.025336742401123,0.0639276505113579,0.0581135788537044,0.6876120000000006,0.0149814472995131,0.5840846666666668,2.60703094004489,0.1171933333333333,1.700000000000001,1.1000000000000014,2.485593260056896,157.19668461607165,0.3421046353629576,0.2251135958726356,-0.116991039490322,0.116991039490322,6.448870032886587,7.577741041097264,1.1288710082106768,1.1288710082106768,2.1155132948043303,3.160801830704409,1.0452885359000788,1.0452885359000788,645.8289596602972,477.93219373219375,-167.89676592810343,167.89676592810343,0.3633768003955634,0.3646288409592436,0.0012520405636801,0.0012520405636801,0.2805553338745088,0.2589121709437478,-0.021643162930761,0.021643162930761,0.0995128420832286,0.106673368514571,0.0071605264313424,0.0071605264313424,4.159081780752651,6.636155047751923,2.4770732669992723,2.4770732669992723,13.465817409766448,20.68717948717948,7.221362077413033,7.221362077413033,18.62093630573248,23.68501424501424,5.064077939281759,5.064077939281759,30.73014692144373,44.18354985754985,13.45340293610612,13.45340293610612,1.6639993521933627,1.870246544887621,0.2062471926942584,0.2062471926942584,0.0,1.0,0.0,0.0280207206721157,0.0517345732797584,retrain,2.093613386154175,0.0,0.0,True,1.6823813915252686,1.7087054252624512,1.6734929084777832,adapt,1.6823813915252686,0.023713852607642704,0.008888483047485352,retrain,1.6734929084777832
patchtst_small,NEU,WCE,0.0110583305358886,0.0072021484375,0.0048169406261648,0.004688979841334,0.1300246666666656,0.000797728377494,0.1065466666666665,0.6292753152888864,0.0197299999999999,0.3000000000000007,0.3999999999999986,1.7450830251376692,8.370414778311103,0.3421046353629576,0.3237542919443535,-0.018350343418604,0.018350343418604,6.448870032886587,6.723463276341766,0.274593243455179,0.274593243455179,2.1155132948043303,2.2419690223348,0.1264557275304696,0.1264557275304696,645.8289596602972,592.1126040507456,-53.71635560955156,53.71635560955156,0.3633768003955634,0.362656014520309,-0.0007207858752544,0.0007207858752544,0.2805553338745088,0.2678747838496824,-0.0126805500248264,0.0126805500248264,0.0995128420832286,0.0929587726977534,-0.0065540693854751,0.0065540693854751,4.159081780752651,4.294581852097624,0.1355000713449738,0.1355000713449738,13.465817409766448,13.442510572000884,-0.0233068377655634,0.0233068377655634,18.62093630573248,19.799445804584906,1.1785094988524245,1.1785094988524245,30.73014692144373,33.70830558646783,2.9781586650241003,2.9781586650241003,1.6639993521933627,1.713310364181826,0.0493110119884632,0.0493110119884632,0.0,1.0,0.0,0.0258134259251422,0.0531030926382108,retrain,2.0280632972717285,0.0038561820983886,0.0019050333681187,False,2.242927312850952,2.2538750171661377,2.2469515800476074,adapt,2.242927312850952,0.0272896667130686,-0.0040242671966552734,adapt,2.242927312850952
patchtst_small,NEU,WNA,0.0121686458587646,0.023527860641479,0.3612235093684073,0.226160595311277,0.4950826666666661,0.0074197649268636,0.0940673333333332,12.492670100572887,0.0684866666666666,0.7999999999999989,6.0,4.352830920224582,127.06894947565732,0.3421046353629576,0.2731899847020255,-0.0689146506609321,0.0689146506609321,6.448870032886587,7.961223747682733,1.512353714796146,1.512353714796146,2.1155132948043303,2.7543234792434683,0.6388101844391381,0.6388101844391381,645.8289596602972,934.4202051282052,288.59124546790804,288.59124546790804,0.3633768003955634,0.429573714296412,0.0661969139008485,0.0661969139008485,0.2805553338745088,0.2938980646746185,0.0133427308001096,0.0133427308001096,0.0995128420832286,0.1470825091117854,0.0475696670285567,0.0475696670285567,4.159081780752651,6.78196426151767,2.6228824807650195,2.6228824807650195,13.465817409766448,23.09020512820512,9.624387718438673,9.624387718438673,18.62093630573248,23.724938461538457,5.104002155805976,5.104002155805976,30.73014692144373,39.250704615384606,8.520557693940876,8.520557693940876,1.6639993521933627,1.6554989468068897,-0.008500405386473,0.008500405386473,0.0,1.0,0.0,0.0283488912510217,0.0509334074618652,retrain,1.874338269233704,0.0,0.0,True,2.07324743270874,2.084780216217041,2.0634307861328125,adapt,2.07324743270874,0.022584516210843498,0.00981664657592729,retrain,2.0634307861328125
patchtst_small,NWN,CNA,0.0435297489166259,0.0553541183471679,0.1094109884519611,0.0747677822866292,0.5199483333333345,0.0108738875885712,0.4589936666666663,1.7764245184507743,0.1022466666666666,0.6999999999999993,1.3000000000000045,3.5708264789205124,40.562142814563344,0.2785900849393239,0.1769941429813634,-0.1015959419579605,0.1015959419579605,7.260695173095203,11.7045993843284,4.443904211233197,4.443904211233197,2.6677455388637004,3.537563069226391,0.8698175303626905,0.8698175303626905,938.5775956284152,712.5566210045662,-226.02097462384904,226.02097462384904,0.4608008032662643,0.4114839791493083,-0.049316824116956,0.049316824116956,0.2662126818999085,0.1885324106286633,-0.0776802712712451,0.0776802712712451,0.1568075500848776,0.0706025047024773,-0.0862050453824003,0.0862050453824003,5.861973518724925,7.2567876750221885,1.3948141562972634,1.3948141562972634,19.06967213114753,22.21187214611871,3.1422000149711806,3.1422000149711806,22.29953551912568,38.09081050228309,15.791274983157413,15.791274983157413,37.55597267759563,65.53934703196344,27.98337435436781,27.98337435436781,1.6943305976016485,1.722797391119089,0.0284667935174405,0.0284667935174405,0.0,1.0,0.0,0.0257208782511494,0.0473855447823957,retrain,2.076446771621704,0.0,0.0,True,2.243622303009033,2.292079448699951,2.229208707809448,adapt,2.243622303009033,0.0216646665312463,0.014413595199585405,retrain,2.229208707809448
patchtst_small,NWN,EAS,0.0065064430236816,-0.0255570411682128,0.189945794069555,0.1117198813376448,3.3961209999999986,0.0029094575617674,3.320109666666666,330.751253670333,0.0170299999999999,21.3,58.7,20.7525751864546,252.6687070192516,0.2785900849393239,0.2619645284658203,-0.0166255564735036,0.0166255564735036,7.260695173095203,22.32134072090326,15.060645547808058,15.060645547808058,2.6677455388637004,3.243094697249479,0.5753491583857788,0.5753491583857788,938.5775956284152,3905.359090909091,2966.781495280676,2966.781495280676,0.4608008032662643,0.5445014743036944,0.0837006710374301,0.0837006710374301,0.2662126818999085,0.3575663621177918,0.0913536802178833,0.0913536802178833,0.1568075500848776,0.1647095879545876,0.0079020378697099,0.0079020378697099,5.861973518724925,5.973304597322264,0.1113310785973391,0.1113310785973391,19.06967213114753,19.794090909090905,0.7244187779433737,0.7244187779433737,22.29953551912568,81.67781818181815,59.37828266269247,59.37828266269247,37.55597267759563,152.75432727272724,115.1983545951316,115.1983545951316,1.6943305976016485,1.867813398543564,0.1734828009419156,0.1734828009419156,0.0,1.0,0.0,0.0479835076108189,0.188900995199367,retrain,6.070199966430664,0.0320634841918945,0.0053101622141549,False,6.357412815093994,6.370155811309815,6.36970329284668,adapt,6.357412815093994,0.1409174875885481,-0.012290477752685547,adapt,6.357412815093994
patchtst_small,NWN,EAU,0.0086719989776615,-0.006766557693481,0.0705039721820224,0.055708284263429,0.3708349999999986,0.0067899266791311,0.2058043333333326,9.925519187371648,0.0730266666666666,0.0,2.200000000000003,3.661759486066516,296.968235281046,0.2785900849393239,0.2062810595178484,-0.0723090254214755,0.0723090254214755,7.260695173095203,11.241205060945532,3.980509887850329,3.980509887850329,2.6677455388637004,3.3685489949547898,0.7008034560910894,0.7008034560910894,938.5775956284152,834.2655601659751,-104.31203546244012,104.31203546244012,0.4608008032662643,0.4070551376247937,-0.0537456656414706,0.0537456656414706,0.2662126818999085,0.2822674911951668,0.0160548092952583,0.0160548092952583,0.1568075500848776,0.1358043125815428,-0.0210032375033348,0.0210032375033348,5.861973518724925,7.157240483743252,1.2952669650183273,1.2952669650183273,19.06967213114753,21.85435684647302,2.78468471532549,2.78468471532549,22.29953551912568,37.27962655601658,14.9800910368909,14.9800910368909,37.55597267759563,65.89961825726138,28.343645579665747,28.343645579665747,1.6943305976016485,1.7478079051967732,0.0534773075951247,0.0534773075951247,0.0,1.0,0.0,0.0265681371656203,0.0503296522023536,retrain,3.168861150741577,0.0154385566711425,0.0048958096197359,False,2.403555393218994,2.4142119884490967,2.403032064437866,adapt,2.403555393218994,0.0237615150367333,0.0005233287811279297,retrain,2.403032064437866
patchtst_small,NWN,ENA,0.0733661651611328,0.0805418491363529,0.0415661374998263,0.0284521770745116,0.630425333333334,0.0017239319886379,0.5486560000000003,21.890544955808,0.0151999999999999,4.300000000000001,6.100000000000001,2.8334670781801767,55.533369801321,0.2785900849393239,0.2636865078570336,-0.0149035770822902,0.0149035770822902,7.260695173095203,11.86802551155998,4.607330338464776,4.607330338464776,2.6677455388637004,2.7719647735757627,0.1042192347120622,0.1042192347120622,938.5775956284152,625.5614942528736,-313.01610137554167,313.01610137554167,0.4608008032662643,0.3332258746454959,-0.1275749286207684,0.1275749286207684,0.2662126818999085,0.1688618357303399,-0.0973508461695686,0.0973508461695686,0.1568075500848776,0.0494158020227599,-0.1073917480621177,0.1073917480621177,5.861973518724925,4.632001828479278,-1.2299716902456472,1.2299716902456472,19.06967213114753,12.88812260536398,-6.18154952578355,6.18154952578355,22.29953551912568,37.795498084291175,15.495962565165495,15.495962565165495,37.55597267759563,64.34408812260534,26.78811544500971,26.78811544500971,1.6943305976016485,1.6986412128113502,0.0043106152097016,0.0043106152097016,0.0,1.0,0.0,0.0247324032419792,0.0413890947923085,retrain,3.29971694946289,0.0,0.0,True,3.0499107837677,3.113065481185913,3.043553590774536,adapt,3.0499107837677,0.016656691550329297,0.0063571929931640625,retrain,3.043553590774536
patchtst_small,NWN,MED,0.0028597116470336,-0.015471339225769,0.0542577436402828,0.0471878274969365,0.7895700000000113,0.0101449722907493,0.7771213333333331,12.984319966056006,0.0932033333333333,3.2,6.599999999999998,3.7990692614582713,142.1048479597585,0.2785900849393239,0.1861451202091436,-0.0924449647301803,0.0924449647301803,7.260695173095203,9.53591246713893,2.2752172940437267,2.2752172940437267,2.6677455388637004,3.542390644885146,0.8746451060214455,0.8746451060214455,938.5775956284152,735.0091463414634,-203.56844928695185,203.56844928695185,0.4608008032662643,0.4203848180768059,-0.0404159851894584,0.0404159851894584,0.2662126818999085,0.3160164627808042,0.0498037808808957,0.0498037808808957,0.1568075500848776,0.0875235951849466,-0.069283954899931,0.069283954899931,5.861973518724925,8.405440814641642,2.5434672959167166,2.5434672959167166,19.06967213114753,28.08231707317072,9.01264494202319,9.01264494202319,22.29953551912568,30.50050304878048,8.2009675296548,8.2009675296548,37.55597267759563,54.294249999999984,16.73827732240435,16.73827732240435,1.6943305976016485,1.7647267297942557,0.0703961321926072,0.0703961321926072,0.0,1.0,0.0,0.0320140761162267,-0.0013213732787853,adapt,1.697500467300415,0.0,0.0,True,1.73437762260437,1.7392373085021973,1.7459125518798828,adapt,1.73437762260437,-0.033335449395012,-0.011534929275512917,adapt,1.73437762260437
patchtst_small,NWN,NCA,0.0150955915451049,0.0211070775985717,0.2516817734203442,0.1735971373871446,1.5014383333333323,0.0325290641142297,1.4993843333333332,28.37698681430833,0.17565,8.6,11.4,5.597053402863254,36.25401422795071,0.2785900849393239,0.1028719844975235,-0.1757181004418004,0.1757181004418004,7.260695173095203,10.49152713485848,3.2308319617632764,3.2308319617632764,2.6677455388637004,4.969572135421824,2.301826596558124,2.301826596558124,938.5775956284152,618.7291666666666,-319.8484289617486,319.8484289617486,0.4608008032662643,0.5612455220231938,0.1004447187569294,0.1004447187569294,0.2662126818999085,0.2626767940245775,-0.0035358878753309,0.0035358878753309,0.1568075500848776,0.0995697692237094,-0.0572377808611681,0.0572377808611681,5.861973518724925,15.03081858212739,9.168845063402465,9.168845063402465,19.06967213114753,56.083333333333314,37.01366120218579,37.01366120218579,22.29953551912568,34.16208333333332,11.86254781420764,11.86254781420764,37.55597267759563,58.53818749999997,20.982214822404337,20.982214822404337,1.6943305976016485,1.7067006980768993,0.0123701004752507,0.0123701004752507,0.0,1.0,0.0,0.0273491942389024,0.0512817965473017,retrain,1.0825204849243164,0.0,0.0,True,0.9740241169929504,0.9866466522216796,0.969182550907135,adapt,0.9740241169929504,0.0239326023083993,0.00484156608581543,retrain,0.969182550907135
patchtst_small,NWN,NEU,-0.0006458759307865,0.0003924369812007,0.0318548299884077,0.0327852438243196,0.7121876666666669,0.0049976397276054,0.2424996666666663,31.33467016821989,0.0631666666666666,2.299999999999999,12.299999999999995,1.7355019433796166,144.80471231560347,0.2785900849393239,0.3421046353629576,0.0635145504236336,0.0635145504236336,7.260695173095203,6.448870032886587,-0.8118251402086161,0.8118251402086161,2.6677455388637004,2.1155132948043303,-0.5522322440593701,0.5522322440593701,938.5775956284152,645.8289596602972,-292.74863596811804,292.74863596811804,0.4608008032662643,0.3633768003955634,-0.0974240028707009,0.0974240028707009,0.2662126818999085,0.2805553338745088,0.0143426519746003,0.0143426519746003,0.1568075500848776,0.0995128420832286,-0.057294708001649,0.057294708001649,5.861973518724925,4.159081780752651,-1.7028917379722746,1.7028917379722746,19.06967213114753,13.465817409766448,-5.603854721381083,5.603854721381083,22.29953551912568,18.62093630573248,-3.6785992133931984,3.6785992133931984,37.55597267759563,30.73014692144373,-6.825825756151904,6.825825756151904,1.6943305976016485,1.6639993521933627,-0.0303312454082858,0.0303312454082858,0.0,1.0,0.0,0.0219581571297265,0.0508258912922344,retrain,2.143090009689331,0.0,0.0,True,2.3472414016723637,2.344606637954712,2.339433431625366,adapt,2.3472414016723637,0.028867734162507902,0.007807970046997514,retrain,2.339433431625366
patchtst_small,NWN,SAU,0.0034821033477778,0.0051462650299072,0.0377207030090556,0.0375157484199401,0.8265843333333328,0.0026172435095686,0.8265843333333331,28.727639228175004,0.0540266666666666,4.0,11.199999999999996,3.471128043451192,286.2769648557052,0.2785900849393239,0.2251135958726356,-0.0534764890666883,0.0534764890666883,7.260695173095203,7.577741041097264,0.3170458680020607,0.3170458680020607,2.6677455388637004,3.160801830704409,0.4930562918407086,0.4930562918407086,938.5775956284152,477.93219373219375,-460.6454018962215,460.6454018962215,0.4608008032662643,0.3646288409592436,-0.0961719623070207,0.0961719623070207,0.2662126818999085,0.2589121709437478,-0.0073005109561606,0.0073005109561606,0.1568075500848776,0.106673368514571,-0.0501341815703065,0.0501341815703065,5.861973518724925,6.636155047751923,0.7741815290269978,0.7741815290269978,19.06967213114753,20.68717948717948,1.6175073560319504,1.6175073560319504,22.29953551912568,23.68501424501424,1.3854787258885608,1.3854787258885608,37.55597267759563,44.18354985754985,6.627577179954216,6.627577179954216,1.6943305976016485,1.870246544887621,0.1759159472859726,0.1759159472859726,0.0,1.0,0.0,0.0253453226784343,0.0502786553266322,retrain,2.093613386154175,0.0,0.0,True,1.6736111640930176,1.6800763607025146,1.6734929084777832,adapt,1.6736111640930176,0.0249333326481979,0.000118255615234375,retrain,1.6734929084777832
patchtst_small,NWN,WCE,0.0042803287506099,0.0050916671752925,0.0179947067075612,0.0179648586833318,0.630561000000001,0.0025822014004919,0.3490463333333329,30.705394852931008,0.0434366666666666,2.6,11.9,3.05329518084622,144.0016477034404,0.2785900849393239,0.3237542919443535,0.0451642070050296,0.0451642070050296,7.260695173095203,6.723463276341766,-0.5372318967534371,0.5372318967534371,2.6677455388637004,2.2419690223348,-0.4257765165289005,0.4257765165289005,938.5775956284152,592.1126040507456,-346.4649915776696,346.4649915776696,0.4608008032662643,0.362656014520309,-0.0981447887459553,0.0981447887459553,0.2662126818999085,0.2678747838496824,0.0016621019497738,0.0016621019497738,0.1568075500848776,0.0929587726977534,-0.0638487773871241,0.0638487773871241,5.861973518724925,4.294581852097624,-1.567391666627301,1.567391666627301,19.06967213114753,13.442510572000884,-5.627161559146646,5.627161559146646,22.29953551912568,19.799445804584906,-2.500089714540774,2.500089714540774,37.55597267759563,33.70830558646783,-3.847667091127804,3.847667091127804,1.6943305976016485,1.713310364181826,0.0189797665801774,0.0189797665801774,0.0,1.0,0.0,0.0222549499675961,0.0524764661988371,retrain,2.0280632972717285,0.0,0.0,True,2.2465567588806152,2.250994682312012,2.2469515800476074,adapt,2.2465567588806152,0.030221516231241,-0.0003948211669921875,adapt,2.2465567588806152
patchtst_small,NWN,WNA,0.0027863979339599,0.0007170438766479,0.1876266341437067,0.1286080795672765,0.4181583333333339,0.0007665549718098,0.3365669999999996,18.842000067647007,0.0053199999999999,1.5,6.299999999999997,4.228118597879599,24.772908795692988,0.2785900849393239,0.2731899847020255,-0.0054001002372984,0.0054001002372984,7.260695173095203,7.961223747682733,0.7005285745875298,0.7005285745875298,2.6677455388637004,2.7543234792434683,0.0865779403797679,0.0865779403797679,938.5775956284152,934.4202051282052,-4.157390500209999,4.157390500209999,0.4608008032662643,0.429573714296412,-0.0312270889698523,0.0312270889698523,0.2662126818999085,0.2938980646746185,0.02768538277471,0.02768538277471,0.1568075500848776,0.1470825091117854,-0.0097250409730922,0.0097250409730922,5.861973518724925,6.78196426151767,0.919990742792745,0.919990742792745,19.06967213114753,23.09020512820512,4.02053299705759,4.02053299705759,22.29953551912568,23.724938461538457,1.4254029424127772,1.4254029424127772,37.55597267759563,39.250704615384606,1.694731937788973,1.694731937788973,1.6943305976016485,1.6554989468068897,-0.0388316507947588,0.0388316507947588,0.0,1.0,0.0,0.0245905462469822,0.0474559878983341,retrain,1.874338269233704,0.002069354057312,0.0011052654031363,False,2.057864189147949,2.061070442199707,2.0634307861328125,adapt,2.057864189147949,0.0228654416513519,-0.005566596984863281,adapt,2.057864189147949
patchtst_small,SAU,CNA,0.025256872177124,0.0267047882080078,0.1894942544182992,0.0809107646366135,0.667710000000001,0.0035553180129148,0.3675906666666668,30.50406374662578,0.04822,3.3000000000000007,12.5,2.2465145581162864,246.39227192623088,0.2251135958726356,0.1769941429813634,-0.0481194528912722,0.0481194528912722,7.577741041097264,11.7045993843284,4.126858343231136,4.126858343231136,3.160801830704409,3.537563069226391,0.3767612385219818,0.3767612385219818,477.93219373219375,712.5566210045662,234.62442727237243,234.62442727237243,0.3646288409592436,0.4114839791493083,0.0468551381900647,0.0468551381900647,0.2589121709437478,0.1885324106286633,-0.0703797603150845,0.0703797603150845,0.106673368514571,0.0706025047024773,-0.0360708638120937,0.0360708638120937,6.636155047751923,7.2567876750221885,0.6206326272702656,0.6206326272702656,20.68717948717948,22.21187214611871,1.5246926589392302,1.5246926589392302,23.68501424501424,38.09081050228309,14.40579625726885,14.40579625726885,44.18354985754985,65.53934703196344,21.355797174413595,21.355797174413595,1.870246544887621,1.722797391119089,-0.147449153768532,0.147449153768532,0.0,1.0,0.0,0.0242352026282415,0.0457904151059857,retrain,2.076446771621704,0.0,0.0,True,2.2322323322296143,2.2607572078704834,2.229208707809448,adapt,2.2322323322296143,0.0215552124777442,0.0030236244201664597,retrain,2.229208707809448
patchtst_small,SAU,EAS,0.0269365310668945,0.0044112205505371,0.3118211228942141,0.1799364265440521,4.152901333333331,0.0046344103645761,4.146693999999999,359.47889289850804,0.0369966666666666,25.3,69.9,21.4357089001579,64.57329658741189,0.2251135958726356,0.2619645284658203,0.0368509325931847,0.0368509325931847,7.577741041097264,22.32134072090326,14.743599679805998,14.743599679805998,3.160801830704409,3.243094697249479,0.0822928665450701,0.0822928665450701,477.93219373219375,3905.359090909091,3427.426897176897,3427.426897176897,0.3646288409592436,0.5445014743036944,0.1798726333444508,0.1798726333444508,0.2589121709437478,0.3575663621177918,0.098654191174044,0.098654191174044,0.106673368514571,0.1647095879545876,0.0580362194400165,0.0580362194400165,6.636155047751923,5.973304597322264,-0.6628504504296586,0.6628504504296586,20.68717948717948,19.794090909090905,-0.8930885780885767,0.8930885780885767,23.68501424501424,81.67781818181815,57.99280393680391,57.99280393680391,44.18354985754985,152.75432727272724,108.5707774151774,108.5707774151774,1.870246544887621,1.867813398543564,-0.002433146344057,0.002433146344057,0.0,1.0,0.0,0.049131893186915,0.2071278695521841,retrain,6.070199966430664,0.0225253105163574,0.003724623396255,False,6.366523265838623,6.400530815124512,6.36970329284668,adapt,6.366523265838623,0.1579959763652691,-0.0031800270080566406,adapt,6.366523265838623
patchtst_small,SAU,EAU,-0.0028393268585205,-0.0014693737030029,0.0357605646480699,0.0325959685214423,0.720112666666665,0.0017675703522039,0.6207800000000006,38.653158415546656,0.019,4.0,13.4,4.210088849956815,14.532548435721534,0.2251135958726356,0.2062810595178484,-0.0188325363547872,0.0188325363547872,7.577741041097264,11.241205060945532,3.663464019848268,3.663464019848268,3.160801830704409,3.3685489949547898,0.2077471642503807,0.2077471642503807,477.93219373219375,834.2655601659751,356.3333664337813,356.3333664337813,0.3646288409592436,0.4070551376247937,0.04242629666555,0.04242629666555,0.2589121709437478,0.2822674911951668,0.023355320251419,0.023355320251419,0.106673368514571,0.1358043125815428,0.0291309440669717,0.0291309440669717,6.636155047751923,7.157240483743252,0.5210854359913295,0.5210854359913295,20.68717948717948,21.85435684647302,1.1671773592935395,1.1671773592935395,23.68501424501424,37.27962655601658,13.59461231100234,13.59461231100234,44.18354985754985,65.89961825726138,21.71606839971153,21.71606839971153,1.870246544887621,1.7478079051967732,-0.1224386396908479,0.1224386396908479,0.0,1.0,0.0,0.0252317126013775,0.0496138078253487,retrain,3.168861150741577,0.0014693737030029,0.0004639065219701,False,2.406043291091919,2.4049885272979736,2.403032064437866,adapt,2.406043291091919,0.024382095223971202,0.0030112266540527344,retrain,2.403032064437866
patchtst_small,SAU,ENA,0.0338399410247802,0.035974502563477,0.1266619395298021,0.0712416571496251,1.3752403333333336,0.0033819188998249,1.3752403333333334,50.61818418398301,0.0388266666666666,8.3,17.299999999999997,4.734081521809201,230.7533668271362,0.2251135958726356,0.2636865078570336,0.038572911984398,0.038572911984398,7.577741041097264,11.86802551155998,4.290284470462716,4.290284470462716,3.160801830704409,2.7719647735757627,-0.3888370571286463,0.3888370571286463,477.93219373219375,625.5614942528736,147.6293005206798,147.6293005206798,0.3646288409592436,0.3332258746454959,-0.0314029663137476,0.0314029663137476,0.2589121709437478,0.1688618357303399,-0.0900503352134079,0.0900503352134079,0.106673368514571,0.0494158020227599,-0.0572575664918111,0.0572575664918111,6.636155047751923,4.632001828479278,-2.004153219272645,2.004153219272645,20.68717948717948,12.88812260536398,-7.799056881815501,7.799056881815501,23.68501424501424,37.795498084291175,14.110483839276936,14.110483839276936,44.18354985754985,64.34408812260534,20.160538265055493,20.160538265055493,1.870246544887621,1.6986412128113502,-0.1716053320762709,0.1716053320762709,0.0,1.0,0.0,0.0234925158461562,0.0068923862530016,adapt,3.301851511001587,0.0021345615386967,0.0006468923157315,False,3.0454697608947754,3.074696779251098,3.043553590774536,adapt,3.0454697608947754,-0.0166001295931546,0.0019161701202392578,retrain,3.043553590774536
patchtst_small,SAU,MED,-0.0001544952392578,-0.0126261711120605,0.0238833990409489,0.021546424576935,0.3160063333333449,0.0030556462440756,0.049463,15.743319262118998,0.0391766666666666,0.8000000000000007,4.599999999999998,3.5633458426877147,150.2175969564558,0.2251135958726356,0.1861451202091436,-0.038968475663492,0.038968475663492,7.577741041097264,9.53591246713893,1.958171426041666,1.958171426041666,3.160801830704409,3.542390644885146,0.3815888141807368,0.3815888141807368,477.93219373219375,735.0091463414634,257.07695260926965,257.07695260926965,0.3646288409592436,0.4203848180768059,0.0557559771175623,0.0557559771175623,0.2589121709437478,0.3160164627808042,0.0571042918370564,0.0571042918370564,0.106673368514571,0.0875235951849466,-0.0191497733296244,0.0191497733296244,6.636155047751923,8.405440814641642,1.7692857668897188,1.7692857668897188,20.68717948717948,28.08231707317072,7.39513758599124,7.39513758599124,23.68501424501424,30.50050304878048,6.81548880376624,6.81548880376624,44.18354985754985,54.294249999999984,10.110700142450137,10.110700142450137,1.870246544887621,1.7647267297942557,-0.1055198150933653,0.1055198150933653,0.0,1.0,0.0,-0.00025350795976,-0.0373262424296692,deploy,1.7032053470611572,0.0,0.0,True,1.7358696460723877,1.7343266010284424,1.7459125518798828,deploy,1.7343266010284424,-0.0373262424296692,-0.01158595085144043,deploy,1.7343266010284424
patchtst_small,SAU,NCA,0.0032478570938112,0.0061745643615724,0.312114375939931,0.1465606040094893,0.741513333333332,0.0178110118863956,0.6728000000000001,0.3506524138666691,0.1216233333333333,4.6,0.2000000000000028,2.8123950007823195,254.75010756009087,0.2251135958726356,0.1028719844975235,-0.1222416113751121,0.1222416113751121,7.577741041097264,10.49152713485848,2.913786093761216,2.913786093761216,3.160801830704409,4.969572135421824,1.8087703047174155,1.8087703047174155,477.93219373219375,618.7291666666666,140.79697293447288,140.79697293447288,0.3646288409592436,0.5612455220231938,0.1966166810639502,0.1966166810639502,0.2589121709437478,0.2626767940245775,0.0037646230808296,0.0037646230808296,0.106673368514571,0.0995697692237094,-0.0071035992908616,0.0071035992908616,6.636155047751923,15.03081858212739,8.394663534375468,8.394663534375468,20.68717948717948,56.083333333333314,35.39615384615384,35.39615384615384,23.68501424501424,34.16208333333332,10.47706908831908,10.47706908831908,44.18354985754985,58.53818749999997,14.354637642450122,14.354637642450122,1.870246544887621,1.7067006980768993,-0.1635458468107218,0.1635458468107218,0.0,1.0,0.0,0.0262812834420577,0.0497323983402972,retrain,1.0825204849243164,0.0,0.0,True,0.971479833126068,0.9735373258590698,0.969182550907135,adapt,0.971479833126068,0.0234511148982395,0.0022972822189329944,retrain,0.969182550907135
patchtst_small,SAU,NEU,0.0180954933166503,0.0313522815704345,0.0581135788537044,0.0639276505113579,0.6876120000000006,0.0140932996340954,0.5840846666666668,2.60703094004489,0.1171933333333333,1.700000000000001,1.1000000000000014,2.485593260056896,157.19668461607165,0.2251135958726356,0.3421046353629576,0.116991039490322,0.116991039490322,7.577741041097264,6.448870032886587,-1.1288710082106768,1.1288710082106768,3.160801830704409,2.1155132948043303,-1.0452885359000788,1.0452885359000788,477.93219373219375,645.8289596602972,167.89676592810343,167.89676592810343,0.3646288409592436,0.3633768003955634,-0.0012520405636801,0.0012520405636801,0.2589121709437478,0.2805553338745088,0.021643162930761,0.021643162930761,0.106673368514571,0.0995128420832286,-0.0071605264313424,0.0071605264313424,6.636155047751923,4.159081780752651,-2.4770732669992723,2.4770732669992723,20.68717948717948,13.465817409766448,-7.221362077413033,7.221362077413033,23.68501424501424,18.62093630573248,-5.064077939281759,5.064077939281759,44.18354985754985,30.73014692144373,-13.45340293610612,13.45340293610612,1.870246544887621,1.6639993521933627,-0.2062471926942584,0.2062471926942584,0.0,1.0,0.0,0.0180597028004374,0.0490045868836582,retrain,2.143090009689331,0.0,0.0,True,2.352977991104126,2.3663148880004883,2.339433431625366,adapt,2.352977991104126,0.030944884083220797,0.013544559478759766,retrain,2.339433431625366
patchtst_small,SAU,NWN,0.0390353202819824,0.0561861991882324,0.0375157484199401,0.0377207030090556,0.8265843333333328,0.0025826834860922,0.8265843333333331,28.727639228175004,0.0540266666666666,4.0,11.199999999999996,3.471128043451192,286.2769648557052,0.2251135958726356,0.2785900849393239,0.0534764890666883,0.0534764890666883,7.577741041097264,7.260695173095203,-0.3170458680020607,0.3170458680020607,3.160801830704409,2.6677455388637004,-0.4930562918407086,0.4930562918407086,477.93219373219375,938.5775956284152,460.6454018962215,460.6454018962215,0.3646288409592436,0.4608008032662643,0.0961719623070207,0.0961719623070207,0.2589121709437478,0.2662126818999085,0.0073005109561606,0.0073005109561606,0.106673368514571,0.1568075500848776,0.0501341815703065,0.0501341815703065,6.636155047751923,5.861973518724925,-0.7741815290269978,0.7741815290269978,20.68717948717948,19.06967213114753,-1.6175073560319504,1.6175073560319504,23.68501424501424,22.29953551912568,-1.3854787258885608,1.3854787258885608,44.18354985754985,37.55597267759563,-6.627577179954216,6.627577179954216,1.870246544887621,1.6943305976016485,-0.1759159472859726,0.1759159472859726,0.0,1.0,0.0,0.0169429277734426,0.0117952739185813,adapt,2.423579216003418,0.01715087890625,0.0071271097675565,False,2.4078028202056885,2.450714588165283,2.37490463256836,adapt,2.4078028202056885,-0.005147653854861302,0.03289818763732866,retrain,2.37490463256836
patchtst_small,SAU,WCE,0.0038061141967773,0.0033001899719238,0.043238860610518,0.0454004759251397,0.5577106666666679,0.0094761779890082,0.4775380000000002,1.9777556247560035,0.0974633333333333,1.4000000000000004,0.7000000000000028,2.1098114704192703,153.18087546489804,0.2251135958726356,0.3237542919443535,0.0986406960717179,0.0986406960717179,7.577741041097264,6.723463276341766,-0.8542777647554978,0.8542777647554978,3.160801830704409,2.2419690223348,-0.9188328083696092,0.9188328083696092,477.93219373219375,592.1126040507456,114.18041031855188,114.18041031855188,0.3646288409592436,0.362656014520309,-0.0019728264389345,0.0019728264389345,0.2589121709437478,0.2678747838496824,0.0089626129059345,0.0089626129059345,0.106673368514571,0.0929587726977534,-0.0137145958168175,0.0137145958168175,6.636155047751923,4.294581852097624,-2.3415731956542984,2.3415731956542984,20.68717948717948,13.442510572000884,-7.244668915178597,7.244668915178597,23.68501424501424,19.799445804584906,-3.885568440429335,3.885568440429335,44.18354985754985,33.70830558646783,-10.47524427108202,10.47524427108202,1.870246544887621,1.713310364181826,-0.1569361807057951,0.1569361807057951,0.0,1.0,0.0,0.0189141387700525,0.0508792718294268,retrain,2.0280632972717285,0.0005059242248535,0.0002495239994581,False,2.2470545768737797,2.249438762664795,2.2469515800476074,adapt,2.2470545768737797,0.031965133059374304,0.00010299682617231909,retrain,2.2469515800476074
patchtst_small,SAU,WNA,0.0107295513153078,0.0198212862014768,0.3053528705494534,0.1981207360911411,0.5119079999999995,0.0024914382673553,0.4900173333333335,9.885639160527996,0.0487066666666666,2.5,4.899999999999999,4.537337495811759,263.3615337797457,0.2251135958726356,0.2731899847020255,0.0480763888293898,0.0480763888293898,7.577741041097264,7.961223747682733,0.3834827065854691,0.3834827065854691,3.160801830704409,2.7543234792434683,-0.4064783514609407,0.4064783514609407,477.93219373219375,934.4202051282052,456.4880113960115,456.4880113960115,0.3646288409592436,0.429573714296412,0.0649448733371684,0.0649448733371684,0.2589121709437478,0.2938980646746185,0.0349858937308706,0.0349858937308706,0.106673368514571,0.1470825091117854,0.0404091405972143,0.0404091405972143,6.636155047751923,6.78196426151767,0.1458092137657471,0.1458092137657471,20.68717948717948,23.09020512820512,2.403025641025639,2.403025641025639,23.68501424501424,23.724938461538457,0.0399242165242164,0.0399242165242164,44.18354985754985,39.250704615384606,-4.932845242165243,4.932845242165243,1.870246544887621,1.6554989468068897,-0.2147475980807314,0.2147475980807314,0.0,1.0,0.0,0.023957670995764,0.047491877044831,retrain,1.874338269233704,0.0,0.0,True,2.0736277103424072,2.088175058364868,2.0634307861328125,adapt,2.0736277103424072,0.023534206049067002,0.010196924209594727,retrain,2.0634307861328125
patchtst_small,WCE,CNA,0.0497903823852539,0.0530378818511962,0.1805545493114656,0.1285985773790662,1.0544073333333357,0.0176754678283397,0.1099473333333334,32.48181937138178,0.1456833333333333,1.9000000000000004,13.200000000000005,2.1753711160294373,108.91918606578405,0.3237542919443535,0.1769941429813634,-0.1467601489629901,0.1467601489629901,6.723463276341766,11.7045993843284,4.981136107986634,4.981136107986634,2.2419690223348,3.537563069226391,1.295594046891591,1.295594046891591,592.1126040507456,712.5566210045662,120.44401695382057,120.44401695382057,0.362656014520309,0.4114839791493083,0.0488279646289993,0.0488279646289993,0.2678747838496824,0.1885324106286633,-0.079342373221019,0.079342373221019,0.0929587726977534,0.0706025047024773,-0.0223562679952761,0.0223562679952761,4.294581852097624,7.2567876750221885,2.962205822924564,2.962205822924564,13.442510572000884,22.21187214611871,8.769361574117827,8.769361574117827,19.799445804584906,38.09081050228309,18.291364697698185,18.291364697698185,33.70830558646783,65.53934703196344,31.83104144549561,31.83104144549561,1.713310364181826,1.722797391119089,0.0094870269372631,0.0094870269372631,0.0,1.0,0.0,0.0279037469474186,0.0483847231659541,retrain,2.076446771621704,0.0,0.0,True,2.232320070266724,2.2843425273895264,2.229208707809448,adapt,2.232320070266724,0.020480976218535504,0.003111362457276279,retrain,2.229208707809448
patchtst_small,WCE,EAS,0.0313949584960937,0.0173945426940917,0.2547065115486623,0.1849696563061156,3.923719999999999,0.0059647696928566,3.669155999999999,361.4566485232641,0.0604666666666666,23.9,70.6,20.11159506976076,109.60718008895698,0.3237542919443535,0.2619645284658203,-0.0617897634785332,0.0617897634785332,6.723463276341766,22.32134072090326,15.597877444561496,15.597877444561496,2.2419690223348,3.243094697249479,1.0011256749146793,1.0011256749146793,592.1126040507456,3905.359090909091,3313.246486858345,3313.246486858345,0.362656014520309,0.5445014743036944,0.1818454597833854,0.1818454597833854,0.2678747838496824,0.3575663621177918,0.0896915782681094,0.0896915782681094,0.0929587726977534,0.1647095879545876,0.0717508152568341,0.0717508152568341,4.294581852097624,5.973304597322264,1.6787227452246398,1.6787227452246398,13.442510572000884,19.794090909090905,6.35158033709002,6.35158033709002,19.799445804584906,81.67781818181815,61.87837237723325,61.87837237723325,33.70830558646783,152.75432727272724,119.0460216862594,119.0460216862594,1.713310364181826,1.867813398543564,0.1545030343617381,0.1545030343617381,0.0,1.0,0.0,0.0574029444211631,0.2282792130054111,retrain,6.070199966430664,0.0140004158020019,0.0023117494205666,False,6.385495185852051,6.4246344566345215,6.36970329284668,adapt,6.385495185852051,0.17087626858424798,0.015791893005371094,retrain,6.36970329284668
patchtst_small,WCE,EAU,0.0002706050872802,0.016953706741333,0.1118607657002493,0.0931734141560568,0.971953333333333,0.0125755065748762,0.1432420000000003,40.630914040302656,0.1164633333333333,2.6,14.1,4.281183983654968,161.2106366479405,0.3237542919443535,0.2062810595178484,-0.1174732324265051,0.1174732324265051,6.723463276341766,11.241205060945532,4.517741784603766,4.517741784603766,2.2419690223348,3.3685489949547898,1.12657997261999,1.12657997261999,592.1126040507456,834.2655601659751,242.15295611522947,242.15295611522947,0.362656014520309,0.4070551376247937,0.0443991231044846,0.0443991231044846,0.2678747838496824,0.2822674911951668,0.0143927073454844,0.0143927073454844,0.0929587726977534,0.1358043125815428,0.0428455398837893,0.0428455398837893,4.294581852097624,7.157240483743252,2.862658631645628,2.862658631645628,13.442510572000884,21.85435684647302,8.411846274472136,8.411846274472136,19.799445804584906,37.27962655601658,17.480180751431675,17.480180751431675,33.70830558646783,65.89961825726138,32.19131267079355,32.19131267079355,1.713310364181826,1.7478079051967732,0.0344975410149472,0.0344975410149472,0.0,1.0,0.0,0.02947251593669,0.0529410289567397,retrain,3.168861150741577,0.0,0.0,True,2.4193873405456543,2.425205707550049,2.403032064437866,adapt,2.4193873405456543,0.0234685130200497,0.016355276107788086,retrain,2.403032064437866
patchtst_small,WCE,ENA,0.0490951538085937,0.0537416934967045,0.0804179053525321,0.0648971559979256,1.1792243333333348,0.004232493368024,0.8977023333333332,52.59593980873901,0.0586366666666666,6.9,18.0,3.3618316783574302,92.34946629686614,0.3237542919443535,0.2636865078570336,-0.0600677840873198,0.0600677840873198,6.723463276341766,11.86802551155998,5.144562235218213,5.144562235218213,2.2419690223348,2.7719647735757627,0.5299957512409628,0.5299957512409628,592.1126040507456,625.5614942528736,33.44889020212793,33.44889020212793,0.362656014520309,0.3332258746454959,-0.029430139874813,0.029430139874813,0.2678747838496824,0.1688618357303399,-0.0990129481193425,0.0990129481193425,0.0929587726977534,0.0494158020227599,-0.0435429706749935,0.0435429706749935,4.294581852097624,4.632001828479278,0.3374199763816534,0.3374199763816534,13.442510572000884,12.88812260536398,-0.554387966636904,0.554387966636904,19.799445804584906,37.795498084291175,17.99605227970627,17.99605227970627,33.70830558646783,64.34408812260534,30.635782536137512,30.635782536137512,1.713310364181826,1.6986412128113502,-0.0146691513704757,0.0146691513704757,0.0,1.0,0.0,0.0267637227059603,0.0288746129175135,retrain,3.29971694946289,0.0,0.0,True,3.048233985900879,3.089041233062744,3.043553590774536,adapt,3.048233985900879,0.0021108902115531993,0.0046803951263427734,retrain,3.043553590774536
patchtst_small,WCE,MED,0.0028045177459716,-0.0011935234069824,0.0893883809280714,0.0789246502486998,0.7927943333333463,0.0166090448798907,0.4280750000000002,17.721074886875,0.13664,0.5999999999999996,5.300000000000001,4.580067926506824,10.322635159608035,0.3237542919443535,0.1861451202091436,-0.1376091717352099,0.1376091717352099,6.723463276341766,9.53591246713893,2.812449190797164,2.812449190797164,2.2419690223348,3.542390644885146,1.300421622550346,1.300421622550346,592.1126040507456,735.0091463414634,142.89654229071778,142.89654229071778,0.362656014520309,0.4203848180768059,0.0577288035564969,0.0577288035564969,0.2678747838496824,0.3160164627808042,0.0481416789311218,0.0481416789311218,0.0929587726977534,0.0875235951849466,-0.0054351775128068,0.0054351775128068,4.294581852097624,8.405440814641642,4.110858962544017,4.110858962544017,13.442510572000884,28.08231707317072,14.639806501169836,14.639806501169836,19.799445804584906,30.50050304878048,10.701057244195574,10.701057244195574,33.70830558646783,54.294249999999984,20.585944413532157,20.585944413532157,1.713310364181826,1.7647267297942557,0.0514163656124297,0.0514163656124297,0.0,1.0,0.0,0.0324179614861225,-0.0202855985086007,adapt,1.7118334770202637,0.0,0.0,True,1.7448793649673462,1.7477092742919922,1.7459125518798828,adapt,1.7448793649673462,-0.052703559994723204,-0.001033186912536621,adapt,1.7448793649673462
patchtst_small,WCE,NCA,0.0187859535217285,0.0225963592529296,0.3579202238961932,0.2387278431099952,1.2955813333333333,0.0432128866080683,1.1503380000000003,2.3284080386226726,0.2190866666666666,6.0,0.5,4.401611401113482,120.48428220340084,0.3237542919443535,0.1028719844975235,-0.22088230744683,0.22088230744683,6.723463276341766,10.49152713485848,3.7680638585167134,3.7680638585167134,2.2419690223348,4.969572135421824,2.7276031130870244,2.7276031130870244,592.1126040507456,618.7291666666666,26.616562615921,26.616562615921,0.362656014520309,0.5612455220231938,0.1985895075028848,0.1985895075028848,0.2678747838496824,0.2626767940245775,-0.0051979898251048,0.0051979898251048,0.0929587726977534,0.0995697692237094,0.0066109965259559,0.0066109965259559,4.294581852097624,15.03081858212739,10.736236730029766,10.736236730029766,13.442510572000884,56.083333333333314,42.64082276133243,42.64082276133243,19.799445804584906,34.16208333333332,14.362637528748415,14.362637528748415,33.70830558646783,58.53818749999997,24.82988191353214,24.82988191353214,1.713310364181826,1.7067006980768993,-0.0066096661049266,0.0066096661049266,0.0,1.0,0.0,0.0284072299426641,0.0517228857499403,retrain,1.0825204849243164,0.0,0.0,True,0.974211573600769,0.9937233328819276,0.969182550907135,adapt,0.974211573600769,0.023315655807276202,0.005029022693634033,retrain,0.969182550907135
patchtst_small,WCE,NEU,0.014268159866333,0.027040958404541,0.004688979841334,0.0048169406261648,0.1300246666666656,0.0016143069824017,0.1065466666666665,0.6292753152888864,0.0197299999999999,0.3000000000000007,0.3999999999999986,1.7450830251376692,8.370414778311103,0.3237542919443535,0.3421046353629576,0.018350343418604,0.018350343418604,6.723463276341766,6.448870032886587,-0.274593243455179,0.274593243455179,2.2419690223348,2.1155132948043303,-0.1264557275304696,0.1264557275304696,592.1126040507456,645.8289596602972,53.71635560955156,53.71635560955156,0.362656014520309,0.3633768003955634,0.0007207858752544,0.0007207858752544,0.2678747838496824,0.2805553338745088,0.0126805500248264,0.0126805500248264,0.0929587726977534,0.0995128420832286,0.0065540693854751,0.0065540693854751,4.294581852097624,4.159081780752651,-0.1355000713449738,0.1355000713449738,13.442510572000884,13.465817409766448,0.0233068377655634,0.0233068377655634,19.799445804584906,18.62093630573248,-1.1785094988524245,1.1785094988524245,33.70830558646783,30.73014692144373,-2.9781586650241003,2.9781586650241003,1.713310364181826,1.6639993521933627,-0.0493110119884632,0.0493110119884632,0.0,1.0,0.0,0.0243323581354598,0.0511634842524196,retrain,2.143090009689331,0.0,0.0,True,2.3478407859802246,2.361020088195801,2.339433431625366,adapt,2.3478407859802246,0.0268311261169598,0.008407354354858398,retrain,2.339433431625366
patchtst_small,WCE,NWN,0.0349829196929931,0.0837986469268798,0.0179648586833318,0.0179947067075612,0.630561000000001,0.0009437131754188,0.3490463333333329,30.705394852931008,0.0434366666666666,2.6,11.9,3.05329518084622,144.0016477034404,0.3237542919443535,0.2785900849393239,-0.0451642070050296,0.0451642070050296,6.723463276341766,7.260695173095203,0.5372318967534371,0.5372318967534371,2.2419690223348,2.6677455388637004,0.4257765165289005,0.4257765165289005,592.1126040507456,938.5775956284152,346.4649915776696,346.4649915776696,0.362656014520309,0.4608008032662643,0.0981447887459553,0.0981447887459553,0.2678747838496824,0.2662126818999085,-0.0016621019497738,0.0016621019497738,0.0929587726977534,0.1568075500848776,0.0638487773871241,0.0638487773871241,4.294581852097624,5.861973518724925,1.567391666627301,1.567391666627301,13.442510572000884,19.06967213114753,5.627161559146646,5.627161559146646,19.799445804584906,22.29953551912568,2.500089714540774,2.500089714540774,33.70830558646783,37.55597267759563,3.847667091127804,3.847667091127804,1.713310364181826,1.6943305976016485,-0.0189797665801774,0.0189797665801774,0.0,1.0,0.0,0.0257455558112047,0.0397173369408119,retrain,2.406428337097168,0.0,0.0,True,2.436382293701172,2.4739527702331543,2.37490463256836,adapt,2.436382293701172,0.013971781129607199,0.061477661132812056,retrain,2.37490463256836
patchtst_small,WCE,SAU,-0.0031943321228027,0.0146288871765136,0.0454004759251397,0.043238860610518,0.5577106666666679,0.0060440145127342,0.4775380000000002,1.9777556247560035,0.0974633333333333,1.4000000000000004,0.7000000000000028,2.1098114704192703,153.18087546489804,0.3237542919443535,0.2251135958726356,-0.0986406960717179,0.0986406960717179,6.723463276341766,7.577741041097264,0.8542777647554978,0.8542777647554978,2.2419690223348,3.160801830704409,0.9188328083696092,0.9188328083696092,592.1126040507456,477.93219373219375,-114.18041031855188,114.18041031855188,0.362656014520309,0.3646288409592436,0.0019728264389345,0.0019728264389345,0.2678747838496824,0.2589121709437478,-0.0089626129059345,0.0089626129059345,0.0929587726977534,0.106673368514571,0.0137145958168175,0.0137145958168175,4.294581852097624,6.636155047751923,2.3415731956542984,2.3415731956542984,13.442510572000884,20.68717948717948,7.244668915178597,7.244668915178597,19.799445804584906,23.68501424501424,3.885568440429335,3.885568440429335,33.70830558646783,44.18354985754985,10.47524427108202,10.47524427108202,1.713310364181826,1.870246544887621,0.1569361807057951,0.1569361807057951,0.0,1.0,0.0,0.0275435162467986,0.0514805889230543,retrain,2.093613386154175,0.0,0.0,True,1.68775737285614,1.6926519870758057,1.6734929084777832,adapt,1.68775737285614,0.0239370726762557,0.014264464378356712,retrain,1.6734929084777832
patchtst_small,WCE,WNA,0.0114508867263796,0.038928151130676,0.2854199338119119,0.1895615450914866,0.4197073333333337,0.002103811274289,0.0124793333333332,11.863394785284,0.0487566666666666,1.0999999999999996,5.600000000000001,4.672393146533508,125.2403999273524,0.3237542919443535,0.2731899847020255,-0.050564307242328,0.050564307242328,6.723463276341766,7.961223747682733,1.237760471340967,1.237760471340967,2.2419690223348,2.7543234792434683,0.5123544569086684,0.5123544569086684,592.1126040507456,934.4202051282052,342.3076010774596,342.3076010774596,0.362656014520309,0.429573714296412,0.066917699776103,0.066917699776103,0.2678747838496824,0.2938980646746185,0.0260232808249361,0.0260232808249361,0.0929587726977534,0.1470825091117854,0.0541237364140319,0.0541237364140319,4.294581852097624,6.78196426151767,2.4873824094200456,2.4873824094200456,13.442510572000884,23.09020512820512,9.647694556204236,9.647694556204236,19.799445804584906,23.724938461538457,3.9254926569535513,3.9254926569535513,33.70830558646783,39.250704615384606,5.542399028916776,5.542399028916776,1.713310364181826,1.6554989468068897,-0.0578114173749362,0.0578114173749362,0.0,1.0,0.0,0.0276985379111906,0.0506647622211058,retrain,1.874338269233704,0.0,0.0,True,2.092052936553955,2.1080307960510254,2.0634307861328125,adapt,2.092052936553955,0.0229662243099152,0.028622150421142578,retrain,2.0634307861328125
patchtst_small,WNA,CNA,0.0396490097045898,0.0535035133361816,0.1322158104542097,0.0954135315000274,0.6887813333333355,0.0065039410474707,0.1224266666666666,20.61842458609778,0.0969266666666666,0.8000000000000007,7.600000000000001,4.955349578696576,17.049387248412483,0.2731899847020255,0.1769941429813634,-0.096195841720662,0.096195841720662,7.961223747682733,11.7045993843284,3.743375636645667,3.743375636645667,2.7543234792434683,3.537563069226391,0.7832395899829225,0.7832395899829225,934.4202051282052,712.5566210045662,-221.86358412363904,221.86358412363904,0.429573714296412,0.4114839791493083,-0.0180897351471037,0.0180897351471037,0.2938980646746185,0.1885324106286633,-0.1053656540459551,0.1053656540459551,0.1470825091117854,0.0706025047024773,-0.076480004409308,0.076480004409308,6.78196426151767,7.2567876750221885,0.4748234135045184,0.4748234135045184,23.09020512820512,22.21187214611871,-0.878332982086409,0.878332982086409,23.724938461538457,38.09081050228309,14.365872040744634,14.365872040744634,39.250704615384606,65.53934703196344,26.28864241657884,26.28864241657884,1.6554989468068897,1.722797391119089,0.0672984443121993,0.0672984443121993,0.0,1.0,0.0,0.0250115613196118,0.0468568307473839,retrain,2.076446771621704,0.0,0.0,True,2.24539566040039,2.2910757064819336,2.229208707809448,adapt,2.24539566040039,0.0218452694277721,0.016186952590942383,retrain,2.229208707809448
patchtst_small,WNA,EAS,0.0016841888427734,-0.0184564590454101,0.1750483202778628,0.1952729147520343,3.720244666666666,0.0033498349054854,3.6566766666666655,349.59325373798004,0.0117099999999999,22.8,65.0,23.29106588149178,232.31901396258823,0.2731899847020255,0.2619645284658203,-0.0112254562362051,0.0112254562362051,7.961223747682733,22.32134072090326,14.360116973220528,14.360116973220528,2.7543234792434683,3.243094697249479,0.4887712180060108,0.4887712180060108,934.4202051282052,3905.359090909091,2970.9388857808854,2970.9388857808854,0.429573714296412,0.5445014743036944,0.1149277600072824,0.1149277600072824,0.2938980646746185,0.3575663621177918,0.0636682974431733,0.0636682974431733,0.1470825091117854,0.1647095879545876,0.0176270788428022,0.0176270788428022,6.78196426151767,5.973304597322264,-0.8086596641954058,0.8086596641954058,23.09020512820512,19.794090909090905,-3.296114219114216,3.296114219114216,23.724938461538457,81.67781818181815,57.9528797202797,57.9528797202797,39.250704615384606,152.75432727272724,113.50362265734265,113.50362265734265,1.6554989468068897,1.867813398543564,0.2123144517366744,0.2123144517366744,0.0,1.0,0.0,0.04733464241012,0.1870036134406739,retrain,6.070199966430664,0.0201406478881835,0.0033290000688845,False,6.368121147155762,6.3697285652160645,6.36970329284668,adapt,6.368121147155762,0.1396689710305539,-0.0015821456909179688,adapt,6.368121147155762
patchtst_small,WNA,EAU,0.0072534084320072,-0.0011546611785888,0.1637512076572204,0.1708235023358533,0.6012993333333326,0.0040391037585127,0.130762666666667,28.76751925501865,0.0677066666666666,1.5,8.5,2.2985796845226703,274.3909442611336,0.2731899847020255,0.2062810595178484,-0.0669089251841771,0.0669089251841771,7.961223747682733,11.241205060945532,3.279981313262799,3.279981313262799,2.7543234792434683,3.3685489949547898,0.6142255157113214,0.6142255157113214,934.4202051282052,834.2655601659751,-100.15464496223012,100.15464496223012,0.429573714296412,0.4070551376247937,-0.0225185766716183,0.0225185766716183,0.2938980646746185,0.2822674911951668,-0.0116305734794516,0.0116305734794516,0.1470825091117854,0.1358043125815428,-0.0112781965302425,0.0112781965302425,6.78196426151767,7.157240483743252,0.3752762222255823,0.3752762222255823,23.09020512820512,21.85435684647302,-1.2358482817320997,1.2358482817320997,23.724938461538457,37.27962655601658,13.554688094478124,13.554688094478124,39.250704615384606,65.89961825726138,26.64891364187677,26.64891364187677,1.6554989468068897,1.7478079051967732,0.0923089583898835,0.0923089583898835,0.0,1.0,0.0,0.025852157087091,0.0493633356031462,retrain,3.168861150741577,0.0084080696105961,0.0026604000738993,False,2.404250383377075,2.413087844848633,2.403032064437866,adapt,2.404250383377075,0.0235111785160552,0.0012183189392089844,retrain,2.403032064437866
patchtst_small,WNA,ENA,0.0771703720092777,0.0828802585601815,0.1382535252089499,0.1365913250618108,0.965987666666668,0.0014495350558483,0.8852229999999999,40.732545023455,0.00988,5.800000000000001,12.4,5.0988910823768325,33.44857135742529,0.2731899847020255,0.2636865078570336,-0.0095034768449918,0.0095034768449918,7.961223747682733,11.86802551155998,3.906801763877247,3.906801763877247,2.7543234792434683,2.7719647735757627,0.0176412943322943,0.0176412943322943,934.4202051282052,625.5614942528736,-308.85871087533167,308.85871087533167,0.429573714296412,0.3332258746454959,-0.096347839650916,0.096347839650916,0.2938980646746185,0.1688618357303399,-0.1250362289442786,0.1250362289442786,0.1470825091117854,0.0494158020227599,-0.0976667070890254,0.0976667070890254,6.78196426151767,4.632001828479278,-2.149962433038392,2.149962433038392,23.09020512820512,12.88812260536398,-10.20208252284114,10.20208252284114,23.724938461538457,37.795498084291175,14.070559622752718,14.070559622752718,39.250704615384606,64.34408812260534,25.093383507220736,25.093383507220736,1.6554989468068897,1.6986412128113502,0.0431422660044604,0.0431422660044604,0.0,1.0,0.0,0.0242541872514505,0.0261688209097116,retrain,3.29971694946289,0.0,0.0,True,3.0485072135925293,3.1174468994140625,3.043553590774536,adapt,3.0485072135925293,0.0019146336582611008,0.004953622817993164,retrain,3.043553590774536
patchtst_small,WNA,MED,0.0028034448623657,-0.0124799013137817,0.1700821440182764,0.1783485102701103,0.519315666666679,0.0061155463604496,0.4405543333333335,5.857680101591001,0.0878833333333333,1.6999999999999993,0.3000000000000007,2.41521312176924,122.1791754254358,0.2731899847020255,0.1861451202091436,-0.0870448644928819,0.0870448644928819,7.961223747682733,9.53591246713893,1.574688719456197,1.574688719456197,2.7543234792434683,3.542390644885146,0.7880671656416776,0.7880671656416776,934.4202051282052,735.0091463414634,-199.41105878674185,199.41105878674185,0.429573714296412,0.4203848180768059,-0.0091888962196061,0.0091888962196061,0.2938980646746185,0.3160164627808042,0.0221183981061857,0.0221183981061857,0.1470825091117854,0.0875235951849466,-0.0595589139268387,0.0595589139268387,6.78196426151767,8.405440814641642,1.6234765531239717,1.6234765531239717,23.09020512820512,28.08231707317072,4.9921119449656,4.9921119449656,23.724938461538457,30.50050304878048,6.775564587242023,6.775564587242023,39.250704615384606,54.294249999999984,15.043545384615378,15.043545384615378,1.6554989468068897,1.7647267297942557,0.109227782987366,0.109227782987366,0.0,1.0,0.0,0.0011088813221095,-0.0349833547091694,adapt,1.7005481719970703,0.0,0.0,True,1.7391947507858276,1.7415510416030884,1.7459125518798828,adapt,1.7391947507858276,-0.036092236031278896,-0.006717801094055176,adapt,1.7391947507858276
patchtst_small,WNA,NCA,0.0119713544845581,0.0208022594451904,0.1700005540521379,0.1114378890026565,1.1762033333333328,0.0220584325871986,1.1628173333333336,9.534986746661328,0.17033,7.1,5.100000000000001,5.762711567736889,11.95513233006116,0.2731899847020255,0.1028719844975235,-0.170318000204502,0.170318000204502,7.961223747682733,10.49152713485848,2.5303033871757465,2.5303033871757465,2.7543234792434683,4.969572135421824,2.215248656178356,2.215248656178356,934.4202051282052,618.7291666666666,-315.6910384615386,315.6910384615386,0.429573714296412,0.5612455220231938,0.1316718077267817,0.1316718077267817,0.2938980646746185,0.2626767940245775,-0.0312212706500409,0.0312212706500409,0.1470825091117854,0.0995697692237094,-0.0475127398880759,0.0475127398880759,6.78196426151767,15.03081858212739,8.24885432060972,8.24885432060972,23.09020512820512,56.083333333333314,32.993128205128194,32.993128205128194,23.724938461538457,34.16208333333332,10.437144871794864,10.437144871794864,39.250704615384606,58.53818749999997,19.287482884615365,19.287482884615365,1.6554989468068897,1.7067006980768993,0.0512017512700095,0.0512017512700095,0.0,1.0,0.0,0.0272102157716248,0.0514278919901758,retrain,1.0825204849243164,0.0,0.0,True,0.9760269522666932,0.9859741926193236,0.969182550907135,adapt,0.9760269522666932,0.024217676218550997,0.0068444013595582165,retrain,0.969182550907135
patchtst_small,WNA,NEU,0.0099029541015625,0.0193519592285156,0.226160595311277,0.3612235093684073,0.4950826666666661,0.0031632057640373,0.0940673333333332,12.492670100572887,0.0684866666666666,0.7999999999999989,6.0,4.352830920224582,127.06894947565732,0.2731899847020255,0.3421046353629576,0.0689146506609321,0.0689146506609321,7.961223747682733,6.448870032886587,-1.512353714796146,1.512353714796146,2.7543234792434683,2.1155132948043303,-0.6388101844391381,0.6388101844391381,934.4202051282052,645.8289596602972,-288.59124546790804,288.59124546790804,0.429573714296412,0.3633768003955634,-0.0661969139008485,0.0661969139008485,0.2938980646746185,0.2805553338745088,-0.0133427308001096,0.0133427308001096,0.1470825091117854,0.0995128420832286,-0.0475696670285567,0.0475696670285567,6.78196426151767,4.159081780752651,-2.6228824807650195,2.6228824807650195,23.09020512820512,13.465817409766448,-9.624387718438673,9.624387718438673,23.724938461538457,18.62093630573248,-5.104002155805976,5.104002155805976,39.250704615384606,30.73014692144373,-8.520557693940876,8.520557693940876,1.6554989468068897,1.6639993521933627,0.008500405386473,0.008500405386473,0.0,1.0,0.0,0.0211411506776161,0.0499395268792457,retrain,2.143090009689331,0.0,0.0,True,2.350696325302124,2.361377954483032,2.339433431625366,adapt,2.350696325302124,0.028798376201629602,0.011262893676757812,retrain,2.339433431625366
patchtst_small,WNA,NWN,0.0030336380004878,0.0156037807464599,0.1286080795672765,0.1876266341437067,0.4181583333333339,0.0003390018143138,0.3365669999999996,18.842000067647007,0.0053199999999999,1.5,6.299999999999997,4.228118597879599,24.772908795692988,0.2731899847020255,0.2785900849393239,0.0054001002372984,0.0054001002372984,7.961223747682733,7.260695173095203,-0.7005285745875298,0.7005285745875298,2.7543234792434683,2.6677455388637004,-0.0865779403797679,0.0865779403797679,934.4202051282052,938.5775956284152,4.157390500209999,4.157390500209999,0.429573714296412,0.4608008032662643,0.0312270889698523,0.0312270889698523,0.2938980646746185,0.2662126818999085,-0.02768538277471,0.02768538277471,0.1470825091117854,0.1568075500848776,0.0097250409730922,0.0097250409730922,6.78196426151767,5.861973518724925,-0.919990742792745,0.919990742792745,23.09020512820512,19.06967213114753,-4.02053299705759,4.02053299705759,23.724938461538457,22.29953551912568,-1.4254029424127772,1.4254029424127772,39.250704615384606,37.55597267759563,-1.694731937788973,1.694731937788973,1.6554989468068897,1.6943305976016485,0.0388316507947588,0.0388316507947588,0.0,1.0,0.0,0.0185543795480891,-0.0342686306855009,adapt,2.41899847984314,0.0125701427459721,0.0052235682867395,False,2.3933780193328857,2.398782253265381,2.37490463256836,adapt,2.3933780193328857,-0.05282301023359,0.018473386764525923,retrain,2.37490463256836
patchtst_small,WNA,SAU,0.0031490325927734,0.006298542022705,0.1981207360911411,0.3053528705494534,0.5119079999999995,0.0018625305511683,0.4900173333333335,9.885639160527996,0.0487066666666666,2.5,4.899999999999999,4.537337495811759,263.3615337797457,0.2731899847020255,0.2251135958726356,-0.0480763888293898,0.0480763888293898,7.961223747682733,7.577741041097264,-0.3834827065854691,0.3834827065854691,2.7543234792434683,3.160801830704409,0.4064783514609407,0.4064783514609407,934.4202051282052,477.93219373219375,-456.4880113960115,456.4880113960115,0.429573714296412,0.3646288409592436,-0.0649448733371684,0.0649448733371684,0.2938980646746185,0.2589121709437478,-0.0349858937308706,0.0349858937308706,0.1470825091117854,0.106673368514571,-0.0404091405972143,0.0404091405972143,6.78196426151767,6.636155047751923,-0.1458092137657471,0.1458092137657471,23.09020512820512,20.68717948717948,-2.403025641025639,2.403025641025639,23.724938461538457,23.68501424501424,-0.0399242165242164,0.0399242165242164,39.250704615384606,44.18354985754985,4.932845242165243,4.932845242165243,1.6554989468068897,1.870246544887621,0.2147475980807314,0.2147475980807314,0.0,1.0,0.0,0.0248725686769384,0.0496486629780139,retrain,2.093613386154175,0.0,0.0,True,1.6773053407669067,1.6815717220306396,1.6734929084777832,adapt,1.6773053407669067,0.024776094301075503,0.003812432289123535,retrain,1.6734929084777832
patchtst_small,WNA,WCE,0.0103249549865718,0.016770601272583,0.1895615450914866,0.2854199338119119,0.4197073333333337,0.0017932946565111,0.0124793333333332,11.863394785284,0.0487566666666666,1.0999999999999996,5.600000000000001,4.672393146533508,125.2403999273524,0.2731899847020255,0.3237542919443535,0.050564307242328,0.050564307242328,7.961223747682733,6.723463276341766,-1.237760471340967,1.237760471340967,2.7543234792434683,2.2419690223348,-0.5123544569086684,0.5123544569086684,934.4202051282052,592.1126040507456,-342.3076010774596,342.3076010774596,0.429573714296412,0.362656014520309,-0.066917699776103,0.066917699776103,0.2938980646746185,0.2678747838496824,-0.0260232808249361,0.0260232808249361,0.1470825091117854,0.0929587726977534,-0.0541237364140319,0.0541237364140319,6.78196426151767,4.294581852097624,-2.4873824094200456,2.4873824094200456,23.09020512820512,13.442510572000884,-9.647694556204236,9.647694556204236,23.724938461538457,19.799445804584906,-3.9254926569535513,3.9254926569535513,39.250704615384606,33.70830558646783,-5.542399028916776,5.542399028916776,1.6554989468068897,1.713310364181826,0.0578114173749362,0.0578114173749362,0.0,1.0,0.0,0.0213727367420276,0.0518116667056895,retrain,2.0280632972717285,0.0,0.0,True,2.253271102905273,2.262179374694824,2.2469515800476074,adapt,2.253271102905273,0.0304389299636619,0.0063195228576655715,retrain,2.2469515800476074
spatial_knn_ridge,CNA,EAS,-0.0589321613311772,-0.0216904336755927,0.0971609620504097,0.0895437202433365,3.77910333333333,0.0093099883973224,3.779103333333332,328.97482915188226,0.0852166666666666,22.0,57.4,20.05107734207234,215.4384963339484,0.1769941429813634,0.2619645284658203,0.0849703854844569,0.0849703854844569,11.7045993843284,22.32134072090326,10.616741336574862,10.616741336574862,3.537563069226391,3.243094697249479,-0.2944683719769116,0.2944683719769116,712.5566210045662,3905.359090909091,3192.8024699045245,3192.8024699045245,0.4114839791493083,0.5445014743036944,0.1330174951543861,0.1330174951543861,0.1885324106286633,0.3575663621177918,0.1690339514891285,0.1690339514891285,0.0706025047024773,0.1647095879545876,0.0941070832521103,0.0941070832521103,7.2567876750221885,5.973304597322264,-1.2834830776999242,1.2834830776999242,22.21187214611871,19.794090909090905,-2.417781237027807,2.417781237027807,38.09081050228309,81.67781818181815,43.58700767953506,43.58700767953506,65.53934703196344,152.75432727272724,87.2149802407638,87.2149802407638,1.722797391119089,1.867813398543564,0.145016007424475,0.145016007424475,0.0,0.0,1.0,0.0472460961758986,0.2176273388765628,retrain,6.008860295469111,0.0216904336755927,0.0036228191576804,False,6.5299189415845005,6.460856788808649,6.499321603775025,adapt,6.5299189415845005,0.17038124270066418,0.03059733780947571,deploy,6.460856788808649
spatial_knn_ridge,CNA,EAU,-0.0064536471584522,-0.0087881909366465,0.0379621567819372,0.0761158539867689,0.2531913333333306,0.0007974552014509,0.2531893333333337,8.149094668920874,0.0292199999999999,0.6999999999999993,0.8999999999999986,4.911264224874982,257.372756195551,0.1769941429813634,0.2062810595178484,0.0292869165364849,0.0292869165364849,11.7045993843284,11.241205060945532,-0.4633943233828681,0.4633943233828681,3.537563069226391,3.3685489949547898,-0.1690140742716011,0.1690140742716011,712.5566210045662,834.2655601659751,121.70893916140892,121.70893916140892,0.4114839791493083,0.4070551376247937,-0.0044288415245146,0.0044288415245146,0.1885324106286633,0.2822674911951668,0.0937350805665035,0.0937350805665035,0.0706025047024773,0.1358043125815428,0.0652018078790655,0.0652018078790655,7.2567876750221885,7.157240483743252,-0.099547191278936,0.099547191278936,22.21187214611871,21.85435684647302,-0.3575152996456907,0.3575152996456907,38.09081050228309,37.27962655601658,-0.8111839462665102,0.8111839462665102,65.53934703196344,65.89961825726138,0.3602712252979358,0.3602712252979358,1.722797391119089,1.7478079051967732,0.0250105140776841,0.0250105140776841,0.0,0.0,1.0,0.0249352659841947,0.0506666913866019,retrain,3.3476790902030915,0.0087881909366465,0.0026320689120382,False,2.624820133957131,2.613943063371904,2.633165822978831,adapt,2.624820133957131,0.025731425402407204,-0.008345689021699965,deploy,2.613943063371904
spatial_knn_ridge,CNA,ENA,-0.0952042185940511,-0.0851072621071478,0.0334082620266965,0.0364817955864977,1.0076643333333328,0.0090104074135062,1.0076496666666666,20.114120437357226,0.0870466666666666,5.0,4.799999999999997,3.6336247778337984,16.632134644836842,0.1769941429813634,0.2636865078570336,0.0866923648756702,0.0866923648756702,11.7045993843284,11.86802551155998,0.1634261272315793,0.1634261272315793,3.537563069226391,2.7719647735757627,-0.7655982956506282,0.7655982956506282,712.5566210045662,625.5614942528736,-86.99512675169262,86.99512675169262,0.4114839791493083,0.3332258746454959,-0.0782581045038123,0.0782581045038123,0.1885324106286633,0.1688618357303399,-0.0196705748983234,0.0196705748983234,0.0706025047024773,0.0494158020227599,-0.0211867026797173,0.0211867026797173,7.2567876750221885,4.632001828479278,-2.6247858465429106,2.6247858465429106,22.21187214611871,12.88812260536398,-9.323749540754733,9.323749540754733,38.09081050228309,37.795498084291175,-0.2953124179919157,0.2953124179919157,65.53934703196344,64.34408812260534,-1.1952589093581023,1.1952589093581023,1.722797391119089,1.6986412128113502,-0.0241561783077388,0.0241561783077388,0.0,0.0,1.0,0.0232732819882769,-0.0347064673122114,adapt,3.510765480584112,0.0952042185940511,0.0278736673979552,False,3.3186913237717874,3.217380001398795,3.3073838761939856,adapt,3.3186913237717874,-0.0579797493004883,0.011307447577801888,deploy,3.217380001398795
spatial_knn_ridge,CNA,MED,0.003116110657773,0.021045693900527,0.0309612292765704,0.0760398456920254,0.3779263333333431,0.0003019042878396,0.3181276666666668,14.76074448450678,0.0090433333333333,2.5,7.900000000000002,4.496722296328454,105.49791444936236,0.1769941429813634,0.1861451202091436,0.0091509772277801,0.0091509772277801,11.7045993843284,9.53591246713893,-2.1686869171894703,2.1686869171894703,3.537563069226391,3.542390644885146,0.004827575658755,0.004827575658755,712.5566210045662,735.0091463414634,22.452525336897224,22.452525336897224,0.4114839791493083,0.4203848180768059,0.0089008389274976,0.0089008389274976,0.1885324106286633,0.3160164627808042,0.1274840521521409,0.1274840521521409,0.0706025047024773,0.0875235951849466,0.0169210904824693,0.0169210904824693,7.2567876750221885,8.405440814641642,1.1486531396194533,1.1486531396194533,22.21187214611871,28.08231707317072,5.870444927052009,5.870444927052009,38.09081050228309,30.50050304878048,-7.590307453502611,7.590307453502611,65.53934703196344,54.294249999999984,-11.24509703196346,11.24509703196346,1.722797391119089,1.7647267297942557,0.0419293386751666,0.0419293386751666,0.0,0.0,1.0,-0.0013926163636882,-0.0475811865656313,deploy,1.850031505634145,0.021045693900527,0.0115067562391742,False,1.9337468854174384,1.9342780127757933,1.9147385309745624,deploy,1.9342780127757933,-0.0475811865656313,0.019539481801230885,retrain,1.9147385309745624
spatial_knn_ridge,CNA,NCA,0.1055242727614111,0.1138897823790707,0.0395424399890317,0.0335876249909874,1.041053999999999,0.0048546603767587,1.040390666666667,30.15341133275911,0.0734033333333333,7.9,12.700000000000005,4.460699954893447,12.762112366273143,0.1769941429813634,0.1028719844975235,-0.0741221584838399,0.0741221584838399,11.7045993843284,10.49152713485848,-1.2130722494699206,1.2130722494699206,3.537563069226391,4.969572135421824,1.4320090661954334,1.4320090661954334,712.5566210045662,618.7291666666666,-93.82745433789955,93.82745433789955,0.4114839791493083,0.5612455220231938,0.1497615428738855,0.1497615428738855,0.1885324106286633,0.2626767940245775,0.0741443833959142,0.0741443833959142,0.0706025047024773,0.0995697692237094,0.0289672645212321,0.0289672645212321,7.2567876750221885,15.03081858212739,7.774030907105201,7.774030907105201,22.21187214611871,56.083333333333314,33.87146118721461,33.87146118721461,38.09081050228309,34.16208333333332,-3.92872716894977,3.92872716894977,65.53934703196344,58.53818749999997,-7.001159531963474,7.001159531963474,1.722797391119089,1.7067006980768993,-0.0160966930421897,0.0160966930421897,0.0,0.0,1.0,0.026059559536225,0.0505916668485708,retrain,1.1637571102215185,0.0,0.0,True,1.124915308629473,1.229924715641472,1.1164610642525885,adapt,1.124915308629473,0.024532107312345796,0.008454244376884468,retrain,1.1164610642525885
spatial_knn_ridge,CNA,NEU,-0.0609116731882095,-0.0621394971609117,0.1738147864446911,0.2502726223931507,1.159181333333335,0.0256981012421066,0.2164939999999999,33.11109468667067,0.1654133333333333,1.5999999999999996,13.6,3.040038548015044,111.12624456065464,0.1769941429813634,0.3421046353629576,0.1651104923815942,0.1651104923815942,11.7045993843284,6.448870032886587,-5.255729351441813,5.255729351441813,3.537563069226391,2.1155132948043303,-1.4220497744220606,1.4220497744220606,712.5566210045662,645.8289596602972,-66.727661344269,66.727661344269,0.4114839791493083,0.3633768003955634,-0.0481071787537448,0.0481071787537448,0.1885324106286633,0.2805553338745088,0.0920229232458455,0.0920229232458455,0.0706025047024773,0.0995128420832286,0.0289103373807513,0.0289103373807513,7.2567876750221885,4.159081780752651,-3.097705894269538,3.097705894269538,22.21187214611871,13.465817409766448,-8.746054736352264,8.746054736352264,38.09081050228309,18.62093630573248,-19.46987419655061,19.46987419655061,65.53934703196344,30.73014692144373,-34.80920011051971,34.80920011051971,1.722797391119089,1.6639993521933627,-0.0587980389257263,0.0587980389257263,0.0,0.0,1.0,0.0210305869789411,0.0503812308600021,retrain,2.3075413031578065,0.0621394971609117,0.0276741102616703,False,2.465188248872757,2.408240775346756,2.46648766708374,adapt,2.465188248872757,0.029350643881061005,-0.0012994182109831165,deploy,2.408240775346756
spatial_knn_ridge,CNA,NWN,-0.0064660838392911,0.0679773427749594,0.0747677822866292,0.1094109884519611,0.5199483333333345,0.0097102724947912,0.4589936666666663,1.7764245184507743,0.1022466666666666,0.6999999999999993,1.3000000000000045,3.5708264789205124,40.562142814563344,0.1769941429813634,0.2785900849393239,0.1015959419579605,0.1015959419579605,11.7045993843284,7.260695173095203,-4.443904211233197,4.443904211233197,3.537563069226391,2.6677455388637004,-0.8698175303626905,0.8698175303626905,712.5566210045662,938.5775956284152,226.02097462384904,226.02097462384904,0.4114839791493083,0.4608008032662643,0.049316824116956,0.049316824116956,0.1885324106286633,0.2662126818999085,0.0776802712712451,0.0776802712712451,0.0706025047024773,0.1568075500848776,0.0862050453824003,0.0862050453824003,7.2567876750221885,5.861973518724925,-1.3948141562972634,1.3948141562972634,22.21187214611871,19.06967213114753,-3.1422000149711806,3.1422000149711806,38.09081050228309,22.29953551912568,-15.791274983157413,15.791274983157413,65.53934703196344,37.55597267759563,-27.98337435436781,27.98337435436781,1.722797391119089,1.6943305976016485,-0.0284667935174405,0.0284667935174405,0.0,0.0,1.0,0.0192814677478512,0.0423472869002126,retrain,2.5238332272878763,0.0,0.0,True,2.587665040636323,2.582685690108544,2.508383575032969,adapt,2.587665040636323,0.023065819152361396,0.07928146560335403,retrain,2.508383575032969
spatial_knn_ridge,CNA,SAU,-0.0211036212084296,-0.0165057486278716,0.0809107646366135,0.1894942544182992,0.667710000000001,0.0036113750945154,0.3675906666666668,30.50406374662578,0.04822,3.3000000000000007,12.5,2.2465145581162864,246.39227192623088,0.1769941429813634,0.2251135958726356,0.0481194528912722,0.0481194528912722,11.7045993843284,7.577741041097264,-4.126858343231136,4.126858343231136,3.537563069226391,3.160801830704409,-0.3767612385219818,0.3767612385219818,712.5566210045662,477.93219373219375,-234.62442727237243,234.62442727237243,0.4114839791493083,0.3646288409592436,-0.0468551381900647,0.0468551381900647,0.1885324106286633,0.2589121709437478,0.0703797603150845,0.0703797603150845,0.0706025047024773,0.106673368514571,0.0360708638120937,0.0360708638120937,7.2567876750221885,6.636155047751923,-0.6206326272702656,0.6206326272702656,22.21187214611871,20.68717948717948,-1.5246926589392302,1.5246926589392302,38.09081050228309,23.68501424501424,-14.40579625726885,14.40579625726885,65.53934703196344,44.18354985754985,-21.355797174413595,21.355797174413595,1.722797391119089,1.870246544887621,0.147449153768532,0.147449153768532,0.0,0.0,1.0,0.0235957068178891,0.0491276144668994,retrain,2.233030377629816,0.0165057486278716,0.0074466795504563,False,1.831599124476441,1.8077956682596448,1.8284593691513409,adapt,1.831599124476441,0.0255319076490103,0.0031397553251000243,deploy,1.8077956682596448
spatial_knn_ridge,CNA,WCE,-0.0641678289175033,-0.0736980272531506,0.1285985773790662,0.1805545493114656,1.0544073333333357,0.020364886705334,0.1099473333333334,32.48181937138178,0.1456833333333333,1.9000000000000004,13.200000000000005,2.1753711160294373,108.91918606578405,0.1769941429813634,0.3237542919443535,0.1467601489629901,0.1467601489629901,11.7045993843284,6.723463276341766,-4.981136107986634,4.981136107986634,3.537563069226391,2.2419690223348,-1.295594046891591,1.295594046891591,712.5566210045662,592.1126040507456,-120.44401695382057,120.44401695382057,0.4114839791493083,0.362656014520309,-0.0488279646289993,0.0488279646289993,0.1885324106286633,0.2678747838496824,0.079342373221019,0.079342373221019,0.0706025047024773,0.0929587726977534,0.0223562679952761,0.0223562679952761,7.2567876750221885,4.294581852097624,-2.962205822924564,2.962205822924564,22.21187214611871,13.442510572000884,-8.769361574117827,8.769361574117827,38.09081050228309,19.799445804584906,-18.291364697698185,18.291364697698185,65.53934703196344,33.70830558646783,-31.83104144549561,31.83104144549561,1.722797391119089,1.713310364181826,-0.0094870269372631,0.0094870269372631,0.0,0.0,1.0,0.0216197215996178,0.0522598725522339,retrain,2.14324299454689,0.0736980272531506,0.035610739760597,False,2.3778734971284865,2.3195907675027847,2.386439118385315,adapt,2.3778734971284865,0.030640150952616102,-0.008565621256828582,deploy,2.3195907675027847
spatial_knn_ridge,CNA,WNA,0.0092698142773066,0.0239514990341969,0.0954135315000274,0.1322158104542097,0.6887813333333355,0.0084195215880169,0.1224266666666666,20.61842458609778,0.0969266666666666,0.8000000000000007,7.600000000000001,4.955349578696576,17.049387248412483,0.1769941429813634,0.2731899847020255,0.096195841720662,0.096195841720662,11.7045993843284,7.961223747682733,-3.743375636645667,3.743375636645667,3.537563069226391,2.7543234792434683,-0.7832395899829225,0.7832395899829225,712.5566210045662,934.4202051282052,221.86358412363904,221.86358412363904,0.4114839791493083,0.429573714296412,0.0180897351471037,0.0180897351471037,0.1885324106286633,0.2938980646746185,0.1053656540459551,0.1053656540459551,0.0706025047024773,0.1470825091117854,0.076480004409308,0.076480004409308,7.2567876750221885,6.78196426151767,-0.4748234135045184,0.4748234135045184,22.21187214611871,23.09020512820512,0.878332982086409,0.878332982086409,38.09081050228309,23.724938461538457,-14.365872040744634,14.365872040744634,65.53934703196344,39.250704615384606,-26.28864241657884,26.28864241657884,1.722797391119089,1.6554989468068897,-0.0672984443121993,0.0672984443121993,0.0,0.0,1.0,0.0239266814426676,0.0486879727044642,retrain,2.0778452147887303,0.0,0.0,True,2.23651938138864,2.2479590166226413,2.2216148833128124,adapt,2.23651938138864,0.0247612912617966,0.014904498075827721,retrain,2.2216148833128124
spatial_knn_ridge,EAS,CNA,0.1338940477806685,0.1611690510353542,0.0895437202433365,0.0971609620504097,3.77910333333333,0.0074628810684929,3.779103333333332,328.97482915188226,0.0852166666666666,22.0,57.4,20.05107734207234,215.4384963339484,0.2619645284658203,0.1769941429813634,-0.0849703854844569,0.0849703854844569,22.32134072090326,11.7045993843284,-10.616741336574862,10.616741336574862,3.243094697249479,3.537563069226391,0.2944683719769116,0.2944683719769116,3905.359090909091,712.5566210045662,-3192.8024699045245,3192.8024699045245,0.5445014743036944,0.4114839791493083,-0.1330174951543861,0.1330174951543861,0.3575663621177918,0.1885324106286633,-0.1690339514891285,0.1690339514891285,0.1647095879545876,0.0706025047024773,-0.0941070832521103,0.0941070832521103,5.973304597322264,7.2567876750221885,1.2834830776999242,1.2834830776999242,19.794090909090905,22.21187214611871,2.417781237027807,2.417781237027807,81.67781818181815,38.09081050228309,-43.58700767953506,43.58700767953506,152.75432727272724,65.53934703196344,-87.2149802407638,87.2149802407638,1.867813398543564,1.722797391119089,-0.145016007424475,0.145016007424475,0.0,0.0,1.0,0.0263298316868863,0.0483783546393712,retrain,2.296691461240864,0.0,0.0,True,2.4446629680455003,2.5768176714579263,2.417191463382277,adapt,2.4446629680455003,0.0220485229524849,0.027471504663223456,retrain,2.417191463382277
spatial_knn_ridge,EAS,EAU,0.0913715461477697,0.0833715838515409,0.1101539039973052,0.1474563237592649,3.525914,0.0044061812644071,3.5259139999999984,320.82573448296137,0.0559966666666666,21.3,56.5,22.201750715171283,64.55131955899269,0.2619645284658203,0.2062810595178484,-0.0556834689479719,0.0556834689479719,22.32134072090326,11.241205060945532,-11.08013565995773,11.08013565995773,3.243094697249479,3.3685489949547898,0.1254542977053105,0.1254542977053105,3905.359090909091,834.2655601659751,-3071.0935307431155,3071.0935307431155,0.5445014743036944,0.4070551376247937,-0.1374463366789007,0.1374463366789007,0.3575663621177918,0.2822674911951668,-0.075298870922625,0.075298870922625,0.1647095879545876,0.1358043125815428,-0.0289052753730447,0.0289052753730447,5.973304597322264,7.157240483743252,1.183935886420988,1.183935886420988,19.794090909090905,21.85435684647302,2.060265937382116,2.060265937382116,81.67781818181815,37.27962655601658,-44.39819162580157,44.39819162580157,152.75432727272724,65.89961825726138,-86.85470901546586,86.85470901546586,1.867813398543564,1.7478079051967732,-0.1200054933467908,0.1200054933467908,0.0,0.0,1.0,0.0274091623334185,0.0511346985903003,retrain,3.3476790902030915,0.0079999622962287,0.0023954284198682,False,2.6208245675098847,2.7366601975626965,2.633165822978831,adapt,2.6208245675098847,0.023725536256881802,-0.012341255468946155,adapt,2.6208245675098847
spatial_knn_ridge,EAS,ENA,0.0484486156039767,0.0745869457036598,0.0725748530462452,0.1183390026441268,2.787583666666664,0.0009278325896906,2.7714536666666656,308.860708714525,0.0018299999999999,17.0,52.6,18.78741017129765,198.87778734810945,0.2619645284658203,0.2636865078570336,0.0017219793912133,0.0017219793912133,22.32134072090326,11.86802551155998,-10.453315209343282,10.453315209343282,3.243094697249479,2.7719647735757627,-0.4711299236737165,0.4711299236737165,3905.359090909091,625.5614942528736,-3279.797596656217,3279.797596656217,0.5445014743036944,0.3332258746454959,-0.2112755996581985,0.2112755996581985,0.3575663621177918,0.1688618357303399,-0.1887045263874519,0.1887045263874519,0.1647095879545876,0.0494158020227599,-0.1152937859318277,0.1152937859318277,5.973304597322264,4.632001828479278,-1.3413027688429864,1.3413027688429864,19.794090909090905,12.88812260536398,-6.905968303726924,6.905968303726924,81.67781818181815,37.795498084291175,-43.88232009752698,43.88232009752698,152.75432727272724,64.34408812260534,-88.4102391501219,88.4102391501219,1.867813398543564,1.6986412128113502,-0.1691721857322139,0.1691721857322139,0.0,0.0,1.0,0.02588453556784,0.0794740624009921,retrain,3.500668524097209,0.0,0.0,True,3.334283097950435,3.374353400363776,3.3073838761939856,adapt,3.334283097950435,0.0535895268331521,0.026899221756449432,retrain,3.3073838761939856
spatial_knn_ridge,EAS,MED,0.1233411338634613,0.1319555522101685,0.1268476155388327,0.1798219161932554,4.099964333333338,0.0079402328542217,4.097230999999999,343.73557363638906,0.0761733333333333,24.5,65.3,23.794120782473577,110.56668173530544,0.2619645284658203,0.1861451202091436,-0.0758194082566767,0.0758194082566767,22.32134072090326,9.53591246713893,-12.785428253764332,12.785428253764332,3.243094697249479,3.542390644885146,0.2992959476356667,0.2992959476356667,3905.359090909091,735.0091463414634,-3170.3499445676275,3170.3499445676275,0.5445014743036944,0.4203848180768059,-0.1241166562268885,0.1241166562268885,0.3575663621177918,0.3160164627808042,-0.0415498993369876,0.0415498993369876,0.1647095879545876,0.0875235951849466,-0.077185992769641,0.077185992769641,5.973304597322264,8.405440814641642,2.432136217319377,2.432136217319377,19.794090909090905,28.08231707317072,8.288226164079816,8.288226164079816,81.67781818181815,30.50050304878048,-51.17731513303767,51.17731513303767,152.75432727272724,54.294249999999984,-98.46007727272726,98.46007727272726,1.867813398543564,1.7647267297942557,-0.1030866687493083,0.1030866687493083,0.0,0.0,1.0,0.0368648663006007,-0.0312454913248022,adapt,1.8376002300803247,0.0086144183467071,0.0047099426859642,False,1.9253408804354144,2.0497896849382213,1.9147385309745624,adapt,1.9253408804354144,-0.0681103576254029,0.010602349460852034,retrain,1.9147385309745624
spatial_knn_ridge,EAS,NCA,0.2407863628533151,0.2481996541221935,0.2082199191936613,0.152086662681703,4.819493999999999,0.0224393103320417,4.819493999999999,359.12824048464137,0.15862,29.9,70.1,23.63704841599716,225.8789053346837,0.2619645284658203,0.1028719844975235,-0.1590925439682968,0.1590925439682968,22.32134072090326,10.49152713485848,-11.829813586044782,11.829813586044782,3.243094697249479,4.969572135421824,1.7264774381723451,1.7264774381723451,3905.359090909091,618.7291666666666,-3286.6299242424243,3286.6299242424243,0.5445014743036944,0.5612455220231938,0.0167440477194993,0.0167440477194993,0.3575663621177918,0.2626767940245775,-0.0948895680932143,0.0948895680932143,0.1647095879545876,0.0995697692237094,-0.0651398187308782,0.0651398187308782,5.973304597322264,15.03081858212739,9.057513984805126,9.057513984805126,19.794090909090905,56.083333333333314,36.28924242424241,36.28924242424241,81.67781818181815,34.16208333333332,-47.51573484848483,47.51573484848483,152.75432727272724,58.53818749999997,-94.21613977272727,94.21613977272727,1.867813398543564,1.7067006980768993,-0.1611127004666648,0.1611127004666648,0.0,0.0,1.0,0.0276839309132013,0.0515767389655533,retrain,1.1637571102215185,0.0,0.0,True,1.122639258702596,1.3651564663483038,1.1164610642525885,adapt,1.122639258702596,0.023892808052352,0.006178194450007446,retrain,1.1164610642525885
spatial_knn_ridge,EAS,NEU,0.0035694639682768,-0.0053758465051654,0.2192852597585832,0.3255549404609843,3.944982666666665,0.0078927344266297,3.562609333333332,362.0859238385529,0.0801966666666666,23.6,71.0,20.742974666106296,110.8114152256408,0.2619645284658203,0.3421046353629576,0.0801401068971373,0.0801401068971373,22.32134072090326,6.448870032886587,-15.872470688016676,15.872470688016676,3.243094697249479,2.1155132948043303,-1.127581402445149,1.127581402445149,3905.359090909091,645.8289596602972,-3259.5301312487936,3259.5301312487936,0.5445014743036944,0.3633768003955634,-0.181124673908131,0.181124673908131,0.3575663621177918,0.2805553338745088,-0.0770110282432829,0.0770110282432829,0.1647095879545876,0.0995128420832286,-0.065196745871359,0.065196745871359,5.973304597322264,4.159081780752651,-1.8142228165696137,1.8142228165696137,19.794090909090905,13.465817409766448,-6.328273499324457,6.328273499324457,81.67781818181815,18.62093630573248,-63.05688187608567,63.05688187608567,152.75432727272724,30.73014692144373,-122.0241803512835,122.0241803512835,1.867813398543564,1.6639993521933627,-0.2038140463502014,0.2038140463502014,0.0,0.0,1.0,0.0283996146270687,0.0525932965774354,retrain,2.3075413031578065,0.0089453104734422,0.0038916410286592,False,2.4586510813236235,2.465625330924988,2.46648766708374,adapt,2.4586510813236235,0.024193681950366704,-0.007836585760116588,adapt,2.4586510813236235
spatial_knn_ridge,EAS,NWN,0.0745887088645349,0.0842369775303071,0.1117198813376448,0.189945794069555,3.3961209999999986,0.0035671417010954,3.320109666666666,330.751253670333,0.0170299999999999,21.3,58.7,20.7525751864546,252.6687070192516,0.2619645284658203,0.2785900849393239,0.0166255564735036,0.0166255564735036,22.32134072090326,7.260695173095203,-15.060645547808058,15.060645547808058,3.243094697249479,2.6677455388637004,-0.5753491583857788,0.5753491583857788,3905.359090909091,938.5775956284152,-2966.781495280676,2966.781495280676,0.5445014743036944,0.4608008032662643,-0.0837006710374301,0.0837006710374301,0.3575663621177918,0.2662126818999085,-0.0913536802178833,0.0913536802178833,0.1647095879545876,0.1568075500848776,-0.0079020378697099,0.0079020378697099,5.973304597322264,5.861973518724925,-0.1113310785973391,0.1113310785973391,19.794090909090905,19.06967213114753,-0.7244187779433737,0.7244187779433737,81.67781818181815,22.29953551912568,-59.37828266269247,59.37828266269247,152.75432727272724,37.55597267759563,-115.1983545951316,115.1983545951316,1.867813398543564,1.6943305976016485,-0.1734828009419156,0.1734828009419156,0.0,0.0,1.0,0.0240779925946239,0.0087799471536395,adapt,2.5334814959536485,0.0096482686657721,0.0038228630011897,False,2.5190279630363963,2.5981714240188807,2.508383575032969,adapt,2.5190279630363963,-0.015298045440984401,0.010644388003427263,retrain,2.508383575032969
spatial_knn_ridge,EAS,SAU,0.0917780951217368,0.0917098185954947,0.1799364265440521,0.3118211228942141,4.152901333333331,0.0060220610749499,4.146693999999999,359.47889289850804,0.0369966666666666,25.3,69.9,21.4357089001579,64.57329658741189,0.2619645284658203,0.2251135958726356,-0.0368509325931847,0.0368509325931847,22.32134072090326,7.577741041097264,-14.743599679805998,14.743599679805998,3.243094697249479,3.160801830704409,-0.0822928665450701,0.0822928665450701,3905.359090909091,477.93219373219375,-3427.426897176897,3427.426897176897,0.5445014743036944,0.3646288409592436,-0.1798726333444508,0.1798726333444508,0.3575663621177918,0.2589121709437478,-0.098654191174044,0.098654191174044,0.1647095879545876,0.106673368514571,-0.0580362194400165,0.0580362194400165,5.973304597322264,6.636155047751923,0.6628504504296586,0.6628504504296586,19.794090909090905,20.68717948717948,0.8930885780885767,0.8930885780885767,81.67781818181815,23.68501424501424,-57.99280393680391,57.99280393680391,152.75432727272724,44.18354985754985,-108.5707774151774,108.5707774151774,1.867813398543564,1.870246544887621,0.002433146344057,0.002433146344057,0.0,0.0,1.0,0.0271567505769111,0.0522056872232553,retrain,2.233030377629816,6.827652624208369e-05,3.05766614705821e-05,False,1.8277810480859544,1.9337425943453428,1.8284593691513409,adapt,1.8277810480859544,0.025048936646344198,-0.0006783210653864558,adapt,1.8277810480859544
spatial_knn_ridge,EAS,WCE,0.0318425568342206,0.0196300907135009,0.1849696563061156,0.2547065115486623,3.923719999999999,0.0066845076779016,3.669155999999999,361.4566485232641,0.0604666666666666,23.9,70.6,20.11159506976076,109.60718008895698,0.2619645284658203,0.3237542919443535,0.0617897634785332,0.0617897634785332,22.32134072090326,6.723463276341766,-15.597877444561496,15.597877444561496,3.243094697249479,2.2419690223348,-1.0011256749146793,1.0011256749146793,3905.359090909091,592.1126040507456,-3313.246486858345,3313.246486858345,0.5445014743036944,0.362656014520309,-0.1818454597833854,0.1818454597833854,0.3575663621177918,0.2678747838496824,-0.0896915782681094,0.0896915782681094,0.1647095879545876,0.0929587726977534,-0.0717508152568341,0.0717508152568341,5.973304597322264,4.294581852097624,-1.6787227452246398,1.6787227452246398,19.794090909090905,13.442510572000884,-6.35158033709002,6.35158033709002,81.67781818181815,19.799445804584906,-61.87837237723325,61.87837237723325,152.75432727272724,33.70830558646783,-119.0460216862594,119.0460216862594,1.867813398543564,1.713310364181826,-0.1545030343617381,0.1545030343617381,0.0,0.0,1.0,0.0284669591676799,0.0542447372762127,retrain,2.14324299454689,0.0122124661207196,0.0057307795255936,False,2.3751065059900283,2.4074885877370837,2.386439118385315,adapt,2.3751065059900283,0.0257777781085328,-0.011332612395286823,adapt,2.3751065059900283
spatial_knn_ridge,EAS,WNA,0.0848363540111449,0.0836937516469227,0.1952729147520343,0.1750483202778628,3.720244666666666,0.0037453412308765,3.6566766666666655,349.59325373798004,0.0117099999999999,22.8,65.0,23.29106588149178,232.31901396258823,0.2619645284658203,0.2731899847020255,0.0112254562362051,0.0112254562362051,22.32134072090326,7.961223747682733,-14.360116973220528,14.360116973220528,3.243094697249479,2.7543234792434683,-0.4887712180060108,0.4887712180060108,3905.359090909091,934.4202051282052,-2970.9388857808854,2970.9388857808854,0.5445014743036944,0.429573714296412,-0.1149277600072824,0.1149277600072824,0.3575663621177918,0.2938980646746185,-0.0636682974431733,0.0636682974431733,0.1647095879545876,0.1470825091117854,-0.0176270788428022,0.0176270788428022,5.973304597322264,6.78196426151767,0.8086596641954058,0.8086596641954058,19.794090909090905,23.09020512820512,3.296114219114216,3.296114219114216,81.67781818181815,23.724938461538457,-57.9528797202797,57.9528797202797,152.75432727272724,39.250704615384606,-113.50362265734265,113.50362265734265,1.867813398543564,1.6554989468068897,-0.2123144517366744,0.2123144517366744,0.0,0.0,1.0,0.0258057871198016,0.0483519053649202,retrain,2.0778452147887303,0.0011426023642222,0.0005502002825952,False,2.220914562787765,2.300988016006274,2.2216148833128124,adapt,2.220914562787765,0.0225461182451186,-0.0007003205250475375,adapt,2.220914562787765
spatial_knn_ridge,EAU,CNA,0.0141678025189055,0.0371038598012707,0.0761158539867689,0.0379621567819372,0.2531913333333306,0.0008475960134513,0.2531893333333337,8.149094668920874,0.0292199999999999,0.6999999999999993,0.8999999999999986,4.911264224874982,257.372756195551,0.2062810595178484,0.1769941429813634,-0.0292869165364849,0.0292869165364849,11.241205060945532,11.7045993843284,0.4633943233828681,0.4633943233828681,3.3685489949547898,3.537563069226391,0.1690140742716011,0.1690140742716011,834.2655601659751,712.5566210045662,-121.70893916140892,121.70893916140892,0.4070551376247937,0.4114839791493083,0.0044288415245146,0.0044288415245146,0.2822674911951668,0.1885324106286633,-0.0937350805665035,0.0937350805665035,0.1358043125815428,0.0706025047024773,-0.0652018078790655,0.0652018078790655,7.157240483743252,7.2567876750221885,0.099547191278936,0.099547191278936,21.85435684647302,22.21187214611871,0.3575152996456907,0.3575152996456907,37.27962655601658,38.09081050228309,0.8111839462665102,0.8111839462665102,65.89961825726138,65.53934703196344,-0.3602712252979358,0.3602712252979358,1.7478079051967732,1.722797391119089,-0.0250105140776841,0.0250105140776841,0.0,0.0,1.0,0.0238705606220063,0.0459716948121297,retrain,2.296691461240864,0.0,0.0,True,2.440281007660034,2.4541965754336963,2.417191463382277,adapt,2.440281007660034,0.022101134190123398,0.023089544277757224,retrain,2.417191463382277
spatial_knn_ridge,EAU,EAS,-0.0589451811530388,-0.0423200824043972,0.1474563237592649,0.1101539039973052,3.525914,0.0046818439713782,3.5259139999999984,320.82573448296137,0.0559966666666666,21.3,56.5,22.201750715171283,64.55131955899269,0.2062810595178484,0.2619645284658203,0.0556834689479719,0.0556834689479719,11.241205060945532,22.32134072090326,11.08013565995773,11.08013565995773,3.3685489949547898,3.243094697249479,-0.1254542977053105,0.1254542977053105,834.2655601659751,3905.359090909091,3071.0935307431155,3071.0935307431155,0.4070551376247937,0.5445014743036944,0.1374463366789007,0.1374463366789007,0.2822674911951668,0.3575663621177918,0.075298870922625,0.075298870922625,0.1358043125815428,0.1647095879545876,0.0289052753730447,0.0289052753730447,7.157240483743252,5.973304597322264,-1.183935886420988,1.183935886420988,21.85435684647302,19.794090909090905,-2.060265937382116,2.060265937382116,37.27962655601658,81.67781818181815,44.39819162580157,44.39819162580157,65.89961825726138,152.75432727272724,86.85470901546586,86.85470901546586,1.7478079051967732,1.867813398543564,0.1200054933467908,0.1200054933467908,0.0,0.0,1.0,0.0452168906658859,0.180861100742715,retrain,6.008860295469111,0.0423200824043972,0.0070929015632427,False,6.514714202013883,6.444315199418502,6.499321603775025,adapt,6.514714202013883,0.13564421007682909,0.015392598238857857,deploy,6.444315199418502
spatial_knn_ridge,EAU,ENA,-0.0650107789770397,-0.0438191943241719,0.0699281253883997,0.0605569771759698,0.7690436666666646,0.0040336855992846,0.7544603333333328,11.965025768436348,0.0578266666666666,4.300000000000001,3.899999999999999,4.629887749757627,241.5222881464511,0.2062810595178484,0.2636865078570336,0.0574054483391852,0.0574054483391852,11.241205060945532,11.86802551155998,0.6268204506144475,0.6268204506144475,3.3685489949547898,2.7719647735757627,-0.5965842213790271,0.5965842213790271,834.2655601659751,625.5614942528736,-208.70406591310157,208.70406591310157,0.4070551376247937,0.3332258746454959,-0.0738292629792977,0.0738292629792977,0.2822674911951668,0.1688618357303399,-0.1134056554648269,0.1134056554648269,0.1358043125815428,0.0494158020227599,-0.0863885105587829,0.0863885105587829,7.157240483743252,4.632001828479278,-2.5252386552639745,2.5252386552639745,21.85435684647302,12.88812260536398,-8.96623424110904,8.96623424110904,37.27962655601658,37.795498084291175,0.5158715282745945,0.5158715282745945,65.89961825726138,64.34408812260534,-1.5555301346560384,1.5555301346560384,1.7478079051967732,1.6986412128113502,-0.049166692385423,0.049166692385423,0.0,0.0,1.0,0.0240483112015915,0.019263011585873,adapt,3.5218601087500767,0.0650107789770397,0.0188063675258036,False,3.329694816435891,3.2569982434597966,3.3073838761939856,adapt,3.329694816435891,-0.0047852996157185,0.022310940241905275,deploy,3.2569982434597966
spatial_knn_ridge,EAU,MED,0.0262812806702241,0.0340223764864411,0.0098257045396668,0.0102003626733577,0.5768350000000122,0.0007633484694098,0.5713170000000005,22.90983915342765,0.0201766666666666,3.2,8.8,3.109341123022417,159.00720004724002,0.2062810595178484,0.1861451202091436,-0.0201359393087048,0.0201359393087048,11.241205060945532,9.53591246713893,-1.705292593806602,1.705292593806602,3.3685489949547898,3.542390644885146,0.1738416499303561,0.1738416499303561,834.2655601659751,735.0091463414634,-99.2564138245117,99.2564138245117,0.4070551376247937,0.4203848180768059,0.0133296804520122,0.0133296804520122,0.2822674911951668,0.3160164627808042,0.0337489715856373,0.0337489715856373,0.1358043125815428,0.0875235951849466,-0.0482807173965962,0.0482807173965962,7.157240483743252,8.405440814641642,1.248200330898389,1.248200330898389,21.85435684647302,28.08231707317072,6.2279602266977,6.2279602266977,37.27962655601658,30.50050304878048,-6.7791235072361005,6.7791235072361005,65.89961825726138,54.294249999999984,-11.605368257261397,11.605368257261397,1.7478079051967732,1.7647267297942557,0.0169188245974825,0.0169188245974825,0.0,0.0,1.0,-0.0060125512285008,-0.063881356945411,deploy,1.863008188220059,0.0340223764864411,0.0186017716858026,False,1.9248671247283131,1.949028805261705,1.9147385309745624,deploy,1.949028805261705,-0.063881356945411,0.03429027428714271,retrain,1.9147385309745624
spatial_knn_ridge,EAU,NCA,0.1286492041415639,0.1352696747829516,0.1504498385505568,0.0806612475883321,1.2936146666666666,0.0111022386835282,1.2935800000000006,38.30250600167999,0.1026233333333333,8.6,13.6,5.863859366780637,266.0758500565293,0.2062810595178484,0.1028719844975235,-0.1034090750203249,0.1034090750203249,11.241205060945532,10.49152713485848,-0.7496779260870525,0.7496779260870525,3.3685489949547898,4.969572135421824,1.6010231404670343,1.6010231404670343,834.2655601659751,618.7291666666666,-215.53639349930847,215.53639349930847,0.4070551376247937,0.5612455220231938,0.1541903843984001,0.1541903843984001,0.2822674911951668,0.2626767940245775,-0.0195906971705893,0.0195906971705893,0.1358043125815428,0.0995697692237094,-0.0362345433578333,0.0362345433578333,7.157240483743252,15.03081858212739,7.8735780983841375,7.8735780983841375,21.85435684647302,56.083333333333314,34.22897648686029,34.22897648686029,37.27962655601658,34.16208333333332,-3.11754322268326,3.11754322268326,65.89961825726138,58.53818749999997,-7.3614307572614095,7.3614307572614095,1.7478079051967732,1.7067006980768993,-0.0411072071198739,0.0411072071198739,0.0,0.0,1.0,0.0259937026187279,0.0499280585443399,retrain,1.1637571102215185,0.0,0.0,True,1.122596971069773,1.251147070278724,1.1164610642525885,adapt,1.122596971069773,0.023934355925611998,0.0061359068171844555,retrain,1.1164610642525885
spatial_knn_ridge,EAU,NEU,-0.0543281952142713,-0.061320482134819,0.1277256996279793,0.1531251642158752,1.065779333333332,0.0191541204406182,0.0366953333333337,41.26018935559154,0.1361933333333333,2.299999999999999,14.5,3.849268168393619,164.64679029066758,0.2062810595178484,0.3421046353629576,0.1358235758451092,0.1358235758451092,11.241205060945532,6.448870032886587,-4.792335028058945,4.792335028058945,3.3685489949547898,2.1155132948043303,-1.2530357001504595,1.2530357001504595,834.2655601659751,645.8289596602972,-188.43660050567792,188.43660050567792,0.4070551376247937,0.3633768003955634,-0.0436783372292302,0.0436783372292302,0.2822674911951668,0.2805553338745088,-0.0017121573206579,0.0017121573206579,0.1358043125815428,0.0995128420832286,-0.0362914704983142,0.0362914704983142,7.157240483743252,4.159081780752651,-2.998158702990602,2.998158702990602,21.85435684647302,13.465817409766448,-8.388539436706573,8.388539436706573,37.27962655601658,18.62093630573248,-18.6586902502841,18.6586902502841,65.89961825726138,30.73014692144373,-35.16947133581765,35.16947133581765,1.7478079051967732,1.6639993521933627,-0.0838085530034105,0.0838085530034105,0.0,0.0,1.0,0.0209467351907145,0.0498921210504713,retrain,2.3075413031578065,0.061320482134819,0.0272994006470352,False,2.460556004047394,2.4097651920318603,2.46648766708374,adapt,2.460556004047394,0.028945385859756798,-0.00593166303634618,deploy,2.4097651920318603
spatial_knn_ridge,EAU,NWN,0.0309117592749048,0.0448207988765068,0.055708284263429,0.0705039721820224,0.3708349999999986,0.0054758428264638,0.2058043333333326,9.925519187371648,0.0730266666666666,0.0,2.200000000000003,3.661759486066516,296.968235281046,0.2062810595178484,0.2785900849393239,0.0723090254214755,0.0723090254214755,11.241205060945532,7.260695173095203,-3.980509887850329,3.980509887850329,3.3685489949547898,2.6677455388637004,-0.7008034560910894,0.7008034560910894,834.2655601659751,938.5775956284152,104.31203546244012,104.31203546244012,0.4070551376247937,0.4608008032662643,0.0537456656414706,0.0537456656414706,0.2822674911951668,0.2662126818999085,-0.0160548092952583,0.0160548092952583,0.1358043125815428,0.1568075500848776,0.0210032375033348,0.0210032375033348,7.157240483743252,5.861973518724925,-1.2952669650183273,1.2952669650183273,21.85435684647302,19.06967213114753,-2.78468471532549,2.78468471532549,37.27962655601658,22.29953551912568,-14.9800910368909,14.9800910368909,65.89961825726138,37.55597267759563,-28.343645579665747,28.343645579665747,1.7478079051967732,1.6943305976016485,-0.0534773075951247,0.0534773075951247,0.0,0.0,1.0,0.0172957483314481,0.0115024428432826,adapt,2.5377422668894782,0.0139090396016019,0.0055110771390186,False,2.523475359697811,2.5588153773318223,2.508383575032969,adapt,2.523475359697811,-0.005793305488165501,0.015091784664841956,retrain,2.508383575032969
spatial_knn_ridge,EAU,SAU,0.0019675072102125,-0.0017317834063477,0.0325959685214423,0.0357605646480699,0.720112666666665,0.0012724433038611,0.6207800000000006,38.653158415546656,0.019,4.0,13.4,4.210088849956815,14.532548435721534,0.2062810595178484,0.2251135958726356,0.0188325363547872,0.0188325363547872,11.241205060945532,7.577741041097264,-3.663464019848268,3.663464019848268,3.3685489949547898,3.160801830704409,-0.2077471642503807,0.2077471642503807,834.2655601659751,477.93219373219375,-356.3333664337813,356.3333664337813,0.4070551376247937,0.3646288409592436,-0.04242629666555,0.04242629666555,0.2822674911951668,0.2589121709437478,-0.023355320251419,0.023355320251419,0.1358043125815428,0.106673368514571,-0.0291309440669717,0.0291309440669717,7.157240483743252,6.636155047751923,-0.5210854359913295,0.5210854359913295,21.85435684647302,20.68717948717948,-1.1671773592935395,1.1671773592935395,37.27962655601658,23.68501424501424,-13.59461231100234,13.59461231100234,65.89961825726138,44.18354985754985,-21.71606839971153,21.71606839971153,1.7478079051967732,1.870246544887621,0.1224386396908479,0.1224386396908479,0.0,0.0,1.0,0.0236866283200511,0.0488118740814335,retrain,2.233030377629816,0.0036992906165602,0.0016593724629374,False,1.82419619465146,1.828561362547752,1.8284593691513409,adapt,1.82419619465146,0.025125245761382396,-0.004263174499880895,adapt,1.82419619465146
spatial_knn_ridge,EAU,WCE,-0.0517300863265988,-0.0603819153308866,0.0931734141560568,0.1118607657002493,0.971953333333333,0.0139753253352898,0.1432420000000003,40.630914040302656,0.1164633333333333,2.6,14.1,4.281183983654968,161.2106366479405,0.2062810595178484,0.3237542919443535,0.1174732324265051,0.1174732324265051,11.241205060945532,6.723463276341766,-4.517741784603766,4.517741784603766,3.3685489949547898,2.2419690223348,-1.12657997261999,1.12657997261999,834.2655601659751,592.1126040507456,-242.15295611522947,242.15295611522947,0.4070551376247937,0.362656014520309,-0.0443991231044846,0.0443991231044846,0.2822674911951668,0.2678747838496824,-0.0143927073454844,0.0143927073454844,0.1358043125815428,0.0929587726977534,-0.0428455398837893,0.0428455398837893,7.157240483743252,4.294581852097624,-2.862658631645628,2.862658631645628,21.85435684647302,13.442510572000884,-8.411846274472136,8.411846274472136,37.27962655601658,19.799445804584906,-17.480180751431675,17.480180751431675,65.89961825726138,33.70830558646783,-32.19131267079355,32.19131267079355,1.7478079051967732,1.713310364181826,-0.0344975410149472,0.0344975410149472,0.0,0.0,1.0,0.0215317015492477,0.0520125113149762,retrain,2.14324299454689,0.0603819153308866,0.0289898908445755,False,2.378286902666092,2.33115164232254,2.386439118385315,adapt,2.378286902666092,0.030480809765728503,-0.008152215719222866,deploy,2.33115164232254
spatial_knn_ridge,EAU,WNA,0.026237086088229,0.0203227635835987,0.1708235023358533,0.1637512076572204,0.6012993333333326,0.0041625132786726,0.130762666666667,28.76751925501865,0.0677066666666666,1.5,8.5,2.2985796845226703,274.3909442611336,0.2062810595178484,0.2731899847020255,0.0669089251841771,0.0669089251841771,11.241205060945532,7.961223747682733,-3.279981313262799,3.279981313262799,3.3685489949547898,2.7543234792434683,-0.6142255157113214,0.6142255157113214,834.2655601659751,934.4202051282052,100.15464496223012,100.15464496223012,0.4070551376247937,0.429573714296412,0.0225185766716183,0.0225185766716183,0.2822674911951668,0.2938980646746185,0.0116305734794516,0.0116305734794516,0.1358043125815428,0.1470825091117854,0.0112781965302425,0.0112781965302425,7.157240483743252,6.78196426151767,-0.3752762222255823,0.3752762222255823,21.85435684647302,23.09020512820512,1.2358482817320997,1.2358482817320997,37.27962655601658,23.724938461538457,-13.554688094478124,13.554688094478124,65.89961825726138,39.250704615384606,-26.64891364187677,26.64891364187677,1.7478079051967732,1.6554989468068897,-0.0923089583898835,0.0923089583898835,0.0,0.0,1.0,0.0233545566717147,0.0463749968762608,retrain,2.0778452147887303,0.0059143225046303,0.0028544979596835,False,2.2163518598752145,2.242693341084016,2.2216148833128124,adapt,2.2163518598752145,0.023020440204546102,-0.00526302343759788,adapt,2.2163518598752145
spatial_knn_ridge,ENA,CNA,0.1138982666681887,0.1313543703458082,0.0364817955864977,0.0334082620266965,1.0076643333333328,0.0047825766254154,1.0076496666666666,20.114120437357226,0.0870466666666666,5.0,4.799999999999997,3.6336247778337984,16.632134644836842,0.2636865078570336,0.1769941429813634,-0.0866923648756702,0.0866923648756702,11.86802551155998,11.7045993843284,-0.1634261272315793,0.1634261272315793,2.7719647735757627,3.537563069226391,0.7655982956506282,0.7655982956506282,625.5614942528736,712.5566210045662,86.99512675169262,86.99512675169262,0.3332258746454959,0.4114839791493083,0.0782581045038123,0.0782581045038123,0.1688618357303399,0.1885324106286633,0.0196705748983234,0.0196705748983234,0.0494158020227599,0.0706025047024773,0.0211867026797173,0.0211867026797173,4.632001828479278,7.2567876750221885,2.6247858465429106,2.6247858465429106,12.88812260536398,22.21187214611871,9.323749540754733,9.323749540754733,37.795498084291175,38.09081050228309,0.2953124179919157,0.2953124179919157,64.34408812260534,65.53934703196344,1.1952589093581023,1.1952589093581023,1.6986412128113502,1.722797391119089,0.0241561783077388,0.0241561783077388,0.0,0.0,1.0,0.0271894491867151,0.0478052773959509,retrain,2.296691461240864,0.0,0.0,True,2.4342239458267003,2.546958367846328,2.417191463382277,adapt,2.4342239458267003,0.020615828209235798,0.017032482444423458,retrain,2.417191463382277
spatial_knn_ridge,ENA,EAS,0.0335682522166855,0.0898993708870623,0.1183390026441268,0.0725748530462452,2.787583666666664,0.0011903186565178,2.7714536666666656,308.860708714525,0.0018299999999999,17.0,52.6,18.78741017129765,198.87778734810945,0.2636865078570336,0.2619645284658203,-0.0017219793912133,0.0017219793912133,11.86802551155998,22.32134072090326,10.453315209343282,10.453315209343282,2.7719647735757627,3.243094697249479,0.4711299236737165,0.4711299236737165,625.5614942528736,3905.359090909091,3279.797596656217,3279.797596656217,0.3332258746454959,0.5445014743036944,0.2112755996581985,0.2112755996581985,0.1688618357303399,0.3575663621177918,0.1887045263874519,0.1887045263874519,0.0494158020227599,0.1647095879545876,0.1152937859318277,0.1152937859318277,4.632001828479278,5.973304597322264,1.3413027688429864,1.3413027688429864,12.88812260536398,19.794090909090905,6.905968303726924,6.905968303726924,37.795498084291175,81.67781818181815,43.88232009752698,43.88232009752698,64.34408812260534,152.75432727272724,88.4102391501219,88.4102391501219,1.6986412128113502,1.867813398543564,0.1691721857322139,0.1691721857322139,0.0,0.0,1.0,0.0552499331350048,0.2399205093058076,retrain,6.008860295469111,0.0,0.0,True,6.534654712677002,6.569211402806369,6.499321603775025,adapt,6.534654712677002,0.1846705761708028,0.03533310890197683,retrain,6.499321603775025
spatial_knn_ridge,ENA,EAU,0.1001344929097602,0.1024778299806525,0.0605569771759698,0.0699281253883997,0.7690436666666646,0.0022464299309512,0.7544603333333328,11.965025768436348,0.0578266666666666,4.300000000000001,3.899999999999999,4.629887749757627,241.5222881464511,0.2636865078570336,0.2062810595178484,-0.0574054483391852,0.0574054483391852,11.86802551155998,11.241205060945532,-0.6268204506144475,0.6268204506144475,2.7719647735757627,3.3685489949547898,0.5965842213790271,0.5965842213790271,625.5614942528736,834.2655601659751,208.70406591310157,208.70406591310157,0.3332258746454959,0.4070551376247937,0.0738292629792977,0.0738292629792977,0.1688618357303399,0.2822674911951668,0.1134056554648269,0.1134056554648269,0.0494158020227599,0.1358043125815428,0.0863885105587829,0.0863885105587829,4.632001828479278,7.157240483743252,2.5252386552639745,2.5252386552639745,12.88812260536398,21.85435684647302,8.96623424110904,8.96623424110904,37.795498084291175,37.27962655601658,-0.5158715282745945,0.5158715282745945,64.34408812260534,65.89961825726138,1.5555301346560384,1.5555301346560384,1.6986412128113502,1.7478079051967732,0.049166692385423,0.049166692385423,0.0,0.0,1.0,0.0293013641619774,0.0543695596283409,retrain,3.3476790902030915,0.0,0.0,True,2.626051339371076,2.738392193782379,2.633165822978831,adapt,2.626051339371076,0.025068195466363498,-0.007114483607754796,adapt,2.626051339371076
spatial_knn_ridge,ENA,MED,0.1373121732982196,0.1574702359190805,0.0545109011467251,0.0719449175485476,1.3340900000000104,0.0046529999665401,1.3257773333333334,34.874864921864,0.0780033333333333,7.5,12.7,5.654966772088928,88.86699762037007,0.2636865078570336,0.1861451202091436,-0.07754138764789,0.07754138764789,11.86802551155998,9.53591246713893,-2.3321130444210496,2.3321130444210496,2.7719647735757627,3.542390644885146,0.7704258713093832,0.7704258713093832,625.5614942528736,735.0091463414634,109.44765208858983,109.44765208858983,0.3332258746454959,0.4203848180768059,0.0871589434313099,0.0871589434313099,0.1688618357303399,0.3160164627808042,0.1471546270504643,0.1471546270504643,0.0494158020227599,0.0875235951849466,0.0381077931621866,0.0381077931621866,4.632001828479278,8.405440814641642,3.773438986162364,3.773438986162364,12.88812260536398,28.08231707317072,15.19419446780674,15.19419446780674,37.795498084291175,30.50050304878048,-7.294995035510695,7.294995035510695,64.34408812260534,54.294249999999984,-10.049838122605358,10.049838122605358,1.6986412128113502,1.7647267297942557,0.0660855169829055,0.0660855169829055,0.0,0.0,1.0,0.0272310784087607,-0.0104297546858143,adapt,1.8491438743544788,0.0201580626208608,0.0110214428627818,False,1.935417157665985,2.067911823530023,1.9147385309745624,adapt,1.935417157665985,-0.037660833094575005,0.02067862669142273,retrain,1.9147385309745624
spatial_knn_ridge,ENA,NCA,0.2751024011522534,0.2846591286361219,0.1583314537454483,0.1250180052400897,2.048167000000002,0.0199651316203557,2.0480403333333337,50.267531770116335,0.16045,12.9,17.5,7.192232105523477,28.3461812586143,0.2636865078570336,0.1028719844975235,-0.1608145233595101,0.1608145233595101,11.86802551155998,10.49152713485848,-1.3764983767015,1.3764983767015,2.7719647735757627,4.969572135421824,2.1976073618460616,2.1976073618460616,625.5614942528736,618.7291666666666,-6.8323275862069295,6.8323275862069295,0.3332258746454959,0.5612455220231938,0.2280196473776978,0.2280196473776978,0.1688618357303399,0.2626767940245775,0.0938149582942376,0.0938149582942376,0.0494158020227599,0.0995697692237094,0.0501539672009495,0.0501539672009495,4.632001828479278,15.03081858212739,10.398816753648113,10.398816753648113,12.88812260536398,56.083333333333314,43.19521072796933,43.19521072796933,37.795498084291175,34.16208333333332,-3.6334147509578543,3.6334147509578543,64.34408812260534,58.53818749999997,-5.805900622605371,5.805900622605371,1.6986412128113502,1.7067006980768993,0.0080594852655491,0.0080594852655491,0.0,0.0,1.0,0.0286803599894728,0.0533028299910352,retrain,1.1637571102215185,0.0,0.0,True,1.1259337856123846,1.4005323160025809,1.1164610642525885,adapt,1.1259337856123846,0.0246224700015624,0.009472721359796044,retrain,1.1164610642525885
spatial_knn_ridge,ENA,NEU,0.001855516076088,0.0073868204355238,0.0912638502539332,0.1204666355322599,1.2154583333333342,0.0082548792067294,0.7911556666666666,53.22521512402789,0.0783666666666666,6.6,18.4,3.2538559711562844,94.7228781846377,0.2636865078570336,0.3421046353629576,0.0784181275059239,0.0784181275059239,11.86802551155998,6.448870032886587,-5.419155478673392,5.419155478673392,2.7719647735757627,2.1155132948043303,-0.6564514787714324,0.6564514787714324,625.5614942528736,645.8289596602972,20.26746540742363,20.26746540742363,0.3332258746454959,0.3633768003955634,0.0301509257500675,0.0301509257500675,0.1688618357303399,0.2805553338745088,0.1116934981441689,0.1116934981441689,0.0494158020227599,0.0995128420832286,0.0500970400604686,0.0500970400604686,4.632001828479278,4.159081780752651,-0.4729200477266273,0.4729200477266273,12.88812260536398,13.465817409766448,0.5776948044024675,0.5776948044024675,37.795498084291175,18.62093630573248,-19.174561778558694,19.174561778558694,64.34408812260534,30.73014692144373,-33.61394120116161,33.61394120116161,1.6986412128113502,1.6639993521933627,-0.0346418606179874,0.0346418606179874,0.0,0.0,1.0,0.0282890166778869,0.0534094579288728,retrain,2.3075413031578065,0.0,0.0,True,2.4701765607595445,2.471760552048683,2.46648766708374,adapt,2.4701765607595445,0.0251204412509859,0.0036888936758043833,retrain,2.46648766708374
spatial_knn_ridge,ENA,NWN,0.0778570197970487,0.1651339433232288,0.0284521770745116,0.0415661374998263,0.630425333333334,0.0016722182160568,0.5486560000000003,21.890544955808,0.0151999999999999,4.300000000000001,6.100000000000001,2.8334670781801767,55.533369801321,0.2636865078570336,0.2785900849393239,0.0149035770822902,0.0149035770822902,11.86802551155998,7.260695173095203,-4.607330338464776,4.607330338464776,2.7719647735757627,2.6677455388637004,-0.1042192347120622,0.1042192347120622,625.5614942528736,938.5775956284152,313.01610137554167,313.01610137554167,0.3332258746454959,0.4608008032662643,0.1275749286207684,0.1275749286207684,0.1688618357303399,0.2662126818999085,0.0973508461695686,0.0973508461695686,0.0494158020227599,0.1568075500848776,0.1073917480621177,0.1073917480621177,4.632001828479278,5.861973518724925,1.2299716902456472,1.2299716902456472,12.88812260536398,19.06967213114753,6.18154952578355,6.18154952578355,37.795498084291175,22.29953551912568,-15.495962565165495,15.495962565165495,64.34408812260534,37.55597267759563,-26.78811544500971,26.78811544500971,1.6986412128113502,1.6943305976016485,-0.0043106152097016,0.0043106152097016,0.0,0.0,1.0,0.0271995758819801,0.0912138509965058,retrain,2.5238332272878763,0.0,0.0,True,2.600755618895338,2.682965823210002,2.508383575032969,adapt,2.600755618895338,0.06401427511452569,0.09237204386236897,retrain,2.508383575032969
spatial_knn_ridge,ENA,SAU,0.0800233646335764,0.0874475919962605,0.0712416571496251,0.1266619395298021,1.3752403333333336,0.0020502629294225,1.3752403333333334,50.61818418398301,0.0388266666666666,8.3,17.299999999999997,4.734081521809201,230.7533668271362,0.2636865078570336,0.2251135958726356,-0.038572911984398,0.038572911984398,11.86802551155998,7.577741041097264,-4.290284470462716,4.290284470462716,2.7719647735757627,3.160801830704409,0.3888370571286463,0.3888370571286463,625.5614942528736,477.93219373219375,-147.6293005206798,147.6293005206798,0.3332258746454959,0.3646288409592436,0.0314029663137476,0.0314029663137476,0.1688618357303399,0.2589121709437478,0.0900503352134079,0.0900503352134079,0.0494158020227599,0.106673368514571,0.0572575664918111,0.0572575664918111,4.632001828479278,6.636155047751923,2.004153219272645,2.004153219272645,12.88812260536398,20.68717948717948,7.799056881815501,7.799056881815501,37.795498084291175,23.68501424501424,-14.110483839276936,14.110483839276936,64.34408812260534,44.18354985754985,-20.160538265055493,20.160538265055493,1.6986412128113502,1.870246544887621,0.1716053320762709,0.1716053320762709,0.0,0.0,1.0,0.027521238780406,0.0525852786083774,retrain,2.233030377629816,0.0,0.0,True,1.833388374232159,1.926213148312691,1.8284593691513409,adapt,1.833388374232159,0.025064039827971403,0.004929005080818172,retrain,1.8284593691513409
spatial_knn_ridge,ENA,WCE,0.0155768146514891,0.0070646327733996,0.0648971559979256,0.0804179053525321,1.1792243333333348,0.0057302233412508,0.8977023333333332,52.59593980873901,0.0586366666666666,6.9,18.0,3.3618316783574302,92.34946629686614,0.2636865078570336,0.3237542919443535,0.0600677840873198,0.0600677840873198,11.86802551155998,6.723463276341766,-5.144562235218213,5.144562235218213,2.7719647735757627,2.2419690223348,-0.5299957512409628,0.5299957512409628,625.5614942528736,592.1126040507456,-33.44889020212793,33.44889020212793,0.3332258746454959,0.362656014520309,0.029430139874813,0.029430139874813,0.1688618357303399,0.2678747838496824,0.0990129481193425,0.0990129481193425,0.0494158020227599,0.0929587726977534,0.0435429706749935,0.0435429706749935,4.632001828479278,4.294581852097624,-0.3374199763816534,0.3374199763816534,12.88812260536398,13.442510572000884,0.554387966636904,0.554387966636904,37.795498084291175,19.799445804584906,-17.99605227970627,17.99605227970627,64.34408812260534,33.70830558646783,-30.635782536137512,30.635782536137512,1.6986412128113502,1.713310364181826,0.0146691513704757,0.0146691513704757,0.0,0.0,1.0,0.0285695538726796,0.0548992414712526,retrain,2.14324299454689,0.0085121818780895,0.0039874731875199,False,2.3793599561452865,2.3934204506874086,2.386439118385315,adapt,2.3793599561452865,0.026329687598573,-0.00707916224002858,adapt,2.3793599561452865
spatial_knn_ridge,ENA,WNA,0.1230161701715903,0.1427452949682868,0.1365913250618108,0.1382535252089499,0.965987666666668,0.0012484780857737,0.8852229999999999,40.732545023455,0.00988,5.800000000000001,12.4,5.0988910823768325,33.44857135742529,0.2636865078570336,0.2731899847020255,0.0095034768449918,0.0095034768449918,11.86802551155998,7.961223747682733,-3.906801763877247,3.906801763877247,2.7719647735757627,2.7543234792434683,-0.0176412943322943,0.0176412943322943,625.5614942528736,934.4202051282052,308.85871087533167,308.85871087533167,0.3332258746454959,0.429573714296412,0.096347839650916,0.096347839650916,0.1688618357303399,0.2938980646746185,0.1250362289442786,0.1250362289442786,0.0494158020227599,0.1470825091117854,0.0976667070890254,0.0976667070890254,4.632001828479278,6.78196426151767,2.149962433038392,2.149962433038392,12.88812260536398,23.09020512820512,10.20208252284114,10.20208252284114,37.795498084291175,23.724938461538457,-14.070559622752718,14.070559622752718,64.34408812260534,39.250704615384606,-25.093383507220736,25.093383507220736,1.6986412128113502,1.6554989468068897,-0.0431422660044604,0.0431422660044604,0.0,0.0,1.0,0.0275617356773379,0.0520472377577921,retrain,2.0778452147887303,0.0,0.0,True,2.241582370293446,2.3599549429233257,2.2216148833128124,adapt,2.241582370293446,0.0244855020804542,0.019967486980633442,retrain,2.2216148833128124
spatial_knn_ridge,MED,CNA,-0.0194289956462982,0.0077495481053442,0.0760398456920254,0.0309612292765704,0.3779263333333431,0.000301685860873,0.3181276666666668,14.76074448450678,0.0090433333333333,2.5,7.900000000000002,4.496722296328454,105.49791444936236,0.1861451202091436,0.1769941429813634,-0.0091509772277801,0.0091509772277801,9.53591246713893,11.7045993843284,2.1686869171894703,2.1686869171894703,3.542390644885146,3.537563069226391,-0.004827575658755,0.004827575658755,735.0091463414634,712.5566210045662,-22.452525336897224,22.452525336897224,0.4203848180768059,0.4114839791493083,-0.0089008389274976,0.0089008389274976,0.3160164627808042,0.1885324106286633,-0.1274840521521409,0.1274840521521409,0.0875235951849466,0.0706025047024773,-0.0169210904824693,0.0169210904824693,8.405440814641642,7.2567876750221885,-1.1486531396194533,1.1486531396194533,28.08231707317072,22.21187214611871,-5.870444927052009,5.870444927052009,30.50050304878048,38.09081050228309,7.590307453502611,7.590307453502611,54.294249999999984,65.53934703196344,11.24509703196346,11.24509703196346,1.7647267297942557,1.722797391119089,-0.0419293386751666,0.0419293386751666,0.0,0.0,1.0,0.022169733327664,0.0445915937873818,retrain,2.296691461240864,0.0,0.0,True,2.4444030202142724,2.425142841388101,2.417191463382277,adapt,2.4444030202142724,0.022421860459717797,0.027211556831995498,retrain,2.417191463382277
spatial_knn_ridge,MED,EAS,-0.0820772019299589,-0.0560745152560144,0.1798219161932554,0.1268476155388327,4.099964333333338,0.0116281047596187,4.097230999999999,343.73557363638906,0.0761733333333333,24.5,65.3,23.794120782473577,110.56668173530544,0.1861451202091436,0.2619645284658203,0.0758194082566767,0.0758194082566767,9.53591246713893,22.32134072090326,12.785428253764332,12.785428253764332,3.542390644885146,3.243094697249479,-0.2992959476356667,0.2992959476356667,735.0091463414634,3905.359090909091,3170.3499445676275,3170.3499445676275,0.4203848180768059,0.5445014743036944,0.1241166562268885,0.1241166562268885,0.3160164627808042,0.3575663621177918,0.0415498993369876,0.0415498993369876,0.0875235951849466,0.1647095879545876,0.077185992769641,0.077185992769641,8.405440814641642,5.973304597322264,-2.432136217319377,2.432136217319377,28.08231707317072,19.794090909090905,-8.288226164079816,8.288226164079816,30.50050304878048,81.67781818181815,51.17731513303767,51.17731513303767,54.294249999999984,152.75432727272724,98.46007727272726,98.46007727272726,1.7647267297942557,1.867813398543564,0.1030866687493083,0.1030866687493083,0.0,0.0,1.0,0.045078684715563,0.198029077385411,retrain,6.008860295469111,0.0560745152560144,0.00941987790698,False,6.509628415107727,6.42403029311787,6.499321603775025,adapt,6.509628415107727,0.152950392669848,0.010306811332702281,deploy,6.42403029311787
spatial_knn_ridge,MED,EAU,-0.01732105536085,-0.0231413440585637,0.0102003626733577,0.0098257045396668,0.5768350000000122,0.0013062406730577,0.5713170000000005,22.90983915342765,0.0201766666666666,3.2,8.8,3.109341123022417,159.00720004724002,0.1861451202091436,0.2062810595178484,0.0201359393087048,0.0201359393087048,9.53591246713893,11.241205060945532,1.705292593806602,1.705292593806602,3.542390644885146,3.3685489949547898,-0.1738416499303561,0.1738416499303561,735.0091463414634,834.2655601659751,99.2564138245117,99.2564138245117,0.4203848180768059,0.4070551376247937,-0.0133296804520122,0.0133296804520122,0.3160164627808042,0.2822674911951668,-0.0337489715856373,0.0337489715856373,0.0875235951849466,0.1358043125815428,0.0482807173965962,0.0482807173965962,8.405440814641642,7.157240483743252,-1.248200330898389,1.248200330898389,28.08231707317072,21.85435684647302,-6.2279602266977,6.2279602266977,30.50050304878048,37.27962655601658,6.7791235072361005,6.7791235072361005,54.294249999999984,65.89961825726138,11.605368257261397,11.605368257261397,1.7647267297942557,1.7478079051967732,-0.0169188245974825,0.0169188245974825,0.0,0.0,1.0,0.0236162769068463,0.0492116639723809,retrain,3.3476790902030915,0.0231413440585637,0.0069607704365519,False,2.6199082378529908,2.6024529013890945,2.633165822978831,adapt,2.6199082378529908,0.0255953870655346,-0.013257585125840077,deploy,2.6024529013890945
spatial_knn_ridge,MED,ENA,-0.0810116757835013,-0.0598431471663878,0.0719449175485476,0.0545109011467251,1.3340900000000104,0.0108063064365864,1.3257773333333334,34.874864921864,0.0780033333333333,7.5,12.7,5.654966772088928,88.86699762037007,0.1861451202091436,0.2636865078570336,0.07754138764789,0.07754138764789,9.53591246713893,11.86802551155998,2.3321130444210496,2.3321130444210496,3.542390644885146,2.7719647735757627,-0.7704258713093832,0.7704258713093832,735.0091463414634,625.5614942528736,-109.44765208858983,109.44765208858983,0.4203848180768059,0.3332258746454959,-0.0871589434313099,0.0871589434313099,0.3160164627808042,0.1688618357303399,-0.1471546270504643,0.1471546270504643,0.0875235951849466,0.0494158020227599,-0.0381077931621866,0.0381077931621866,8.405440814641642,4.632001828479278,-3.773438986162364,3.773438986162364,28.08231707317072,12.88812260536398,-15.19419446780674,15.19419446780674,30.50050304878048,37.795498084291175,7.294995035510695,7.294995035510695,54.294249999999984,64.34408812260534,10.049838122605358,10.049838122605358,1.7647267297942557,1.6986412128113502,-0.0660855169829055,0.0660855169829055,0.0,0.0,1.0,0.0227664683996478,-0.0030109759636722,adapt,3.5218370527143223,0.0810116757835013,0.0235442566561639,False,3.3288544695039364,3.2376256872867715,3.3073838761939856,adapt,3.3288544695039364,-0.02577744436332,0.021470593309950825,deploy,3.2376256872867715
spatial_knn_ridge,MED,NCA,0.0816064578377535,0.0927985300206475,0.1428431196229395,0.0707861941512436,0.722263000000013,0.0046026484936585,0.7222630000000001,15.392666848252327,0.0824466666666666,5.4,4.800000000000001,4.310087516801724,116.55921234492422,0.1861451202091436,0.1028719844975235,-0.0832731357116201,0.0832731357116201,9.53591246713893,10.49152713485848,0.9556146677195496,0.9556146677195496,3.542390644885146,4.969572135421824,1.4271814905366784,1.4271814905366784,735.0091463414634,618.7291666666666,-116.27997967479678,116.27997967479678,0.4203848180768059,0.5612455220231938,0.1408607039463879,0.1408607039463879,0.3160164627808042,0.2626767940245775,-0.0533396687562267,0.0533396687562267,0.0875235951849466,0.0995697692237094,0.0120461740387628,0.0120461740387628,8.405440814641642,15.03081858212739,6.625377767485748,6.625377767485748,28.08231707317072,56.083333333333314,28.001016260162597,28.001016260162597,30.50050304878048,34.16208333333332,3.6615802845528407,3.6615802845528407,54.294249999999984,58.53818749999997,4.243937499999987,4.243937499999987,1.7647267297942557,1.7067006980768993,-0.0580260317173564,0.0580260317173564,0.0,0.0,1.0,0.0249516213122917,0.049275532780164,retrain,1.1637571102215185,0.0,0.0,True,1.1264188552482262,1.208066748248206,1.1164610642525885,adapt,1.1264188552482262,0.0243239114678723,0.00995779099563765,retrain,1.1164610642525885
spatial_knn_ridge,MED,NEU,-0.0720152047872542,-0.0747148009538651,0.1122231362803315,0.1263997953195209,0.9145256666666788,0.030821489904687,0.5346216666666668,18.350350202163888,0.1563699999999999,0.9000000000000004,5.699999999999999,3.97316682889048,18.63900222761006,0.1861451202091436,0.3421046353629576,0.155959515153814,0.155959515153814,9.53591246713893,6.448870032886587,-3.087042434252343,3.087042434252343,3.542390644885146,2.1155132948043303,-1.4268773500808156,1.4268773500808156,735.0091463414634,645.8289596602972,-89.18018668116622,89.18018668116622,0.4203848180768059,0.3633768003955634,-0.0570080176812424,0.0570080176812424,0.3160164627808042,0.2805553338745088,-0.0354611289062953,0.0354611289062953,0.0875235951849466,0.0995128420832286,0.011989246898282,0.011989246898282,8.405440814641642,4.159081780752651,-4.246359033888991,4.246359033888991,28.08231707317072,13.465817409766448,-14.616499663404271,14.616499663404271,30.50050304878048,18.62093630573248,-11.879566743048,11.879566743048,54.294249999999984,30.73014692144373,-23.56410307855625,23.56410307855625,1.7647267297942557,1.6639993521933627,-0.100727377600893,0.100727377600893,0.0,0.0,1.0,0.0176223925164591,0.0490837516691696,retrain,2.3075413031578065,0.0747148009538651,0.0334619823260414,False,2.46327214717865,2.3966535065174104,2.46648766708374,adapt,2.46327214717865,0.0314613591527105,-0.0032155199050900585,deploy,2.3966535065174104
spatial_knn_ridge,MED,NWN,0.0060505922374831,0.0228091325264809,0.0471878274969365,0.0542577436402828,0.7895700000000113,0.011992685971486,0.7771213333333331,12.984319966056006,0.0932033333333333,3.2,6.599999999999998,3.7990692614582713,142.1048479597585,0.1861451202091436,0.2785900849393239,0.0924449647301803,0.0924449647301803,9.53591246713893,7.260695173095203,-2.2752172940437267,2.2752172940437267,3.542390644885146,2.6677455388637004,-0.8746451060214455,0.8746451060214455,735.0091463414634,938.5775956284152,203.56844928695185,203.56844928695185,0.4203848180768059,0.4608008032662643,0.0404159851894584,0.0404159851894584,0.3160164627808042,0.2662126818999085,-0.0498037808808957,0.0498037808808957,0.0875235951849466,0.1568075500848776,0.069283954899931,0.069283954899931,8.405440814641642,5.861973518724925,-2.5434672959167166,2.5434672959167166,28.08231707317072,19.06967213114753,-9.01264494202319,9.01264494202319,30.50050304878048,22.29953551912568,-8.2009675296548,8.2009675296548,54.294249999999984,37.55597267759563,-16.73827732240435,16.73827732240435,1.7647267297942557,1.6943305976016485,-0.0703961321926072,0.0703961321926072,0.0,0.0,1.0,0.0156071524423546,0.0216751934591119,retrain,2.5238332272878763,0.0,0.0,True,2.526306652631916,2.535598982553013,2.508383575032969,adapt,2.526306652631916,0.0060680410167573,0.017923077598946957,retrain,2.508383575032969
spatial_knn_ridge,MED,SAU,-0.022908004430624,-0.0239016763505097,0.021546424576935,0.0238833990409489,0.3160063333333449,0.003927471637781,0.049463,15.743319262118998,0.0391766666666666,0.8000000000000007,4.599999999999998,3.5633458426877147,150.2175969564558,0.1861451202091436,0.2251135958726356,0.038968475663492,0.038968475663492,9.53591246713893,7.577741041097264,-1.958171426041666,1.958171426041666,3.542390644885146,3.160801830704409,-0.3815888141807368,0.3815888141807368,735.0091463414634,477.93219373219375,-257.07695260926965,257.07695260926965,0.4203848180768059,0.3646288409592436,-0.0557559771175623,0.0557559771175623,0.3160164627808042,0.2589121709437478,-0.0571042918370564,0.0571042918370564,0.0875235951849466,0.106673368514571,0.0191497733296244,0.0191497733296244,8.405440814641642,6.636155047751923,-1.7692857668897188,1.7692857668897188,28.08231707317072,20.68717948717948,-7.39513758599124,7.39513758599124,30.50050304878048,23.68501424501424,-6.81548880376624,6.81548880376624,54.294249999999984,44.18354985754985,-10.110700142450137,10.110700142450137,1.7647267297942557,1.870246544887621,0.1055198150933653,0.1055198150933653,0.0,0.0,1.0,0.0224035267125195,0.0484436350144519,retrain,2.233030377629816,0.0239016763505097,0.0108195037874743,False,1.8252655018089163,1.8027733975326237,1.8284593691513409,adapt,1.8252655018089163,0.026040108301932395,-0.00319386734242455,deploy,1.8027733975326237
spatial_knn_ridge,MED,WCE,-0.0655544382333754,-0.0760541800260541,0.0789246502486998,0.0893883809280714,0.7927943333333463,0.0240506119915384,0.4280750000000002,17.721074886875,0.13664,0.5999999999999996,5.300000000000001,4.580067926506824,10.322635159608035,0.1861451202091436,0.3237542919443535,0.1376091717352099,0.1376091717352099,9.53591246713893,6.723463276341766,-2.812449190797164,2.812449190797164,3.542390644885146,2.2419690223348,-1.300421622550346,1.300421622550346,735.0091463414634,592.1126040507456,-142.89654229071778,142.89654229071778,0.4203848180768059,0.362656014520309,-0.0577288035564969,0.0577288035564969,0.3160164627808042,0.2678747838496824,-0.0481416789311218,0.0481416789311218,0.0875235951849466,0.0929587726977534,0.0054351775128068,0.0054351775128068,8.405440814641642,4.294581852097624,-4.110858962544017,4.110858962544017,28.08231707317072,13.442510572000884,-14.639806501169836,14.639806501169836,30.50050304878048,19.799445804584906,-10.701057244195574,10.701057244195574,54.294249999999984,33.70830558646783,-20.585944413532157,20.585944413532157,1.7647267297942557,1.713310364181826,-0.0514163656124297,0.0514163656124297,0.0,0.0,1.0,0.0180925156811114,0.0510587981244603,retrain,2.14324299454689,0.0760541800260541,0.0367911143345089,False,2.3770964695215224,2.3172676112651827,2.386439118385315,adapt,2.3770964695215224,0.0329662824433489,-0.009342648863792657,deploy,2.3172676112651827
spatial_knn_ridge,MED,WNA,-0.0032111502916385,-0.0056557043087788,0.1783485102701103,0.1700821440182764,0.519315666666679,0.010544488976353,0.4405543333333335,5.857680101591001,0.0878833333333333,1.6999999999999993,0.3000000000000007,2.41521312176924,122.1791754254358,0.1861451202091436,0.2731899847020255,0.0870448644928819,0.0870448644928819,9.53591246713893,7.961223747682733,-1.574688719456197,1.574688719456197,3.542390644885146,2.7543234792434683,-0.7880671656416776,0.7880671656416776,735.0091463414634,934.4202051282052,199.41105878674185,199.41105878674185,0.4203848180768059,0.429573714296412,0.0091888962196061,0.0091888962196061,0.3160164627808042,0.2938980646746185,-0.0221183981061857,0.0221183981061857,0.0875235951849466,0.1470825091117854,0.0595589139268387,0.0595589139268387,8.405440814641642,6.78196426151767,-1.6234765531239717,1.6234765531239717,28.08231707317072,23.09020512820512,-4.9921119449656,4.9921119449656,30.50050304878048,23.724938461538457,-6.775564587242023,6.775564587242023,54.294249999999984,39.250704615384606,-15.043545384615378,15.043545384615378,1.7647267297942557,1.6554989468068897,-0.109227782987366,0.109227782987366,0.0,0.0,1.0,0.0225446285150332,0.0468510893201115,retrain,2.0778452147887303,0.0056557043087788,0.0027293373893533,False,2.2196776497364046,2.218284407212184,2.2216148833128124,adapt,2.2196776497364046,0.024306460805078298,-0.0019372335764078485,deploy,2.218284407212184
spatial_knn_ridge,NCA,CNA,-0.082483984972244,-0.0646481809278602,0.0335876249909874,0.0395424399890317,1.041053999999999,0.0047102842550759,1.040390666666667,30.15341133275911,0.0734033333333333,7.9,12.700000000000005,4.460699954893447,12.762112366273143,0.1028719844975235,0.1769941429813634,0.0741221584838399,0.0741221584838399,10.49152713485848,11.7045993843284,1.2130722494699206,1.2130722494699206,4.969572135421824,3.537563069226391,-1.4320090661954334,1.4320090661954334,618.7291666666666,712.5566210045662,93.82745433789955,93.82745433789955,0.5612455220231938,0.4114839791493083,-0.1497615428738855,0.1497615428738855,0.2626767940245775,0.1885324106286633,-0.0741443833959142,0.0741443833959142,0.0995697692237094,0.0706025047024773,-0.0289672645212321,0.0289672645212321,15.03081858212739,7.2567876750221885,-7.774030907105201,7.774030907105201,56.083333333333314,22.21187214611871,-33.87146118721461,33.87146118721461,34.16208333333332,38.09081050228309,3.92872716894977,3.92872716894977,58.53818749999997,65.53934703196344,7.001159531963474,7.001159531963474,1.7067006980768993,1.722797391119089,0.0160966930421897,0.0160966930421897,0.0,0.0,1.0,0.0162094454970646,0.0405089747488548,retrain,2.296691461240864,0.0646481809278602,0.0289636771374767,False,2.4349437628162507,2.3529008150645043,2.417191463382277,adapt,2.4349437628162507,0.0242995292517902,0.017752299433973828,deploy,2.3529008150645043
spatial_knn_ridge,NCA,EAS,-0.1398841966282242,-0.1152442411942917,0.152086662681703,0.2082199191936613,4.819493999999999,0.0253226226117426,4.819493999999999,359.12824048464137,0.15862,29.9,70.1,23.63704841599716,225.8789053346837,0.1028719844975235,0.2619645284658203,0.1590925439682968,0.1590925439682968,10.49152713485848,22.32134072090326,11.829813586044782,11.829813586044782,4.969572135421824,3.243094697249479,-1.7264774381723451,1.7264774381723451,618.7291666666666,3905.359090909091,3286.6299242424243,3286.6299242424243,0.5612455220231938,0.5445014743036944,-0.0167440477194993,0.0167440477194993,0.2626767940245775,0.3575663621177918,0.0948895680932143,0.0948895680932143,0.0995697692237094,0.1647095879545876,0.0651398187308782,0.0651398187308782,15.03081858212739,5.973304597322264,-9.057513984805126,9.057513984805126,56.083333333333314,19.794090909090905,-36.28924242424241,36.28924242424241,34.16208333333332,81.67781818181815,47.51573484848483,47.51573484848483,58.53818749999997,152.75432727272724,94.21613977272727,94.21613977272727,1.7067006980768993,1.867813398543564,0.1611127004666648,0.1611127004666648,0.0,0.0,1.0,0.030736745930575,0.1768005512154648,retrain,6.008860295469111,0.1152442411942917,0.0195540802341037,False,6.514085654778914,6.373128073865717,6.499321603775025,adapt,6.514085654778914,0.14606380528488982,0.014764051003889556,deploy,6.373128073865717
spatial_knn_ridge,NCA,EAU,-0.0688178514543906,-0.0782714518274017,0.0806612475883321,0.1504498385505568,1.2936146666666666,0.0082233440965111,1.2935800000000006,38.30250600167999,0.1026233333333333,8.6,13.6,5.863859366780637,266.0758500565293,0.1028719844975235,0.2062810595178484,0.1034090750203249,0.1034090750203249,10.49152713485848,11.241205060945532,0.7496779260870525,0.7496779260870525,4.969572135421824,3.3685489949547898,-1.6010231404670343,1.6010231404670343,618.7291666666666,834.2655601659751,215.53639349930847,215.53639349930847,0.5612455220231938,0.4070551376247937,-0.1541903843984001,0.1541903843984001,0.2626767940245775,0.2822674911951668,0.0195906971705893,0.0195906971705893,0.0995697692237094,0.1358043125815428,0.0362345433578333,0.0362345433578333,15.03081858212739,7.157240483743252,-7.8735780983841375,7.8735780983841375,56.083333333333314,21.85435684647302,-34.22897648686029,34.22897648686029,34.16208333333332,37.27962655601658,3.11754322268326,3.11754322268326,58.53818749999997,65.89961825726138,7.3614307572614095,7.3614307572614095,1.7067006980768993,1.7478079051967732,0.0411072071198739,0.0411072071198739,0.0,0.0,1.0,0.017115619586451,0.0434398074328734,retrain,3.3476790902030915,0.0782714518274017,0.0239405606412201,False,2.617336731234032,2.5423623862602898,2.633165822978831,adapt,2.617336731234032,0.0263241878464224,-0.015829091744798962,deploy,2.5423623862602898
spatial_knn_ridge,NCA,ENA,-0.1252026037238112,-0.1061068908008122,0.1250180052400897,0.1583314537454483,2.048167000000002,0.0248715000571779,2.0480403333333337,50.267531770116335,0.16045,12.9,17.5,7.192232105523477,28.3461812586143,0.1028719844975235,0.2636865078570336,0.1608145233595101,0.1608145233595101,10.49152713485848,11.86802551155998,1.3764983767015,1.3764983767015,4.969572135421824,2.7719647735757627,-2.1976073618460616,2.1976073618460616,618.7291666666666,625.5614942528736,6.8323275862069295,6.8323275862069295,0.5612455220231938,0.3332258746454959,-0.2280196473776978,0.2280196473776978,0.2626767940245775,0.1688618357303399,-0.0938149582942376,0.0938149582942376,0.0995697692237094,0.0494158020227599,-0.0501539672009495,0.0501539672009495,15.03081858212739,4.632001828479278,-10.398816753648113,10.398816753648113,56.083333333333314,12.88812260536398,-43.19521072796933,43.19521072796933,34.16208333333332,37.795498084291175,3.6334147509578543,3.6334147509578543,58.53818749999997,64.34408812260534,5.805900622605371,5.805900622605371,1.7067006980768993,1.6986412128113502,-0.0080594852655491,0.0080594852655491,0.0,0.0,1.0,0.017460146866181,-0.0117395858959674,adapt,3.519764237020208,0.1252026037238112,0.0368832907600588,False,3.32684063911438,3.189794472122558,3.3073838761939856,adapt,3.32684063911438,-0.0291997327621484,0.019456762920394333,deploy,3.189794472122558
spatial_knn_ridge,NCA,MED,-0.0720380828147984,-0.0640205335689756,0.0707861941512436,0.1428431196229395,0.722263000000013,0.0049901067396023,0.7222630000000001,15.392666848252327,0.0824466666666666,5.4,4.800000000000001,4.310087516801724,116.55921234492422,0.1028719844975235,0.1861451202091436,0.0832731357116201,0.0832731357116201,10.49152713485848,9.53591246713893,-0.9556146677195496,0.9556146677195496,4.969572135421824,3.542390644885146,-1.4271814905366784,1.4271814905366784,618.7291666666666,735.0091463414634,116.27997967479678,116.27997967479678,0.5612455220231938,0.4203848180768059,-0.1408607039463879,0.1408607039463879,0.2626767940245775,0.3160164627808042,0.0533396687562267,0.0533396687562267,0.0995697692237094,0.0875235951849466,-0.0120461740387628,0.0120461740387628,15.03081858212739,8.405440814641642,-6.625377767485748,6.625377767485748,56.083333333333314,28.08231707317072,-28.001016260162597,28.001016260162597,34.16208333333332,30.50050304878048,-3.6615802845528407,3.6615802845528407,58.53818749999997,54.294249999999984,-4.243937499999987,4.243937499999987,1.7067006980768993,1.7647267297942557,0.0580260317173564,0.0580260317173564,0.0,0.0,1.0,-0.0431303242722929,-0.0832271492544196,deploy,1.7649652781646423,0.0,0.0,True,1.924595796662133,1.8538946715615143,1.9147385309745624,deploy,1.8538946715615143,-0.0832271492544196,-0.06084385941304804,deploy,1.8538946715615143
spatial_knn_ridge,NCA,NEU,-0.0996464415788653,-0.1043512041568757,0.2992586729119221,0.4576474431068056,1.424669333333333,0.0473652420852603,1.2568846666666669,2.957683353911559,0.2388166666666666,6.300000000000001,0.8999999999999986,4.660385343481388,123.03747422185748,0.1028719844975235,0.3421046353629576,0.2392326508654341,0.2392326508654341,10.49152713485848,6.448870032886587,-4.042657101971892,4.042657101971892,4.969572135421824,2.1155132948043303,-2.854058840617494,2.854058840617494,618.7291666666666,645.8289596602972,27.09979299363056,27.09979299363056,0.5612455220231938,0.3633768003955634,-0.1978687216276303,0.1978687216276303,0.2626767940245775,0.2805553338745088,0.0178785398499313,0.0178785398499313,0.0995697692237094,0.0995128420832286,-5.692714048080583e-05,5.692714048080583e-05,15.03081858212739,4.159081780752651,-10.87173680137474,10.87173680137474,56.083333333333314,13.465817409766448,-42.61751592356687,42.61751592356687,34.16208333333332,18.62093630573248,-15.54114702760084,15.54114702760084,58.53818749999997,30.73014692144373,-27.80804057855624,27.80804057855624,1.7067006980768993,1.6639993521933627,-0.0427013458835365,0.0427013458835365,0.0,0.0,1.0,0.0044104821864672,0.0435908845492273,retrain,2.3075413031578065,0.1043512041568757,0.0473636860496946,False,2.4617306966781616,2.370496190905571,2.46648766708374,adapt,2.4617306966781616,0.0391804023627601,-0.004756970405578542,deploy,2.370496190905571
spatial_knn_ridge,NCA,NWN,-0.0480345709076344,-0.0149174182792832,0.1735971373871446,0.2516817734203442,1.5014383333333323,0.024600509562231,1.4993843333333332,28.37698681430833,0.17565,8.6,11.4,5.597053402863254,36.25401422795071,0.1028719844975235,0.2785900849393239,0.1757181004418004,0.1757181004418004,10.49152713485848,7.260695173095203,-3.2308319617632764,3.2308319617632764,4.969572135421824,2.6677455388637004,-2.301826596558124,2.301826596558124,618.7291666666666,938.5775956284152,319.8484289617486,319.8484289617486,0.5612455220231938,0.4608008032662643,-0.1004447187569294,0.1004447187569294,0.2626767940245775,0.2662126818999085,0.0035358878753309,0.0035358878753309,0.0995697692237094,0.1568075500848776,0.0572377808611681,0.0572377808611681,15.03081858212739,5.861973518724925,-9.168845063402465,9.168845063402465,56.083333333333314,19.06967213114753,-37.01366120218579,37.01366120218579,34.16208333333332,22.29953551912568,-11.86254781420764,11.86254781420764,58.53818749999997,37.55597267759563,-20.982214822404337,20.982214822404337,1.7067006980768993,1.6943305976016485,-0.0123701004752507,0.0123701004752507,0.0,0.0,1.0,0.0030568002299988,-0.0141730776556609,adapt,2.5569503799162274,0.0480345709076344,0.0191455491392576,False,2.543452854690656,2.4960463571418177,2.508383575032969,adapt,2.543452854690656,-0.0172298778856597,0.0350692796576868,deploy,2.4960463571418177
spatial_knn_ridge,NCA,SAU,-0.0712368408499277,-0.069796965502606,0.1465606040094893,0.312114375939931,0.741513333333332,0.0131542020682031,0.6728000000000001,0.3506524138666691,0.1216233333333333,4.6,0.2000000000000028,2.8123950007823195,254.75010756009087,0.1028719844975235,0.2251135958726356,0.1222416113751121,0.1222416113751121,10.49152713485848,7.577741041097264,-2.913786093761216,2.913786093761216,4.969572135421824,3.160801830704409,-1.8087703047174155,1.8087703047174155,618.7291666666666,477.93219373219375,-140.79697293447288,140.79697293447288,0.5612455220231938,0.3646288409592436,-0.1966166810639502,0.1966166810639502,0.2626767940245775,0.2589121709437478,-0.0037646230808296,0.0037646230808296,0.0995697692237094,0.106673368514571,0.0071035992908616,0.0071035992908616,15.03081858212739,6.636155047751923,-8.394663534375468,8.394663534375468,56.083333333333314,20.68717948717948,-35.39615384615384,35.39615384615384,34.16208333333332,23.68501424501424,-10.47706908831908,10.47706908831908,58.53818749999997,44.18354985754985,-14.354637642450122,14.354637642450122,1.7067006980768993,1.870246544887621,0.1635458468107218,0.1635458468107218,0.0,0.0,1.0,0.0159782205179122,0.0421272169265838,retrain,2.233030377629816,0.069796965502606,0.0322651106955543,False,1.828824240257937,1.7499975353224664,1.8284593691513409,adapt,1.828824240257937,0.026148996408671597,0.0003648711065962207,deploy,1.7499975353224664
spatial_knn_ridge,NCA,WCE,-0.0983180484771728,-0.1099831809997557,0.2387278431099952,0.3579202238961932,1.2955813333333333,0.040048079230855,1.1503380000000003,2.3284080386226726,0.2190866666666666,6.0,0.5,4.401611401113482,120.48428220340084,0.1028719844975235,0.3237542919443535,0.22088230744683,0.22088230744683,10.49152713485848,6.723463276341766,-3.7680638585167134,3.7680638585167134,4.969572135421824,2.2419690223348,-2.7276031130870244,2.7276031130870244,618.7291666666666,592.1126040507456,-26.616562615921,26.616562615921,0.5612455220231938,0.362656014520309,-0.1985895075028848,0.1985895075028848,0.2626767940245775,0.2678747838496824,0.0051979898251048,0.0051979898251048,0.0995697692237094,0.0929587726977534,-0.0066109965259559,0.0066109965259559,15.03081858212739,4.294581852097624,-10.736236730029766,10.736236730029766,56.083333333333314,13.442510572000884,-42.64082276133243,42.64082276133243,34.16208333333332,19.799445804584906,-14.362637528748415,14.362637528748415,58.53818749999997,33.70830558646783,-24.82988191353214,24.82988191353214,1.7067006980768993,1.713310364181826,0.0066096661049266,0.0066096661049266,0.0,0.0,1.0,0.0054959621505978,0.0461810706805816,retrain,2.14324299454689,0.1099831809997557,0.0540920448370462,False,2.375963615298271,2.2868165930509567,2.386439118385315,adapt,2.375963615298271,0.040685108529983804,-0.010475503087044036,deploy,2.2868165930509567
spatial_knn_ridge,NCA,WNA,-0.0690469463971941,-0.0675676470230781,0.1114378890026565,0.1700005540521379,1.1762033333333328,0.0224518749530011,1.1628173333333336,9.534986746661328,0.17033,7.1,5.100000000000001,5.762711567736889,11.95513233006116,0.1028719844975235,0.2731899847020255,0.170318000204502,0.170318000204502,10.49152713485848,7.961223747682733,-2.5303033871757465,2.5303033871757465,4.969572135421824,2.7543234792434683,-2.215248656178356,2.215248656178356,618.7291666666666,934.4202051282052,315.6910384615386,315.6910384615386,0.5612455220231938,0.429573714296412,-0.1316718077267817,0.1316718077267817,0.2626767940245775,0.2938980646746185,0.0312212706500409,0.0312212706500409,0.0995697692237094,0.1470825091117854,0.0475127398880759,0.0475127398880759,15.03081858212739,6.78196426151767,-8.24885432060972,8.24885432060972,56.083333333333314,23.09020512820512,-32.993128205128194,32.993128205128194,34.16208333333332,23.724938461538457,-10.437144871794864,10.437144871794864,58.53818749999997,39.250704615384606,-19.287482884615365,19.287482884615365,1.7067006980768993,1.6554989468068897,-0.0512017512700095,0.0512017512700095,0.0,0.0,1.0,0.0166937199419373,0.042024627744155,retrain,2.0778452147887303,0.0675676470230781,0.0336111033155372,False,2.2234566253270858,2.159369190839621,2.2216148833128124,adapt,2.2234566253270858,0.0253309078022177,0.0018417420142733398,deploy,2.159369190839621
spatial_knn_ridge,NEU,CNA,0.1280398777086437,0.1615057405271485,0.2502726223931507,0.1738147864446911,1.159181333333335,0.0318224400677829,0.2164939999999999,33.11109468667067,0.1654133333333333,1.5999999999999996,13.6,3.040038548015044,111.12624456065464,0.3421046353629576,0.1769941429813634,-0.1651104923815942,0.1651104923815942,6.448870032886587,11.7045993843284,5.255729351441813,5.255729351441813,2.1155132948043303,3.537563069226391,1.4220497744220606,1.4220497744220606,645.8289596602972,712.5566210045662,66.727661344269,66.727661344269,0.3633768003955634,0.4114839791493083,0.0481071787537448,0.0481071787537448,0.2805553338745088,0.1885324106286633,-0.0920229232458455,0.0920229232458455,0.0995128420832286,0.0706025047024773,-0.0289103373807513,0.0289103373807513,4.159081780752651,7.2567876750221885,3.097705894269538,3.097705894269538,13.465817409766448,22.21187214611871,8.746054736352264,8.746054736352264,18.62093630573248,38.09081050228309,19.46987419655061,19.46987419655061,30.73014692144373,65.53934703196344,34.80920011051971,34.80920011051971,1.6639993521933627,1.722797391119089,0.0587980389257263,0.0587980389257263,0.0,0.0,1.0,0.0286588559789435,0.0485886974589196,retrain,2.296691461240864,0.0,0.0,True,2.45081371422772,2.577561557837273,2.417191463382277,adapt,2.45081371422772,0.019929841479976097,0.03362225084544335,retrain,2.417191463382277
spatial_knn_ridge,NEU,EAS,0.0259790203788057,0.0445834766734725,0.3255549404609843,0.2192852597585832,3.944982666666665,0.0123693278963548,3.562609333333332,362.0859238385529,0.0801966666666666,23.6,71.0,20.742974666106296,110.8114152256408,0.3421046353629576,0.2619645284658203,-0.0801401068971373,0.0801401068971373,6.448870032886587,22.32134072090326,15.872470688016676,15.872470688016676,2.1155132948043303,3.243094697249479,1.127581402445149,1.127581402445149,645.8289596602972,3905.359090909091,3259.5301312487936,3259.5301312487936,0.3633768003955634,0.5445014743036944,0.181124673908131,0.181124673908131,0.2805553338745088,0.3575663621177918,0.0770110282432829,0.0770110282432829,0.0995128420832286,0.1647095879545876,0.065196745871359,0.065196745871359,4.159081780752651,5.973304597322264,1.8142228165696137,1.8142228165696137,13.465817409766448,19.794090909090905,6.328273499324457,6.328273499324457,18.62093630573248,81.67781818181815,63.05688187608567,63.05688187608567,30.73014692144373,152.75432727272724,122.0241803512835,122.0241803512835,1.6639993521933627,1.867813398543564,0.2038140463502014,0.2038140463502014,0.0,0.0,1.0,0.0607278361318052,0.2333393318972588,retrain,6.008860295469111,0.0,0.0,True,6.515297920053656,6.525698861208829,6.499321603775025,adapt,6.515297920053656,0.1726114957654536,0.015976316278631053,retrain,6.499321603775025
spatial_knn_ridge,NEU,EAU,0.1055253234641679,0.0973402978968325,0.1531251642158752,0.1277256996279793,1.065779333333332,0.0246613971450508,0.0366953333333337,41.26018935559154,0.1361933333333333,2.299999999999999,14.5,3.849268168393619,164.64679029066758,0.3421046353629576,0.2062810595178484,-0.1358235758451092,0.1358235758451092,6.448870032886587,11.241205060945532,4.792335028058945,4.792335028058945,2.1155132948043303,3.3685489949547898,1.2530357001504595,1.2530357001504595,645.8289596602972,834.2655601659751,188.43660050567792,188.43660050567792,0.3633768003955634,0.4070551376247937,0.0436783372292302,0.0436783372292302,0.2805553338745088,0.2822674911951668,0.0017121573206579,0.0017121573206579,0.0995128420832286,0.1358043125815428,0.0362914704983142,0.0362914704983142,4.159081780752651,7.157240483743252,2.998158702990602,2.998158702990602,13.465817409766448,21.85435684647302,8.388539436706573,8.388539436706573,18.62093630573248,37.27962655601658,18.6586902502841,18.6586902502841,30.73014692144373,65.89961825726138,35.16947133581765,35.16947133581765,1.6639993521933627,1.7478079051967732,0.0838085530034105,0.0838085530034105,0.0,0.0,1.0,0.0300169057965737,0.0527966798585665,retrain,3.3476790902030915,0.0081850255673354,0.0024509777256418,False,2.620953343715905,2.7447736327578918,2.633165822978831,adapt,2.620953343715905,0.022779774061992802,-0.01221247926292568,adapt,2.620953343715905
spatial_knn_ridge,NEU,ENA,0.0158190270493316,0.0428657246275423,0.1204666355322599,0.0912638502539332,1.2154583333333342,0.0103736066585717,0.7911556666666666,53.22521512402789,0.0783666666666666,6.6,18.4,3.2538559711562844,94.7228781846377,0.3421046353629576,0.2636865078570336,-0.0784181275059239,0.0784181275059239,6.448870032886587,11.86802551155998,5.419155478673392,5.419155478673392,2.1155132948043303,2.7719647735757627,0.6564514787714324,0.6564514787714324,645.8289596602972,625.5614942528736,-20.26746540742363,20.26746540742363,0.3633768003955634,0.3332258746454959,-0.0301509257500675,0.0301509257500675,0.2805553338745088,0.1688618357303399,-0.1116934981441689,0.1116934981441689,0.0995128420832286,0.0494158020227599,-0.0500970400604686,0.0500970400604686,4.159081780752651,4.632001828479278,0.4729200477266273,0.4729200477266273,13.465817409766448,12.88812260536398,-0.5776948044024675,0.5776948044024675,18.62093630573248,37.795498084291175,19.174561778558694,19.174561778558694,30.73014692144373,64.34408812260534,33.61394120116161,33.61394120116161,1.6639993521933627,1.6986412128113502,0.0346418606179874,0.0346418606179874,0.0,0.0,1.0,0.0279815798942189,0.0474394060280084,retrain,3.500668524097209,0.0,0.0,True,3.3354357768749368,3.347433947055276,3.3073838761939856,adapt,3.3354357768749368,0.019457826133789498,0.028051900680951203,retrain,3.3073838761939856
spatial_knn_ridge,NEU,MED,0.1463332332488969,0.1544831209793324,0.1263997953195209,0.1122231362803315,0.9145256666666788,0.0303762592669469,0.5346216666666668,18.350350202163888,0.1563699999999999,0.9000000000000004,5.699999999999999,3.97316682889048,18.63900222761006,0.3421046353629576,0.1861451202091436,-0.155959515153814,0.155959515153814,6.448870032886587,9.53591246713893,3.087042434252343,3.087042434252343,2.1155132948043303,3.542390644885146,1.4268773500808156,1.4268773500808156,645.8289596602972,735.0091463414634,89.18018668116622,89.18018668116622,0.3633768003955634,0.4203848180768059,0.0570080176812424,0.0570080176812424,0.2805553338745088,0.3160164627808042,0.0354611289062953,0.0354611289062953,0.0995128420832286,0.0875235951849466,-0.011989246898282,0.011989246898282,4.159081780752651,8.405440814641642,4.246359033888991,4.246359033888991,13.465817409766448,28.08231707317072,14.616499663404271,14.616499663404271,18.62093630573248,30.50050304878048,11.879566743048,11.879566743048,30.73014692144373,54.294249999999984,23.56410307855625,23.56410307855625,1.6639993521933627,1.7647267297942557,0.100727377600893,0.100727377600893,0.0,0.0,1.0,0.042214459527831,-0.0112455996548073,adapt,1.8371356994640533,0.0081498877304355,0.0044559600616642,False,1.924552284181118,2.0673187158820108,1.9147385309745624,adapt,1.924552284181118,-0.0534600591826383,0.009813753206555642,retrain,1.9147385309745624
spatial_knn_ridge,NEU,NCA,0.2789823679874339,0.2884638110796609,0.4576474431068056,0.2992586729119221,1.424669333333333,0.0646242029690018,1.2568846666666669,2.957683353911559,0.2388166666666666,6.300000000000001,0.8999999999999986,4.660385343481388,123.03747422185748,0.3421046353629576,0.1028719844975235,-0.2392326508654341,0.2392326508654341,6.448870032886587,10.49152713485848,4.042657101971892,4.042657101971892,2.1155132948043303,4.969572135421824,2.854058840617494,2.854058840617494,645.8289596602972,618.7291666666666,-27.09979299363056,27.09979299363056,0.3633768003955634,0.5612455220231938,0.1978687216276303,0.1978687216276303,0.2805553338745088,0.2626767940245775,-0.0178785398499313,0.0178785398499313,0.0995128420832286,0.0995697692237094,5.692714048080583e-05,5.692714048080583e-05,4.159081780752651,15.03081858212739,10.87173680137474,10.87173680137474,13.465817409766448,56.083333333333314,42.61751592356687,42.61751592356687,18.62093630573248,34.16208333333332,15.54114702760084,15.54114702760084,30.73014692144373,58.53818749999997,27.80804057855624,27.80804057855624,1.6639993521933627,1.7067006980768993,0.0427013458835365,0.0427013458835365,0.0,0.0,1.0,0.0279517483486398,0.050817017539278,retrain,1.1637571102215185,0.0,0.0,True,1.1247435123142269,1.4041563032401934,1.1164610642525885,adapt,1.1247435123142269,0.022865269190638204,0.008282448061638359,retrain,1.1164610642525885
spatial_knn_ridge,NEU,NWN,0.117047767495849,0.1227358784831937,0.0327852438243196,0.0318548299884077,0.7121876666666669,0.0056672577548024,0.2424996666666663,31.33467016821989,0.0631666666666666,2.299999999999999,12.299999999999995,1.7355019433796166,144.80471231560347,0.3421046353629576,0.2785900849393239,-0.0635145504236336,0.0635145504236336,6.448870032886587,7.260695173095203,0.8118251402086161,0.8118251402086161,2.1155132948043303,2.6677455388637004,0.5522322440593701,0.5522322440593701,645.8289596602972,938.5775956284152,292.74863596811804,292.74863596811804,0.3633768003955634,0.4608008032662643,0.0974240028707009,0.0974240028707009,0.2805553338745088,0.2662126818999085,-0.0143426519746003,0.0143426519746003,0.0995128420832286,0.1568075500848776,0.057294708001649,0.057294708001649,4.159081780752651,5.861973518724925,1.7028917379722746,1.7028917379722746,13.465817409766448,19.06967213114753,5.603854721381083,5.603854721381083,18.62093630573248,22.29953551912568,3.6785992133931984,3.6785992133931984,30.73014692144373,37.55597267759563,6.825825756151904,6.825825756151904,1.6639993521933627,1.6943305976016485,0.0303312454082858,0.0303312454082858,0.0,0.0,1.0,0.0280039711339925,0.0541020513909119,retrain,2.5238332272878763,0.0,0.0,True,2.514903786729594,2.6393143612830365,2.508383575032969,adapt,2.514903786729594,0.026098080256919398,0.006520211696624756,retrain,2.508383575032969
spatial_knn_ridge,NEU,SAU,0.0907495865794674,0.0908094024726127,0.0639276505113579,0.0581135788537044,0.6876120000000006,0.0149814472995131,0.5840846666666668,2.60703094004489,0.1171933333333333,1.700000000000001,1.1000000000000014,2.485593260056896,157.19668461607165,0.3421046353629576,0.2251135958726356,-0.116991039490322,0.116991039490322,6.448870032886587,7.577741041097264,1.1288710082106768,1.1288710082106768,2.1155132948043303,3.160801830704409,1.0452885359000788,1.0452885359000788,645.8289596602972,477.93219373219375,-167.89676592810343,167.89676592810343,0.3633768003955634,0.3646288409592436,0.0012520405636801,0.0012520405636801,0.2805553338745088,0.2589121709437478,-0.021643162930761,0.021643162930761,0.0995128420832286,0.106673368514571,0.0071605264313424,0.0071605264313424,4.159081780752651,6.636155047751923,2.4770732669992723,2.4770732669992723,13.465817409766448,20.68717948717948,7.221362077413033,7.221362077413033,18.62093630573248,23.68501424501424,5.064077939281759,5.064077939281759,30.73014692144373,44.18354985754985,13.45340293610612,13.45340293610612,1.6639993521933627,1.870246544887621,0.2062471926942584,0.2062471926942584,0.0,0.0,1.0,0.0281955195249843,0.0517375907228124,retrain,2.233030377629816,0.0,0.0,True,1.827749542191497,1.9343646093990727,1.8284593691513409,adapt,1.827749542191497,0.0235420711978281,-0.0007098269598437845,adapt,1.827749542191497
spatial_knn_ridge,NEU,WCE,0.0264973477125165,0.0123943268060684,0.0048169406261648,0.004688979841334,0.1300246666666656,0.000797728377494,0.1065466666666665,0.6292753152888864,0.0197299999999999,0.3000000000000007,0.3999999999999986,1.7450830251376692,8.370414778311103,0.3421046353629576,0.3237542919443535,-0.018350343418604,0.018350343418604,6.448870032886587,6.723463276341766,0.274593243455179,0.274593243455179,2.1155132948043303,2.2419690223348,0.1264557275304696,0.1264557275304696,645.8289596602972,592.1126040507456,-53.71635560955156,53.71635560955156,0.3633768003955634,0.362656014520309,-0.0007207858752544,0.0007207858752544,0.2805553338745088,0.2678747838496824,-0.0126805500248264,0.0126805500248264,0.0995128420832286,0.0929587726977534,-0.0065540693854751,0.0065540693854751,4.159081780752651,4.294581852097624,0.1355000713449738,0.1355000713449738,13.465817409766448,13.442510572000884,-0.0233068377655634,0.0233068377655634,18.62093630573248,19.799445804584906,1.1785094988524245,1.1785094988524245,30.73014692144373,33.70830558646783,2.9781586650241003,2.9781586650241003,1.6639993521933627,1.713310364181826,0.0493110119884632,0.0493110119884632,0.0,0.0,1.0,0.0271752503671103,0.0533913328705327,retrain,2.14324299454689,0.0141030209064481,0.0066238110603571,False,2.373384312987328,2.397602029681206,2.386439118385315,adapt,2.373384312987328,0.026216082503422403,-0.013054805397986868,adapt,2.373384312987328
spatial_knn_ridge,NEU,WNA,0.1223968070286969,0.1202897972021346,0.3612235093684073,0.226160595311277,0.4950826666666661,0.0074197649268636,0.0940673333333332,12.492670100572887,0.0684866666666666,0.7999999999999989,6.0,4.352830920224582,127.06894947565732,0.3421046353629576,0.2731899847020255,-0.0689146506609321,0.0689146506609321,6.448870032886587,7.961223747682733,1.512353714796146,1.512353714796146,2.1155132948043303,2.7543234792434683,0.6388101844391381,0.6388101844391381,645.8289596602972,934.4202051282052,288.59124546790804,288.59124546790804,0.3633768003955634,0.429573714296412,0.0661969139008485,0.0661969139008485,0.2805553338745088,0.2938980646746185,0.0133427308001096,0.0133427308001096,0.0995128420832286,0.1470825091117854,0.0475696670285567,0.0475696670285567,4.159081780752651,6.78196426151767,2.6228824807650195,2.6228824807650195,13.465817409766448,23.09020512820512,9.624387718438673,9.624387718438673,18.62093630573248,23.724938461538457,5.104002155805976,5.104002155805976,30.73014692144373,39.250704615384606,8.520557693940876,8.520557693940876,1.6639993521933627,1.6554989468068897,-0.008500405386473,0.008500405386473,0.0,0.0,1.0,0.0284644323519288,0.0509400559049855,retrain,2.0778452147887303,0.0021070098265623,0.0010150653013589,False,2.2200152686314705,2.336961147601788,2.2216148833128124,adapt,2.2200152686314705,0.0224756235530567,-0.0015996146813419543,adapt,2.2200152686314705
spatial_knn_ridge,NWN,CNA,0.0975493531521047,0.1364516458010563,0.1094109884519611,0.0747677822866292,0.5199483333333345,0.0108738875885712,0.4589936666666663,1.7764245184507743,0.1022466666666666,0.6999999999999993,1.3000000000000045,3.5708264789205124,40.562142814563344,0.2785900849393239,0.1769941429813634,-0.1015959419579605,0.1015959419579605,7.260695173095203,11.7045993843284,4.443904211233197,4.443904211233197,2.6677455388637004,3.537563069226391,0.8698175303626905,0.8698175303626905,938.5775956284152,712.5566210045662,-226.02097462384904,226.02097462384904,0.4608008032662643,0.4114839791493083,-0.049316824116956,0.049316824116956,0.2662126818999085,0.1885324106286633,-0.0776802712712451,0.0776802712712451,0.1568075500848776,0.0706025047024773,-0.0862050453824003,0.0862050453824003,5.861973518724925,7.2567876750221885,1.3948141562972634,1.3948141562972634,19.06967213114753,22.21187214611871,3.1422000149711806,3.1422000149711806,22.29953551912568,38.09081050228309,15.791274983157413,15.791274983157413,37.55597267759563,65.53934703196344,27.98337435436781,27.98337435436781,1.6943305976016485,1.722797391119089,0.0284667935174405,0.0284667935174405,0.0,0.0,1.0,0.0259070854175389,0.0472370256171775,retrain,2.296691461240864,0.0,0.0,True,2.4563896374343197,2.5514968718023603,2.417191463382277,adapt,2.4563896374343197,0.0213299401996386,0.039198174052042845,retrain,2.417191463382277
spatial_knn_ridge,NWN,EAS,-0.0733477050607858,-0.0591380487788812,0.189945794069555,0.1117198813376448,3.3961209999999986,0.0029094575617674,3.320109666666666,330.751253670333,0.0170299999999999,21.3,58.7,20.7525751864546,252.6687070192516,0.2785900849393239,0.2619645284658203,-0.0166255564735036,0.0166255564735036,7.260695173095203,22.32134072090326,15.060645547808058,15.060645547808058,2.6677455388637004,3.243094697249479,0.5753491583857788,0.5753491583857788,938.5775956284152,3905.359090909091,2966.781495280676,2966.781495280676,0.4608008032662643,0.5445014743036944,0.0837006710374301,0.0837006710374301,0.2662126818999085,0.3575663621177918,0.0913536802178833,0.0913536802178833,0.1568075500848776,0.1647095879545876,0.0079020378697099,0.0079020378697099,5.861973518724925,5.973304597322264,0.1113310785973391,0.1113310785973391,19.06967213114753,19.794090909090905,0.7244187779433737,0.7244187779433737,22.29953551912568,81.67781818181815,59.37828266269247,59.37828266269247,37.55597267759563,152.75432727272724,115.1983545951316,115.1983545951316,1.6943305976016485,1.867813398543564,0.1734828009419156,0.1734828009419156,0.0,0.0,1.0,0.0498082959298237,0.1929519727016612,retrain,6.008860295469111,0.0591380487788812,0.009939631856223,False,6.520483125339855,6.557975977117365,6.499321603775025,adapt,6.520483125339855,0.1431436767718375,0.021161521564830643,retrain,6.499321603775025
spatial_knn_ridge,NWN,EAU,0.0626465923063981,0.0525970978360947,0.0705039721820224,0.055708284263429,0.3708349999999986,0.0067899266791311,0.2058043333333326,9.925519187371648,0.0730266666666666,0.0,2.200000000000003,3.661759486066516,296.968235281046,0.2785900849393239,0.2062810595178484,-0.0723090254214755,0.0723090254214755,7.260695173095203,11.241205060945532,3.980509887850329,3.980509887850329,2.6677455388637004,3.3685489949547898,0.7008034560910894,0.7008034560910894,938.5775956284152,834.2655601659751,-104.31203546244012,104.31203546244012,0.4608008032662643,0.4070551376247937,-0.0537456656414706,0.0537456656414706,0.2662126818999085,0.2822674911951668,0.0160548092952583,0.0160548092952583,0.1568075500848776,0.1358043125815428,-0.0210032375033348,0.0210032375033348,5.861973518724925,7.157240483743252,1.2952669650183273,1.2952669650183273,19.06967213114753,21.85435684647302,2.78468471532549,2.78468471532549,22.29953551912568,37.27962655601658,14.9800910368909,14.9800910368909,37.55597267759563,65.89961825726138,28.343645579665747,28.343645579665747,1.6943305976016485,1.7478079051967732,0.0534773075951247,0.0534773075951247,0.0,0.0,1.0,0.0266888619343633,0.0503027900440181,retrain,3.3476790902030915,0.0100494944703033,0.0030109675690651,False,2.621489620307669,2.7081833261671897,2.633165822978831,adapt,2.621489620307669,0.023613928109654802,-0.01167620267116165,adapt,2.621489620307669
spatial_knn_ridge,NWN,ENA,0.0933089434415448,0.118797319602236,0.0415661374998263,0.0284521770745116,0.630425333333334,0.0017239319886379,0.5486560000000003,21.890544955808,0.0151999999999999,4.300000000000001,6.100000000000001,2.8334670781801767,55.533369801321,0.2785900849393239,0.2636865078570336,-0.0149035770822902,0.0149035770822902,7.260695173095203,11.86802551155998,4.607330338464776,4.607330338464776,2.6677455388637004,2.7719647735757627,0.1042192347120622,0.1042192347120622,938.5775956284152,625.5614942528736,-313.01610137554167,313.01610137554167,0.4608008032662643,0.3332258746454959,-0.1275749286207684,0.1275749286207684,0.2662126818999085,0.1688618357303399,-0.0973508461695686,0.0973508461695686,0.1568075500848776,0.0494158020227599,-0.1073917480621177,0.1073917480621177,5.861973518724925,4.632001828479278,-1.2299716902456472,1.2299716902456472,19.06967213114753,12.88812260536398,-6.18154952578355,6.18154952578355,22.29953551912568,37.795498084291175,15.495962565165495,15.495962565165495,37.55597267759563,64.34408812260534,26.78811544500971,26.78811544500971,1.6943305976016485,1.6986412128113502,0.0043106152097016,0.0043106152097016,0.0,0.0,1.0,0.025319148047429,0.0477723957824919,retrain,3.500668524097209,0.0,0.0,True,3.334742345344061,3.410433508655577,3.3073838761939856,adapt,3.334742345344061,0.0224532477350629,0.02735846915007567,retrain,3.3073838761939856
spatial_knn_ridge,NWN,MED,0.0576680704224401,0.0666064583673711,0.0542577436402828,0.0471878274969365,0.7895700000000113,0.0101449722907493,0.7771213333333331,12.984319966056006,0.0932033333333333,3.2,6.599999999999998,3.7990692614582713,142.1048479597585,0.2785900849393239,0.1861451202091436,-0.0924449647301803,0.0924449647301803,7.260695173095203,9.53591246713893,2.2752172940437267,2.2752172940437267,2.6677455388637004,3.542390644885146,0.8746451060214455,0.8746451060214455,938.5775956284152,735.0091463414634,-203.56844928695185,203.56844928695185,0.4608008032662643,0.4203848180768059,-0.0404159851894584,0.0404159851894584,0.2662126818999085,0.3160164627808042,0.0498037808808957,0.0498037808808957,0.1568075500848776,0.0875235951849466,-0.069283954899931,0.069283954899931,5.861973518724925,8.405440814641642,2.5434672959167166,2.5434672959167166,19.06967213114753,28.08231707317072,9.01264494202319,9.01264494202319,22.29953551912568,30.50050304878048,8.2009675296548,8.2009675296548,37.55597267759563,54.294249999999984,16.73827732240435,16.73827732240435,1.6943305976016485,1.7647267297942557,0.0703961321926072,0.0703961321926072,0.0,0.0,1.0,0.0326857651358959,-0.0078339133919069,adapt,1.837924199678549,0.0089383879449309,0.0048870734193714,False,1.926106027077611,1.9932665156155096,1.9147385309745624,adapt,1.926106027077611,-0.0405196785278028,0.011367496103048547,retrain,1.9147385309745624
spatial_knn_ridge,NWN,NCA,0.1324663671354453,0.1440988567968208,0.2516817734203442,0.1735971373871446,1.5014383333333323,0.0325290641142297,1.4993843333333332,28.37698681430833,0.17565,8.6,11.4,5.597053402863254,36.25401422795071,0.2785900849393239,0.1028719844975235,-0.1757181004418004,0.1757181004418004,7.260695173095203,10.49152713485848,3.2308319617632764,3.2308319617632764,2.6677455388637004,4.969572135421824,2.301826596558124,2.301826596558124,938.5775956284152,618.7291666666666,-319.8484289617486,319.8484289617486,0.4608008032662643,0.5612455220231938,0.1004447187569294,0.1004447187569294,0.2662126818999085,0.2626767940245775,-0.0035358878753309,0.0035358878753309,0.1568075500848776,0.0995697692237094,-0.0572377808611681,0.0572377808611681,5.861973518724925,15.03081858212739,9.168845063402465,9.168845063402465,19.06967213114753,56.083333333333314,37.01366120218579,37.01366120218579,22.29953551912568,34.16208333333332,11.86254781420764,11.86254781420764,37.55597267759563,58.53818749999997,20.982214822404337,20.982214822404337,1.6943305976016485,1.7067006980768993,0.0123701004752507,0.0123701004752507,0.0,0.0,1.0,0.0269156464701212,0.050589534960909,retrain,1.1637571102215185,0.0,0.0,True,1.1267682262178924,1.2623966526654031,1.1164610642525885,adapt,1.1267682262178924,0.023673888490787796,0.010307161965303901,retrain,1.1164610642525885
spatial_knn_ridge,NWN,NEU,-0.0171395834684373,-0.0206989229917526,0.0318548299884077,0.0327852438243196,0.7121876666666669,0.0049976397276054,0.2424996666666663,31.33467016821989,0.0631666666666666,2.299999999999999,12.299999999999995,1.7355019433796166,144.80471231560347,0.2785900849393239,0.3421046353629576,0.0635145504236336,0.0635145504236336,7.260695173095203,6.448870032886587,-0.8118251402086161,0.8118251402086161,2.6677455388637004,2.1155132948043303,-0.5522322440593701,0.5522322440593701,938.5775956284152,645.8289596602972,-292.74863596811804,292.74863596811804,0.4608008032662643,0.3633768003955634,-0.0974240028707009,0.0974240028707009,0.2662126818999085,0.2805553338745088,0.0143426519746003,0.0143426519746003,0.1568075500848776,0.0995128420832286,-0.057294708001649,0.057294708001649,5.861973518724925,4.159081780752651,-1.7028917379722746,1.7028917379722746,19.06967213114753,13.465817409766448,-5.603854721381083,5.603854721381083,22.29953551912568,18.62093630573248,-3.6785992133931984,3.6785992133931984,37.55597267759563,30.73014692144373,-6.825825756151904,6.825825756151904,1.6943305976016485,1.6639993521933627,-0.0303312454082858,0.0303312454082858,0.0,0.0,1.0,0.0237130085169665,0.0512945787613236,retrain,2.3075413031578065,0.0206989229917526,0.0090513116125868,False,2.464811374306678,2.4638346800208093,2.46648766708374,adapt,2.464811374306678,0.0275815702443571,-0.0016762927770619385,deploy,2.4638346800208093
spatial_knn_ridge,NWN,SAU,0.0779562295332252,0.0772629969480025,0.0377207030090556,0.0375157484199401,0.8265843333333328,0.0026172435095686,0.8265843333333331,28.727639228175004,0.0540266666666666,4.0,11.199999999999996,3.471128043451192,286.2769648557052,0.2785900849393239,0.2251135958726356,-0.0534764890666883,0.0534764890666883,7.260695173095203,7.577741041097264,0.3170458680020607,0.3170458680020607,2.6677455388637004,3.160801830704409,0.4930562918407086,0.4930562918407086,938.5775956284152,477.93219373219375,-460.6454018962215,460.6454018962215,0.4608008032662643,0.3646288409592436,-0.0961719623070207,0.0961719623070207,0.2662126818999085,0.2589121709437478,-0.0073005109561606,0.0073005109561606,0.1568075500848776,0.106673368514571,-0.0501341815703065,0.0501341815703065,5.861973518724925,6.636155047751923,0.7741815290269978,0.7741815290269978,19.06967213114753,20.68717948717948,1.6175073560319504,1.6175073560319504,22.29953551912568,23.68501424501424,1.3854787258885608,1.3854787258885608,37.55597267759563,44.18354985754985,6.627577179954216,6.627577179954216,1.6943305976016485,1.870246544887621,0.1759159472859726,0.1759159472859726,0.0,0.0,1.0,0.0255201215313028,0.0502816727696862,retrain,2.233030377629816,0.0006932325852226,0.0003105411683721,False,1.8271760123747367,1.9027953791482497,1.8284593691513409,adapt,1.8271760123747367,0.024761551238383403,-0.0012833567766041831,adapt,1.8271760123747367
spatial_knn_ridge,NWN,WCE,0.0218807637691496,0.012006984949112,0.0179947067075612,0.0179648586833318,0.630561000000001,0.0025822014004919,0.3490463333333329,30.705394852931008,0.0434366666666666,2.6,11.9,3.05329518084622,144.0016477034404,0.2785900849393239,0.3237542919443535,0.0451642070050296,0.0451642070050296,7.260695173095203,6.723463276341766,-0.5372318967534371,0.5372318967534371,2.6677455388637004,2.2419690223348,-0.4257765165289005,0.4257765165289005,938.5775956284152,592.1126040507456,-346.4649915776696,346.4649915776696,0.4608008032662643,0.362656014520309,-0.0981447887459553,0.0981447887459553,0.2662126818999085,0.2678747838496824,0.0016621019497738,0.0016621019497738,0.1568075500848776,0.0929587726977534,-0.0638487773871241,0.0638487773871241,5.861973518724925,4.294581852097624,-1.567391666627301,1.567391666627301,19.06967213114753,13.442510572000884,-5.627161559146646,5.627161559146646,22.29953551912568,19.799445804584906,-2.500089714540774,2.500089714540774,37.55597267759563,33.70830558646783,-3.847667091127804,3.847667091127804,1.6943305976016485,1.713310364181826,0.0189797665801774,0.0189797665801774,0.0,0.0,1.0,0.0236167744095642,0.052764706431159,retrain,2.14324299454689,0.0098737788200375,0.0046282559752197,False,2.376927509307861,2.409838183403015,2.386439118385315,adapt,2.376927509307861,0.0291479320215948,-0.009511609077454075,adapt,2.376927509307861
spatial_knn_ridge,NWN,WNA,0.0006083886439984,0.002836794578112,0.1876266341437067,0.1286080795672765,0.4181583333333339,0.0007665549718098,0.3365669999999996,18.842000067647007,0.0053199999999999,1.5,6.299999999999997,4.228118597879599,24.772908795692988,0.2785900849393239,0.2731899847020255,-0.0054001002372984,0.0054001002372984,7.260695173095203,7.961223747682733,0.7005285745875298,0.7005285745875298,2.6677455388637004,2.7543234792434683,0.0865779403797679,0.0865779403797679,938.5775956284152,934.4202051282052,-4.157390500209999,4.157390500209999,0.4608008032662643,0.429573714296412,-0.0312270889698523,0.0312270889698523,0.2662126818999085,0.2938980646746185,0.02768538277471,0.02768538277471,0.1568075500848776,0.1470825091117854,-0.0097250409730922,0.0097250409730922,5.861973518724925,6.78196426151767,0.919990742792745,0.919990742792745,19.06967213114753,23.09020512820512,4.02053299705759,4.02053299705759,22.29953551912568,23.724938461538457,1.4254029424127772,1.4254029424127772,37.55597267759563,39.250704615384606,1.694731937788973,1.694731937788973,1.6943305976016485,1.6554989468068897,-0.0388316507947588,0.0388316507947588,0.0,0.0,1.0,0.0247060873478894,0.0474626363414544,retrain,2.0778452147887303,0.0,0.0,True,2.224319910024985,2.225076785882314,2.2216148833128124,adapt,2.224319910024985,0.022756548993565003,0.0027050267121726534,retrain,2.2216148833128124
spatial_knn_ridge,SAU,CNA,0.0032731740986369,0.0360745065016288,0.1894942544182992,0.0809107646366135,0.667710000000001,0.0035553180129148,0.3675906666666668,30.50406374662578,0.04822,3.3000000000000007,12.5,2.2465145581162864,246.39227192623088,0.2251135958726356,0.1769941429813634,-0.0481194528912722,0.0481194528912722,7.577741041097264,11.7045993843284,4.126858343231136,4.126858343231136,3.160801830704409,3.537563069226391,0.3767612385219818,0.3767612385219818,477.93219373219375,712.5566210045662,234.62442727237243,234.62442727237243,0.3646288409592436,0.4114839791493083,0.0468551381900647,0.0468551381900647,0.2589121709437478,0.1885324106286633,-0.0703797603150845,0.0703797603150845,0.106673368514571,0.0706025047024773,-0.0360708638120937,0.0360708638120937,6.636155047751923,7.2567876750221885,0.6206326272702656,0.6206326272702656,20.68717948717948,22.21187214611871,1.5246926589392302,1.5246926589392302,23.68501424501424,38.09081050228309,14.40579625726885,14.40579625726885,44.18354985754985,65.53934703196344,21.355797174413595,21.355797174413595,1.870246544887621,1.722797391119089,-0.147449153768532,0.147449153768532,0.0,0.0,1.0,0.024421409794631,0.0456418959407675,retrain,2.296691461240864,0.0,0.0,True,2.4500410754114523,2.4532931274202863,2.417191463382277,adapt,2.4500410754114523,0.0212204861461365,0.03284961202917547,retrain,2.417191463382277
spatial_knn_ridge,SAU,EAS,-0.0372390747070312,-0.0150717778639357,0.3118211228942141,0.1799364265440521,4.152901333333331,0.0046344103645761,4.146693999999999,359.47889289850804,0.0369966666666666,25.3,69.9,21.4357089001579,64.57329658741189,0.2251135958726356,0.2619645284658203,0.0368509325931847,0.0368509325931847,7.577741041097264,22.32134072090326,14.743599679805998,14.743599679805998,3.160801830704409,3.243094697249479,0.0822928665450701,0.0822928665450701,477.93219373219375,3905.359090909091,3427.426897176897,3427.426897176897,0.3646288409592436,0.5445014743036944,0.1798726333444508,0.1798726333444508,0.2589121709437478,0.3575663621177918,0.098654191174044,0.098654191174044,0.106673368514571,0.1647095879545876,0.0580362194400165,0.0580362194400165,6.636155047751923,5.973304597322264,-0.6628504504296586,0.6628504504296586,20.68717948717948,19.794090909090905,-0.8930885780885767,0.8930885780885767,23.68501424501424,81.67781818181815,57.99280393680391,57.99280393680391,44.18354985754985,152.75432727272724,108.5707774151774,108.5707774151774,1.870246544887621,1.867813398543564,-0.002433146344057,0.002433146344057,0.0,0.0,1.0,0.0509566815059198,0.2111788470544783,retrain,6.008860295469111,0.0150717778639357,0.0025145661745766,False,6.51407438841733,6.465860650756143,6.499321603775025,adapt,6.51407438841733,0.1602221655485585,0.01475278464230545,deploy,6.465860650756143
spatial_knn_ridge,SAU,EAU,0.0155476025031315,0.0081010730434747,0.0357605646480699,0.0325959685214423,0.720112666666665,0.0017675703522039,0.6207800000000006,38.653158415546656,0.019,4.0,13.4,4.210088849956815,14.532548435721534,0.2251135958726356,0.2062810595178484,-0.0188325363547872,0.0188325363547872,7.577741041097264,11.241205060945532,3.663464019848268,3.663464019848268,3.160801830704409,3.3685489949547898,0.2077471642503807,0.2077471642503807,477.93219373219375,834.2655601659751,356.3333664337813,356.3333664337813,0.3646288409592436,0.4070551376247937,0.04242629666555,0.04242629666555,0.2589121709437478,0.2822674911951668,0.023355320251419,0.023355320251419,0.106673368514571,0.1358043125815428,0.0291309440669717,0.0291309440669717,6.636155047751923,7.157240483743252,0.5210854359913295,0.5210854359913295,20.68717948717948,21.85435684647302,1.1671773592935395,1.1671773592935395,23.68501424501424,37.27962655601658,13.59461231100234,13.59461231100234,44.18354985754985,65.89961825726138,21.71606839971153,21.71606839971153,1.870246544887621,1.7478079051967732,-0.1224386396908479,0.1224386396908479,0.0,0.0,1.0,0.0253524373701204,0.0495869456670131,retrain,3.3476790902030915,0.0074465294596568,0.0022293446112624,False,2.6212559013445844,2.635463892671577,2.633165822978831,adapt,2.6212559013445844,0.024234508296892696,-0.011909921634246423,adapt,2.6212559013445844
spatial_knn_ridge,SAU,ENA,-0.0773870205057076,-0.0547216767552254,0.1266619395298021,0.0712416571496251,1.3752403333333336,0.0033819188998249,1.3752403333333334,50.61818418398301,0.0388266666666666,8.3,17.299999999999997,4.734081521809201,230.7533668271362,0.2251135958726356,0.2636865078570336,0.038572911984398,0.038572911984398,7.577741041097264,11.86802551155998,4.290284470462716,4.290284470462716,3.160801830704409,2.7719647735757627,-0.3888370571286463,0.3888370571286463,477.93219373219375,625.5614942528736,147.6293005206798,147.6293005206798,0.3646288409592436,0.3332258746454959,-0.0314029663137476,0.0314029663137476,0.2589121709437478,0.1688618357303399,-0.0900503352134079,0.0900503352134079,0.106673368514571,0.0494158020227599,-0.0572575664918111,0.0572575664918111,6.636155047751923,4.632001828479278,-2.004153219272645,2.004153219272645,20.68717948717948,12.88812260536398,-7.799056881815501,7.799056881815501,23.68501424501424,37.795498084291175,14.110483839276936,14.110483839276936,44.18354985754985,64.34408812260534,20.160538265055493,20.160538265055493,1.870246544887621,1.6986412128113502,-0.1716053320762709,0.1716053320762709,0.0,0.0,1.0,0.0240792606516059,0.0132756872431851,adapt,3.523333867847691,0.0773870205057076,0.022457403997801,False,3.330926466718944,3.247040984045957,3.3073838761939856,adapt,3.330926466718944,-0.0108035734084208,0.023542590524958662,deploy,3.247040984045957
spatial_knn_ridge,SAU,MED,0.0335647543755976,0.0405784314725461,0.0238833990409489,0.021546424576935,0.3160063333333449,0.0030556462440756,0.049463,15.743319262118998,0.0391766666666666,0.8000000000000007,4.599999999999998,3.5633458426877147,150.2175969564558,0.2251135958726356,0.1861451202091436,-0.038968475663492,0.038968475663492,7.577741041097264,9.53591246713893,1.958171426041666,1.958171426041666,3.160801830704409,3.542390644885146,0.3815888141807368,0.3815888141807368,477.93219373219375,735.0091463414634,257.07695260926965,257.07695260926965,0.3646288409592436,0.4203848180768059,0.0557559771175623,0.0557559771175623,0.2589121709437478,0.3160164627808042,0.0571042918370564,0.0571042918370564,0.106673368514571,0.0875235951849466,-0.0191497733296244,0.0191497733296244,6.636155047751923,8.405440814641642,1.7692857668897188,1.7692857668897188,20.68717948717948,28.08231707317072,7.39513758599124,7.39513758599124,23.68501424501424,30.50050304878048,6.81548880376624,6.81548880376624,44.18354985754985,54.294249999999984,10.110700142450137,10.110700142450137,1.870246544887621,1.7647267297942557,-0.1055198150933653,0.1055198150933653,0.0,0.0,1.0,0.0004181810599091,-0.0438387825427908,adapt,1.8359994888305664,0.0070136770969484,0.0038347356507377,False,1.9230920151784647,1.9529607592196,1.9147385309745624,adapt,1.9230920151784647,-0.0442569636026999,0.008353484203902362,retrain,1.9147385309745624
spatial_knn_ridge,SAU,NCA,0.1377375699165797,0.1475290103505055,0.312114375939931,0.1465606040094893,0.741513333333332,0.0178110118863956,0.6728000000000001,0.3506524138666691,0.1216233333333333,4.6,0.2000000000000028,2.8123950007823195,254.75010756009087,0.2251135958726356,0.1028719844975235,-0.1222416113751121,0.1222416113751121,7.577741041097264,10.49152713485848,2.913786093761216,2.913786093761216,3.160801830704409,4.969572135421824,1.8087703047174155,1.8087703047174155,477.93219373219375,618.7291666666666,140.79697293447288,140.79697293447288,0.3646288409592436,0.5612455220231938,0.1966166810639502,0.1966166810639502,0.2589121709437478,0.2626767940245775,0.0037646230808296,0.0037646230808296,0.106673368514571,0.0995697692237094,-0.0071035992908616,0.0071035992908616,6.636155047751923,15.03081858212739,8.394663534375468,8.394663534375468,20.68717948717948,56.083333333333314,35.39615384615384,35.39615384615384,23.68501424501424,34.16208333333332,10.47706908831908,10.47706908831908,44.18354985754985,58.53818749999997,14.354637642450122,14.354637642450122,1.870246544887621,1.7067006980768993,-0.1635458468107218,0.1635458468107218,0.0,0.0,1.0,0.0258477356732765,0.0490401367539045,retrain,1.1637571102215185,0.0,0.0,True,1.1252258997410536,1.2626235249141853,1.1164610642525885,adapt,1.1252258997410536,0.023192401080628,0.008764835488465073,retrain,1.1164610642525885
spatial_knn_ridge,SAU,NEU,-0.0476558046340942,-0.0545266156196593,0.0581135788537044,0.0639276505113579,0.6876120000000006,0.0140932996340954,0.5840846666666668,2.60703094004489,0.1171933333333333,1.700000000000001,1.1000000000000014,2.485593260056896,157.19668461607165,0.2251135958726356,0.3421046353629576,0.116991039490322,0.116991039490322,7.577741041097264,6.448870032886587,-1.1288710082106768,1.1288710082106768,3.160801830704409,2.1155132948043303,-1.0452885359000788,1.0452885359000788,477.93219373219375,645.8289596602972,167.89676592810343,167.89676592810343,0.3646288409592436,0.3633768003955634,-0.0012520405636801,0.0012520405636801,0.2589121709437478,0.2805553338745088,0.021643162930761,0.021643162930761,0.106673368514571,0.0995128420832286,-0.0071605264313424,0.0071605264313424,6.636155047751923,4.159081780752651,-2.4770732669992723,2.4770732669992723,20.68717948717948,13.465817409766448,-7.221362077413033,7.221362077413033,23.68501424501424,18.62093630573248,-5.064077939281759,5.064077939281759,44.18354985754985,30.73014692144373,-13.45340293610612,13.45340293610612,1.870246544887621,1.6639993521933627,-0.2062471926942584,0.2062471926942584,0.0,0.0,1.0,0.0198145541876775,0.0494732743527473,retrain,2.3075413031578065,0.0545266156196593,0.0242016245705171,False,2.4601020946502685,2.415078608572483,2.46648766708374,adapt,2.4601020946502685,0.0296587201650698,-0.006385572433471598,deploy,2.415078608572483
spatial_knn_ridge,SAU,NWN,0.0525669966890514,0.0614979241063684,0.0375157484199401,0.0377207030090556,0.8265843333333328,0.0025826834860922,0.8265843333333331,28.727639228175004,0.0540266666666666,4.0,11.199999999999996,3.471128043451192,286.2769648557052,0.2251135958726356,0.2785900849393239,0.0534764890666883,0.0534764890666883,7.577741041097264,7.260695173095203,-0.3170458680020607,0.3170458680020607,3.160801830704409,2.6677455388637004,-0.4930562918407086,0.4930562918407086,477.93219373219375,938.5775956284152,460.6454018962215,460.6454018962215,0.3646288409592436,0.4608008032662643,0.0961719623070207,0.0961719623070207,0.2589121709437478,0.2662126818999085,0.0073005109561606,0.0073005109561606,0.106673368514571,0.1568075500848776,0.0501341815703065,0.0501341815703065,6.636155047751923,5.861973518724925,-0.7741815290269978,0.7741815290269978,20.68717948717948,19.06967213114753,-1.6175073560319504,1.6175073560319504,23.68501424501424,22.29953551912568,-1.3854787258885608,1.3854787258885608,44.18354985754985,37.55597267759563,-6.627577179954216,6.627577179954216,1.870246544887621,1.6943305976016485,-0.1759159472859726,0.1759159472859726,0.0,0.0,1.0,0.0176882391731143,0.0151049786417723,adapt,2.5327641547051933,0.008930927417317,0.0035386361193581,False,2.518272845471492,2.576221117556421,2.508383575032969,adapt,2.518272845471492,-0.0025832605313419986,0.009889270438522946,retrain,2.508383575032969
spatial_knn_ridge,SAU,WCE,-0.0481290292739875,-0.0606123366355895,0.043238860610518,0.0454004759251397,0.5577106666666679,0.0094761779890082,0.4775380000000002,1.9777556247560035,0.0974633333333333,1.4000000000000004,0.7000000000000028,2.1098114704192703,153.18087546489804,0.2251135958726356,0.3237542919443535,0.0986406960717179,0.0986406960717179,7.577741041097264,6.723463276341766,-0.8542777647554978,0.8542777647554978,3.160801830704409,2.2419690223348,-0.9188328083696092,0.9188328083696092,477.93219373219375,592.1126040507456,114.18041031855188,114.18041031855188,0.3646288409592436,0.362656014520309,-0.0019728264389345,0.0019728264389345,0.2589121709437478,0.2678747838496824,0.0089626129059345,0.0089626129059345,0.106673368514571,0.0929587726977534,-0.0137145958168175,0.0137145958168175,6.636155047751923,4.294581852097624,-2.3415731956542984,2.3415731956542984,20.68717948717948,13.442510572000884,-7.244668915178597,7.244668915178597,23.68501424501424,19.799445804584906,-3.885568440429335,3.885568440429335,44.18354985754985,33.70830558646783,-10.47524427108202,10.47524427108202,1.870246544887621,1.713310364181826,-0.1569361807057951,0.1569361807057951,0.0,0.0,1.0,0.0202759632120207,0.0511675120617488,retrain,2.14324299454689,0.0606123366355895,0.0291037378160842,False,2.375004859447479,2.331192513823509,2.386439118385315,adapt,2.375004859447479,0.030891548849728098,-0.011434258937836006,deploy,2.331192513823509
spatial_knn_ridge,SAU,WNA,0.0401156383905658,0.037448816452271,0.3053528705494534,0.1981207360911411,0.5119079999999995,0.0024914382673553,0.4900173333333335,9.885639160527996,0.0487066666666666,2.5,4.899999999999999,4.537337495811759,263.3615337797457,0.2251135958726356,0.2731899847020255,0.0480763888293898,0.0480763888293898,7.577741041097264,7.961223747682733,0.3834827065854691,0.3834827065854691,3.160801830704409,2.7543234792434683,-0.4064783514609407,0.4064783514609407,477.93219373219375,934.4202051282052,456.4880113960115,456.4880113960115,0.3646288409592436,0.429573714296412,0.0649448733371684,0.0649448733371684,0.2589121709437478,0.2938980646746185,0.0349858937308706,0.0349858937308706,0.106673368514571,0.1470825091117854,0.0404091405972143,0.0404091405972143,6.636155047751923,6.78196426151767,0.1458092137657471,0.1458092137657471,20.68717948717948,23.09020512820512,2.403025641025639,2.403025641025639,23.68501424501424,23.724938461538457,0.0399242165242164,0.0399242165242164,44.18354985754985,39.250704615384606,-4.932845242165243,4.932845242165243,1.870246544887621,1.6554989468068897,-0.2147475980807314,0.2147475980807314,0.0,0.0,1.0,0.0240732120966712,0.0474985254879513,retrain,2.0778452147887303,0.0026668219382948,0.0012851049083215,False,2.2194168288585465,2.260282532129532,2.2216148833128124,adapt,2.2194168288585465,0.0234253133912801,-0.0021980544542659075,adapt,2.2194168288585465
spatial_knn_ridge,WCE,CNA,0.1138173907859139,0.1373587566423633,0.1805545493114656,0.1285985773790662,1.0544073333333357,0.0176754678283397,0.1099473333333334,32.48181937138178,0.1456833333333333,1.9000000000000004,13.200000000000005,2.1753711160294373,108.91918606578405,0.3237542919443535,0.1769941429813634,-0.1467601489629901,0.1467601489629901,6.723463276341766,11.7045993843284,4.981136107986634,4.981136107986634,2.2419690223348,3.537563069226391,1.295594046891591,1.295594046891591,592.1126040507456,712.5566210045662,120.44401695382057,120.44401695382057,0.362656014520309,0.4114839791493083,0.0488279646289993,0.0488279646289993,0.2678747838496824,0.1885324106286633,-0.079342373221019,0.079342373221019,0.0929587726977534,0.0706025047024773,-0.0223562679952761,0.0223562679952761,4.294581852097624,7.2567876750221885,2.962205822924564,2.962205822924564,13.442510572000884,22.21187214611871,8.769361574117827,8.769361574117827,19.799445804584906,38.09081050228309,18.291364697698185,18.291364697698185,33.70830558646783,65.53934703196344,31.83104144549561,31.83104144549561,1.713310364181826,1.722797391119089,0.0094870269372631,0.0094870269372631,0.0,0.0,1.0,0.0280899541138081,0.0482362040007359,retrain,2.296691461240864,0.0,0.0,True,2.4408415524654736,2.5534622315402444,2.417191463382277,adapt,2.4408415524654736,0.020146249886927804,0.023650089083196768,retrain,2.417191463382277
spatial_knn_ridge,WCE,EAS,0.0366395430131403,0.0634235056963845,0.2547065115486623,0.1849696563061156,3.923719999999999,0.0059647696928566,3.669155999999999,361.4566485232641,0.0604666666666666,23.9,70.6,20.11159506976076,109.60718008895698,0.3237542919443535,0.2619645284658203,-0.0617897634785332,0.0617897634785332,6.723463276341766,22.32134072090326,15.597877444561496,15.597877444561496,2.2419690223348,3.243094697249479,1.0011256749146793,1.0011256749146793,592.1126040507456,3905.359090909091,3313.246486858345,3313.246486858345,0.362656014520309,0.5445014743036944,0.1818454597833854,0.1818454597833854,0.2678747838496824,0.3575663621177918,0.0896915782681094,0.0896915782681094,0.0929587726977534,0.1647095879545876,0.0717508152568341,0.0717508152568341,4.294581852097624,5.973304597322264,1.6787227452246398,1.6787227452246398,13.442510572000884,19.794090909090905,6.35158033709002,6.35158033709002,19.799445804584906,81.67781818181815,61.87837237723325,61.87837237723325,33.70830558646783,152.75432727272724,119.0460216862594,119.0460216862594,1.713310364181826,1.867813398543564,0.1545030343617381,0.1545030343617381,0.0,0.0,1.0,0.0592277327401679,0.2323301905077053,retrain,6.008860295469111,0.0,0.0,True,6.515472173690796,6.542064341631803,6.499321603775025,adapt,6.515472173690796,0.17310245776753738,0.01615056991577113,retrain,6.499321603775025
spatial_knn_ridge,WCE,EAU,0.1012455150794191,0.0912339623043645,0.1118607657002493,0.0931734141560568,0.971953333333333,0.0125755065748762,0.1432420000000003,40.630914040302656,0.1164633333333333,2.6,14.1,4.281183983654968,161.2106366479405,0.3237542919443535,0.2062810595178484,-0.1174732324265051,0.1174732324265051,6.723463276341766,11.241205060945532,4.517741784603766,4.517741784603766,2.2419690223348,3.3685489949547898,1.12657997261999,1.12657997261999,592.1126040507456,834.2655601659751,242.15295611522947,242.15295611522947,0.362656014520309,0.4070551376247937,0.0443991231044846,0.0443991231044846,0.2678747838496824,0.2822674911951668,0.0143927073454844,0.0143927073454844,0.0929587726977534,0.1358043125815428,0.0428455398837893,0.0428455398837893,4.294581852097624,7.157240483743252,2.862658631645628,2.862658631645628,13.442510572000884,21.85435684647302,8.411846274472136,8.411846274472136,19.799445804584906,37.27962655601658,17.480180751431675,17.480180751431675,33.70830558646783,65.89961825726138,32.19131267079355,32.19131267079355,1.713310364181826,1.7478079051967732,0.0344975410149472,0.0344975410149472,0.0,0.0,1.0,0.0295932407054329,0.0529141667984042,retrain,3.3476790902030915,0.0100115527750546,0.0029995656136468,False,2.616817348230924,2.730177490543033,2.633165822978831,adapt,2.616817348230924,0.023320926092971303,-0.016348474747907016,adapt,2.616817348230924
spatial_knn_ridge,WCE,ENA,-0.0106504927193071,0.011412626710431,0.0804179053525321,0.0648971559979256,1.1792243333333348,0.004232493368024,0.8977023333333332,52.59593980873901,0.0586366666666666,6.9,18.0,3.3618316783574302,92.34946629686614,0.3237542919443535,0.2636865078570336,-0.0600677840873198,0.0600677840873198,6.723463276341766,11.86802551155998,5.144562235218213,5.144562235218213,2.2419690223348,2.7719647735757627,0.5299957512409628,0.5299957512409628,592.1126040507456,625.5614942528736,33.44889020212793,33.44889020212793,0.362656014520309,0.3332258746454959,-0.029430139874813,0.029430139874813,0.2678747838496824,0.1688618357303399,-0.0990129481193425,0.0990129481193425,0.0929587726977534,0.0494158020227599,-0.0435429706749935,0.0435429706749935,4.294581852097624,4.632001828479278,0.3374199763816534,0.3374199763816534,13.442510572000884,12.88812260536398,-0.554387966636904,0.554387966636904,19.799445804584906,37.795498084291175,17.99605227970627,17.99605227970627,33.70830558646783,64.34408812260534,30.635782536137512,30.635782536137512,1.713310364181826,1.6986412128113502,-0.0146691513704757,0.0146691513704757,0.0,0.0,1.0,0.0273504675114101,0.0352579139076969,retrain,3.500668524097209,0.0,0.0,True,3.329698740294153,3.317275675320534,3.3073838761939856,adapt,3.329698740294153,0.007907446396286797,0.022314864100167586,retrain,3.3073838761939856
spatial_knn_ridge,WCE,MED,0.1389857721401424,0.1444967394558396,0.0893883809280714,0.0789246502486998,0.7927943333333463,0.0166090448798907,0.4280750000000002,17.721074886875,0.13664,0.5999999999999996,5.300000000000001,4.580067926506824,10.322635159608035,0.3237542919443535,0.1861451202091436,-0.1376091717352099,0.1376091717352099,6.723463276341766,9.53591246713893,2.812449190797164,2.812449190797164,2.2419690223348,3.542390644885146,1.300421622550346,1.300421622550346,592.1126040507456,735.0091463414634,142.89654229071778,142.89654229071778,0.362656014520309,0.4203848180768059,0.0577288035564969,0.0577288035564969,0.2678747838496824,0.3160164627808042,0.0481416789311218,0.0481416789311218,0.0929587726977534,0.0875235951849466,-0.0054351775128068,0.0054351775128068,4.294581852097624,8.405440814641642,4.110858962544017,4.110858962544017,13.442510572000884,28.08231707317072,14.639806501169836,14.639806501169836,19.799445804584906,30.50050304878048,10.701057244195574,10.701057244195574,33.70830558646783,54.294249999999984,20.585944413532157,20.585944413532157,1.713310364181826,1.7647267297942557,0.0514163656124297,0.0514163656124297,0.0,0.0,1.0,0.0330896505057918,-0.0267981386217223,adapt,1.8344967790493152,0.0055109673156972,0.0030131274285138,False,1.9215631671249864,2.0548135681850157,1.9147385309745624,adapt,1.9215631671249864,-0.05988778912751411,0.006824636150424057,retrain,1.9147385309745624
spatial_knn_ridge,WCE,NCA,0.2703933301899168,0.2783402726054191,0.3579202238961932,0.2387278431099952,1.2955813333333333,0.0432128866080683,1.1503380000000003,2.3284080386226726,0.2190866666666666,6.0,0.5,4.401611401113482,120.48428220340084,0.3237542919443535,0.1028719844975235,-0.22088230744683,0.22088230744683,6.723463276341766,10.49152713485848,3.7680638585167134,3.7680638585167134,2.2419690223348,4.969572135421824,2.7276031130870244,2.7276031130870244,592.1126040507456,618.7291666666666,26.616562615921,26.616562615921,0.362656014520309,0.5612455220231938,0.1985895075028848,0.1985895075028848,0.2678747838496824,0.2626767940245775,-0.0051979898251048,0.0051979898251048,0.0929587726977534,0.0995697692237094,0.0066109965259559,0.0066109965259559,4.294581852097624,15.03081858212739,10.736236730029766,10.736236730029766,13.442510572000884,56.083333333333314,42.64082276133243,42.64082276133243,19.799445804584906,34.16208333333332,14.362637528748415,14.362637528748415,33.70830558646783,58.53818749999997,24.82988191353214,24.82988191353214,1.713310364181826,1.7067006980768993,-0.0066096661049266,0.0066096661049266,0.0,0.0,1.0,0.0279736821738829,0.0510306241635476,retrain,1.1637571102215185,0.0,0.0,True,1.1233290555990405,1.3934959951374266,1.1164610642525885,adapt,1.1233290555990405,0.023056941989664702,0.006867991346451996,retrain,1.1164610642525885
spatial_knn_ridge,WCE,NEU,0.0025123840570451,-0.0023869199752808,0.004688979841334,0.0048169406261648,0.1300246666666656,0.0016143069824017,0.1065466666666665,0.6292753152888864,0.0197299999999999,0.3000000000000007,0.3999999999999986,1.7450830251376692,8.370414778311103,0.3237542919443535,0.3421046353629576,0.018350343418604,0.018350343418604,6.723463276341766,6.448870032886587,-0.274593243455179,0.274593243455179,2.2419690223348,2.1155132948043303,-0.1264557275304696,0.1264557275304696,592.1126040507456,645.8289596602972,53.71635560955156,53.71635560955156,0.362656014520309,0.3633768003955634,0.0007207858752544,0.0007207858752544,0.2678747838496824,0.2805553338745088,0.0126805500248264,0.0126805500248264,0.0929587726977534,0.0995128420832286,0.0065540693854751,0.0065540693854751,4.294581852097624,4.159081780752651,-0.1355000713449738,0.1355000713449738,13.442510572000884,13.465817409766448,0.0233068377655634,0.0233068377655634,19.799445804584906,18.62093630573248,-1.1785094988524245,1.1785094988524245,33.70830558646783,30.73014692144373,-2.9781586650241003,2.9781586650241003,1.713310364181826,1.6639993521933627,-0.0493110119884632,0.0493110119884632,0.0,0.0,1.0,0.0260872095226998,0.0516321717215088,retrain,2.3075413031578065,0.0048993040323259,0.0021276881226811,False,2.461538854956627,2.463074646413326,2.46648766708374,adapt,2.461538854956627,0.025544962198809,-0.004948812127113289,adapt,2.461538854956627
spatial_knn_ridge,WCE,NWN,0.1206420777273962,0.1333171832756918,0.0179648586833318,0.0179947067075612,0.630561000000001,0.0009437131754188,0.3490463333333329,30.705394852931008,0.0434366666666666,2.6,11.9,3.05329518084622,144.0016477034404,0.3237542919443535,0.2785900849393239,-0.0451642070050296,0.0451642070050296,6.723463276341766,7.260695173095203,0.5372318967534371,0.5372318967534371,2.2419690223348,2.6677455388637004,0.4257765165289005,0.4257765165289005,592.1126040507456,938.5775956284152,346.4649915776696,346.4649915776696,0.362656014520309,0.4608008032662643,0.0981447887459553,0.0981447887459553,0.2678747838496824,0.2662126818999085,-0.0016621019497738,0.0016621019497738,0.0929587726977534,0.1568075500848776,0.0638487773871241,0.0638487773871241,4.294581852097624,5.861973518724925,1.567391666627301,1.567391666627301,13.442510572000884,19.06967213114753,5.627161559146646,5.627161559146646,19.799445804584906,22.29953551912568,2.500089714540774,2.500089714540774,33.70830558646783,37.55597267759563,3.847667091127804,3.847667091127804,1.713310364181826,1.6943305976016485,-0.0189797665801774,0.0189797665801774,0.0,0.0,1.0,0.0264908672108765,0.0430270416640029,retrain,2.5238332272878763,0.0,0.0,True,2.522105069108348,2.650514119309806,2.508383575032969,adapt,2.522105069108348,0.0165361744531264,0.013721494075379148,retrain,2.508383575032969
spatial_knn_ridge,WCE,SAU,0.0778833012974837,0.0781412999174868,0.0454004759251397,0.043238860610518,0.5577106666666679,0.0060440145127342,0.4775380000000002,1.9777556247560035,0.0974633333333333,1.4000000000000004,0.7000000000000028,2.1098114704192703,153.18087546489804,0.3237542919443535,0.2251135958726356,-0.0986406960717179,0.0986406960717179,6.723463276341766,7.577741041097264,0.8542777647554978,0.8542777647554978,2.2419690223348,3.160801830704409,0.9188328083696092,0.9188328083696092,592.1126040507456,477.93219373219375,-114.18041031855188,114.18041031855188,0.362656014520309,0.3646288409592436,0.0019728264389345,0.0019728264389345,0.2678747838496824,0.2589121709437478,-0.0089626129059345,0.0089626129059345,0.0929587726977534,0.106673368514571,0.0137145958168175,0.0137145958168175,4.294581852097624,6.636155047751923,2.3415731956542984,2.3415731956542984,13.442510572000884,20.68717948717948,7.244668915178597,7.244668915178597,19.799445804584906,23.68501424501424,3.885568440429335,3.885568440429335,33.70830558646783,44.18354985754985,10.47524427108202,10.47524427108202,1.713310364181826,1.870246544887621,0.1569361807057951,0.1569361807057951,0.0,0.0,1.0,0.0277183150996672,0.0514836063661083,retrain,2.233030377629816,0.0,0.0,True,1.8280754912952413,1.917719764417393,1.8284593691513409,adapt,1.8280754912952413,0.0237652912664411,-0.00038387785609961256,adapt,1.8280754912952413
spatial_knn_ridge,WCE,WNA,0.1289960632874414,0.1253865978962336,0.2854199338119119,0.1895615450914866,0.4197073333333337,0.002103811274289,0.0124793333333332,11.863394785284,0.0487566666666666,1.0999999999999996,5.600000000000001,4.672393146533508,125.2403999273524,0.3237542919443535,0.2731899847020255,-0.050564307242328,0.050564307242328,6.723463276341766,7.961223747682733,1.237760471340967,1.237760471340967,2.2419690223348,2.7543234792434683,0.5123544569086684,0.5123544569086684,592.1126040507456,934.4202051282052,342.3076010774596,342.3076010774596,0.362656014520309,0.429573714296412,0.066917699776103,0.066917699776103,0.2678747838496824,0.2938980646746185,0.0260232808249361,0.0260232808249361,0.0929587726977534,0.1470825091117854,0.0541237364140319,0.0541237364140319,4.294581852097624,6.78196426151767,2.4873824094200456,2.4873824094200456,13.442510572000884,23.09020512820512,9.647694556204236,9.647694556204236,19.799445804584906,23.724938461538457,3.9254926569535513,3.9254926569535513,33.70830558646783,39.250704615384606,5.542399028916776,5.542399028916776,1.713310364181826,1.6554989468068897,-0.0578114173749362,0.0578114173749362,0.0,0.0,1.0,0.0278140790120978,0.0506714106642261,retrain,2.0778452147887303,0.0036094653912077,0.0017401423113337,False,2.2185442758829166,2.3432575275347785,2.2216148833128124,adapt,2.2185442758829166,0.022857331652128297,-0.003070607429895844,adapt,2.2185442758829166
spatial_knn_ridge,WNA,CNA,0.0310742872762896,0.0563407910468916,0.1322158104542097,0.0954135315000274,0.6887813333333355,0.0065039410474707,0.1224266666666666,20.61842458609778,0.0969266666666666,0.8000000000000007,7.600000000000001,4.955349578696576,17.049387248412483,0.2731899847020255,0.1769941429813634,-0.096195841720662,0.096195841720662,7.961223747682733,11.7045993843284,3.743375636645667,3.743375636645667,2.7543234792434683,3.537563069226391,0.7832395899829225,0.7832395899829225,934.4202051282052,712.5566210045662,-221.86358412363904,221.86358412363904,0.429573714296412,0.4114839791493083,-0.0180897351471037,0.0180897351471037,0.2938980646746185,0.1885324106286633,-0.1053656540459551,0.1053656540459551,0.1470825091117854,0.0706025047024773,-0.076480004409308,0.076480004409308,6.78196426151767,7.2567876750221885,0.4748234135045184,0.4748234135045184,23.09020512820512,22.21187214611871,-0.878332982086409,0.878332982086409,23.724938461538457,38.09081050228309,14.365872040744634,14.365872040744634,39.250704615384606,65.53934703196344,26.28864241657884,26.28864241657884,1.6554989468068897,1.722797391119089,0.0672984443121993,0.0672984443121993,0.0,0.0,1.0,0.0251977684860013,0.0467083115821657,retrain,2.296691461240864,0.0,0.0,True,2.4424277414742126,2.4723664973968784,2.417191463382277,adapt,2.4424277414742126,0.0215105430961644,0.025236278091935738,retrain,2.417191463382277
spatial_knn_ridge,WNA,EAS,-0.0898758844895795,-0.0674879204143179,0.1750483202778628,0.1952729147520343,3.720244666666666,0.0033498349054854,3.6566766666666655,349.59325373798004,0.0117099999999999,22.8,65.0,23.29106588149178,232.31901396258823,0.2731899847020255,0.2619645284658203,-0.0112254562362051,0.0112254562362051,7.961223747682733,22.32134072090326,14.360116973220528,14.360116973220528,2.7543234792434683,3.243094697249479,0.4887712180060108,0.4887712180060108,934.4202051282052,3905.359090909091,2970.9388857808854,2970.9388857808854,0.429573714296412,0.5445014743036944,0.1149277600072824,0.1149277600072824,0.2938980646746185,0.3575663621177918,0.0636682974431733,0.0636682974431733,0.1470825091117854,0.1647095879545876,0.0176270788428022,0.0176270788428022,6.78196426151767,5.973304597322264,-0.8086596641954058,0.8086596641954058,23.09020512820512,19.794090909090905,-3.296114219114216,3.296114219114216,23.724938461538457,81.67781818181815,57.9528797202797,57.9528797202797,39.250704615384606,152.75432727272724,113.50362265734265,113.50362265734265,1.6554989468068897,1.867813398543564,0.2123144517366744,0.2123144517366744,0.0,0.0,1.0,0.0491594307291248,0.1910545909429681,retrain,6.008860295469111,0.0674879204143179,0.0113589783898531,False,6.510297380794178,6.4273032145066695,6.499321603775025,adapt,6.510297380794178,0.1418951602138433,0.010975777019153199,deploy,6.4273032145066695
spatial_knn_ridge,WNA,EAU,0.0128595532223396,0.0045952702953604,0.1637512076572204,0.1708235023358533,0.6012993333333326,0.0040391037585127,0.130762666666667,28.76751925501865,0.0677066666666666,1.5,8.5,2.2985796845226703,274.3909442611336,0.2731899847020255,0.2062810595178484,-0.0669089251841771,0.0669089251841771,7.961223747682733,11.241205060945532,3.279981313262799,3.279981313262799,2.7543234792434683,3.3685489949547898,0.6142255157113214,0.6142255157113214,934.4202051282052,834.2655601659751,-100.15464496223012,100.15464496223012,0.429573714296412,0.4070551376247937,-0.0225185766716183,0.0225185766716183,0.2938980646746185,0.2822674911951668,-0.0116305734794516,0.0116305734794516,0.1470825091117854,0.1358043125815428,-0.0112781965302425,0.0112781965302425,6.78196426151767,7.157240483743252,0.3752762222255823,0.3752762222255823,23.09020512820512,21.85435684647302,-1.2358482817320997,1.2358482817320997,23.724938461538457,37.27962655601658,13.554688094478124,13.554688094478124,39.250704615384606,65.89961825726138,26.64891364187677,26.64891364187677,1.6554989468068897,1.7478079051967732,0.0923089583898835,0.0923089583898835,0.0,0.0,1.0,0.0259728818558339,0.0493364734448106,retrain,3.3476790902030915,0.0082642829269792,0.0024747698036711,False,2.6184020250170064,2.6442185269351817,2.633165822978831,adapt,2.6184020250170064,0.023363591588976697,-0.014763797961824476,adapt,2.6184020250170064
spatial_knn_ridge,WNA,ENA,-0.0072669227004507,0.0041869433446861,0.1382535252089499,0.1365913250618108,0.965987666666668,0.0014495350558483,0.8852229999999999,40.732545023455,0.00988,5.800000000000001,12.4,5.0988910823768325,33.44857135742529,0.2731899847020255,0.2636865078570336,-0.0095034768449918,0.0095034768449918,7.961223747682733,11.86802551155998,3.906801763877247,3.906801763877247,2.7543234792434683,2.7719647735757627,0.0176412943322943,0.0176412943322943,934.4202051282052,625.5614942528736,-308.85871087533167,308.85871087533167,0.429573714296412,0.3332258746454959,-0.096347839650916,0.096347839650916,0.2938980646746185,0.1688618357303399,-0.1250362289442786,0.1250362289442786,0.1470825091117854,0.0494158020227599,-0.0976667070890254,0.0976667070890254,6.78196426151767,4.632001828479278,-2.149962433038392,2.149962433038392,23.09020512820512,12.88812260536398,-10.20208252284114,10.20208252284114,23.724938461538457,37.795498084291175,14.070559622752718,14.070559622752718,39.250704615384606,64.34408812260534,25.093383507220736,25.093383507220736,1.6554989468068897,1.6986412128113502,0.0431422660044604,0.0431422660044604,0.0,0.0,1.0,0.0248409320569002,0.032552121899895,retrain,3.500668524097209,0.0,0.0,True,3.319181407091718,3.2996388198772157,3.3073838761939856,adapt,3.319181407091718,0.007711189842994803,0.0117975308977325,deploy,3.2996388198772157
spatial_knn_ridge,WNA,MED,0.0280363118139712,0.032169569556306,0.1700821440182764,0.1783485102701103,0.519315666666679,0.0061155463604496,0.4405543333333335,5.857680101591001,0.0878833333333333,1.6999999999999993,0.3000000000000007,2.41521312176924,122.1791754254358,0.2731899847020255,0.1861451202091436,-0.0870448644928819,0.0870448644928819,7.961223747682733,9.53591246713893,1.574688719456197,1.574688719456197,2.7543234792434683,3.542390644885146,0.7880671656416776,0.7880671656416776,934.4202051282052,735.0091463414634,-199.41105878674185,199.41105878674185,0.429573714296412,0.4203848180768059,-0.0091888962196061,0.0091888962196061,0.2938980646746185,0.3160164627808042,0.0221183981061857,0.0221183981061857,0.1470825091117854,0.0875235951849466,-0.0595589139268387,0.0595589139268387,6.78196426151767,8.405440814641642,1.6234765531239717,1.6234765531239717,23.09020512820512,28.08231707317072,4.9921119449656,4.9921119449656,23.724938461538457,30.50050304878048,6.775564587242023,6.775564587242023,39.250704615384606,54.294249999999984,15.043545384615378,15.043545384615378,1.6554989468068897,1.7647267297942557,0.109227782987366,0.109227782987366,0.0,0.0,1.0,0.0017805703417788,-0.041495894822291,adapt,1.8331190694759527,0.0041332577423347,0.0022598632071492,False,1.9202073209169437,1.9518699631458376,1.9147385309745624,adapt,1.9202073209169437,-0.0432764651640698,0.0054687899423813136,retrain,1.9147385309745624
spatial_knn_ridge,WNA,NCA,0.1095338660395808,0.1158888828423287,0.1700005540521379,0.1114378890026565,1.1762033333333328,0.0220584325871986,1.1628173333333336,9.534986746661328,0.17033,7.1,5.100000000000001,5.762711567736889,11.95513233006116,0.2731899847020255,0.1028719844975235,-0.170318000204502,0.170318000204502,7.961223747682733,10.49152713485848,2.5303033871757465,2.5303033871757465,2.7543234792434683,4.969572135421824,2.215248656178356,2.215248656178356,934.4202051282052,618.7291666666666,-315.6910384615386,315.6910384615386,0.429573714296412,0.5612455220231938,0.1316718077267817,0.1316718077267817,0.2938980646746185,0.2626767940245775,-0.0312212706500409,0.0312212706500409,0.1470825091117854,0.0995697692237094,-0.0475127398880759,0.0475127398880759,6.78196426151767,15.03081858212739,8.24885432060972,8.24885432060972,23.09020512820512,56.083333333333314,32.993128205128194,32.993128205128194,23.724938461538457,34.16208333333332,10.437144871794864,10.437144871794864,39.250704615384606,58.53818749999997,19.287482884615365,19.287482884615365,1.6554989468068897,1.7067006980768993,0.0512017512700095,0.0512017512700095,0.0,0.0,1.0,0.0267766680028436,0.0507356304037831,retrain,1.1637571102215185,0.0,0.0,True,1.1220846933623154,1.2331779466734991,1.1164610642525885,adapt,1.1220846933623154,0.0239589624009395,0.005623629109726913,retrain,1.1164610642525885
spatial_knn_ridge,WNA,NEU,-0.0487334390878677,-0.0518835797309877,0.226160595311277,0.3612235093684073,0.4950826666666661,0.0031632057640373,0.0940673333333332,12.492670100572887,0.0684866666666666,0.7999999999999989,6.0,4.352830920224582,127.06894947565732,0.2731899847020255,0.3421046353629576,0.0689146506609321,0.0689146506609321,7.961223747682733,6.448870032886587,-1.512353714796146,1.512353714796146,2.7543234792434683,2.1155132948043303,-0.6388101844391381,0.6388101844391381,934.4202051282052,645.8289596602972,-288.59124546790804,288.59124546790804,0.429573714296412,0.3633768003955634,-0.0661969139008485,0.0661969139008485,0.2938980646746185,0.2805553338745088,-0.0133427308001096,0.0133427308001096,0.1470825091117854,0.0995128420832286,-0.0475696670285567,0.0475696670285567,6.78196426151767,4.159081780752651,-2.6228824807650195,2.6228824807650195,23.09020512820512,13.465817409766448,-9.624387718438673,9.624387718438673,23.724938461538457,18.62093630573248,-5.104002155805976,5.104002155805976,39.250704615384606,30.73014692144373,-8.520557693940876,8.520557693940876,1.6554989468068897,1.6639993521933627,0.008500405386473,0.008500405386473,0.0,0.0,1.0,0.0228960020648561,0.0504082143483349,retrain,2.3075413031578065,0.0518835797309877,0.0230015304148918,False,2.46303684091568,2.4222288066744806,2.46648766708374,adapt,2.46303684091568,0.027512212283478804,-0.0034508261680601393,deploy,2.4222288066744806
spatial_knn_ridge,WNA,NWN,0.00303931542433,0.0210679730430976,0.1286080795672765,0.1876266341437067,0.4181583333333339,0.0003390018143138,0.3365669999999996,18.842000067647007,0.0053199999999999,1.5,6.299999999999997,4.228118597879599,24.772908795692988,0.2731899847020255,0.2785900849393239,0.0054001002372984,0.0054001002372984,7.961223747682733,7.260695173095203,-0.7005285745875298,0.7005285745875298,2.7543234792434683,2.6677455388637004,-0.0865779403797679,0.0865779403797679,934.4202051282052,938.5775956284152,4.157390500209999,4.157390500209999,0.429573714296412,0.4608008032662643,0.0312270889698523,0.0312270889698523,0.2938980646746185,0.2662126818999085,-0.02768538277471,0.02768538277471,0.1470825091117854,0.1568075500848776,0.0097250409730922,0.0097250409730922,6.78196426151767,5.861973518724925,-0.919990742792745,0.919990742792745,23.09020512820512,19.06967213114753,-4.02053299705759,4.02053299705759,23.724938461538457,22.29953551912568,-1.4254029424127772,1.4254029424127772,39.250704615384606,37.55597267759563,-1.694731937788973,1.694731937788973,1.6554989468068897,1.6943305976016485,0.0388316507947588,0.0388316507947588,0.0,0.0,1.0,0.0192996909477608,-0.0309589259623099,adapt,2.541861884906644,0.0180286576187675,0.0071433632871777,False,2.5274730806793677,2.5322707253075687,2.508383575032969,adapt,2.5274730806793677,-0.050258616910070705,0.019089505646398663,retrain,2.508383575032969
spatial_knn_ridge,WNA,SAU,0.0202909186694695,0.0195936980070885,0.1981207360911411,0.3053528705494534,0.5119079999999995,0.0018625305511683,0.4900173333333335,9.885639160527996,0.0487066666666666,2.5,4.899999999999999,4.537337495811759,263.3615337797457,0.2731899847020255,0.2251135958726356,-0.0480763888293898,0.0480763888293898,7.961223747682733,7.577741041097264,-0.3834827065854691,0.3834827065854691,2.7543234792434683,3.160801830704409,0.4064783514609407,0.4064783514609407,934.4202051282052,477.93219373219375,-456.4880113960115,456.4880113960115,0.429573714296412,0.3646288409592436,-0.0649448733371684,0.0649448733371684,0.2938980646746185,0.2589121709437478,-0.0349858937308706,0.0349858937308706,0.1470825091117854,0.106673368514571,-0.0404091405972143,0.0404091405972143,6.78196426151767,6.636155047751923,-0.1458092137657471,0.1458092137657471,23.09020512820512,20.68717948717948,-2.403025641025639,2.403025641025639,23.724938461538457,23.68501424501424,-0.0399242165242164,0.0399242165242164,39.250704615384606,44.18354985754985,4.932845242165243,4.932845242165243,1.6554989468068897,1.870246544887621,0.2147475980807314,0.2147475980807314,0.0,0.0,1.0,0.025047367529807,0.0496516804210679,retrain,2.233030377629816,0.0006972206623809,0.0003123282294154,False,1.8260236467391335,1.8517371011935069,1.8284593691513409,adapt,1.8260236467391335,0.024604312891260898,-0.002435722412207353,adapt,1.8260236467391335
spatial_knn_ridge,WNA,WCE,-0.0260130165815355,-0.0334320803880689,0.1895615450914866,0.2854199338119119,0.4197073333333337,0.0017932946565111,0.0124793333333332,11.863394785284,0.0487566666666666,1.0999999999999996,5.600000000000001,4.672393146533508,125.2403999273524,0.2731899847020255,0.3237542919443535,0.050564307242328,0.050564307242328,7.961223747682733,6.723463276341766,-1.237760471340967,1.237760471340967,2.7543234792434683,2.2419690223348,-0.5123544569086684,0.5123544569086684,934.4202051282052,592.1126040507456,-342.3076010774596,342.3076010774596,0.429573714296412,0.362656014520309,-0.066917699776103,0.066917699776103,0.2938980646746185,0.2678747838496824,-0.0260232808249361,0.0260232808249361,0.1470825091117854,0.0929587726977534,-0.0541237364140319,0.0541237364140319,6.78196426151767,4.294581852097624,-2.4873824094200456,2.4873824094200456,23.09020512820512,13.442510572000884,-9.647694556204236,9.647694556204236,23.724938461538457,19.799445804584906,-3.9254926569535513,3.9254926569535513,39.250704615384606,33.70830558646783,-5.542399028916776,5.542399028916776,1.6554989468068897,1.713310364181826,0.0578114173749362,0.0578114173749362,0.0,0.0,1.0,0.0227345611839957,0.0520999069380115,retrain,2.14324299454689,0.0334320803880689,0.0158460078880567,False,2.379730138659477,2.359834729790688,2.386439118385315,adapt,2.379730138659477,0.029365345754015802,-0.006708979725837949,deploy,2.359834729790688
